{"type":"FeatureCollection","features":[{"type":"Feature","properties":{"NAME":"ARMSTRONG PRECINCT 01","WARD_PRECINCT":"A-01","CONGRESS":"08","SENATE":"49","HOUSE":"64","COMMISSION":"02","CO_COUNCIL":"01","TOWNSHIP":"ARMSTRONG","ChangedPrecincts":"NO","OldPrecinctName":"ARMSTRONG PRECINCT 01"},"geometry":{"type":"Polygon","coordinates":[[[-87.66637,38.168235],[-87.667192,38.168259],[-87.668654,38.168283],[-87.688379,38.168426],[-87.688376,38.16743],[-87.688391,38.166608],[-87.688423,38.166381],[-87.688448,38.166294],[-87.688523,38.166163],[-87.688533,38.162174],[-87.688504,38.15377],[-87.688515,38.153634],[-87.688581,38.14849],[-87.688602,38.147546],[-87.688605,38.145881],[-87.68868,38.141368],[-87.688697,38.140751],[-87.688716,38.139094],[-87.68874,38.137818],[-87.688764,38.135497],[-87.688808,38.133058],[-87.688831,38.130704],[-87.688853,38.129549],[-87.688888,38.126586],[-87.688923,38.124717],[-87.69678,38.12485],[-87.696911,38.117313],[-87.696982,38.117173],[-87.697005,38.117055],[-87.697014,38.116958],[-87.697024,38.11653],[-87.69702,38.116351],[-87.697038,38.114302],[-87.697032,38.112338],[-87.697055,38.110234],[-87.697039,38.109314],[-87.697057,38.108864],[-87.697075,38.108656],[-87.697098,38.108582],[-87.697044,38.106577],[-87.697071,38.106278],[-87.697089,38.105162],[-87.69711,38.104464],[-87.697136,38.102465],[-87.697133,38.101929],[-87.697231,38.096618],[-87.697253,38.09651],[-87.697269,38.0951],[-87.697269,38.094416],[-87.697263,38.094378],[-87.697247,38.094342],[-87.697208,38.094294],[-87.697307,38.088852],[-87.697372,38.080309],[-87.697124,38.080295],[-87.69403,38.080313],[-87.693892,38.080305],[-87.690893,38.080315],[-87.68883,38.080344],[-87.687827,38.080344],[-87.683967,38.080312],[-87.675792,38.080434],[-87.665665,38.080482],[-87.66033,38.08045],[-87.643065,38.080497],[-87.64138,38.08053],[-87.63924,38.080535],[-87.634631,38.080415],[-87.634771,38.085318],[-87.634713,38.087778],[-87.634728,38.092934],[-87.634648,38.094818],[-87.625399,38.0948],[-87.625069,38.094818],[-87.61132,38.094546],[-87.601192,38.094418],[-87.597759,38.094387],[-87.597615,38.098108],[-87.597561,38.099119],[-87.597418,38.101336],[-87.597388,38.102277],[-87.597378,38.103223],[-87.597382,38.104611],[-87.597294,38.110596],[-87.597233,38.112707],[-87.597155,38.11769],[-87.597122,38.118816],[-87.59708,38.120842],[-87.597058,38.122901],[-87.597065,38.123094],[-87.597107,38.1234],[-87.597203,38.123733],[-87.597244,38.123912],[-87.597267,38.124145],[-87.597266,38.124513],[-87.597205,38.127448],[-87.597165,38.130773],[-87.597175,38.131012],[-87.59715,38.133331],[-87.597154,38.134463],[-87.597166,38.134979],[-87.597142,38.137626],[-87.597147,38.138312],[-87.597135,38.139074],[-87.596942,38.145489],[-87.596897,38.147402],[-87.596857,38.149937],[-87.596839,38.151873],[-87.596782,38.155051],[-87.596755,38.157901],[-87.596719,38.159548],[-87.596708,38.162638],[-87.596684,38.165192],[-87.596688,38.166655],[-87.596677,38.16714],[-87.596687,38.167462],[-87.597705,38.167476],[-87.599655,38.167486],[-87.604326,38.16754],[-87.610505,38.167537],[-87.611832,38.167515],[-87.613976,38.167524],[-87.615138,38.167517],[-87.620703,38.16765],[-87.626328,38.167759],[-87.633742,38.167869],[-87.636323,38.167898],[-87.638324,38.167933],[-87.640408,38.16795],[-87.643017,38.167999],[-87.650239,38.168111],[-87.651401,38.168126],[-87.652248,38.168123],[-87.654397,38.168232],[-87.654696,38.168201],[-87.663779,38.168347],[-87.66637,38.168235]]]}},{"type":"Feature","properties":{"NAME":"CENTER PRECINCT 01","WARD_PRECINCT":"C-01","CONGRESS":"08","SENATE":"50","HOUSE":"78","COMMISSION":"02","CO_COUNCIL":"02","TOWNSHIP":"CENTER","ChangedPrecincts":"NO","OldPrecinctName":"CENTER PRECINCT 01"},"geometry":{"type":"MultiPolygon","coordinates":[[[[-87.509719,38.044323],[-87.509612,38.048615],[-87.509584,38.049407],[-87.51244,38.049423],[-87.51259,38.049284],[-87.51263,38.046216],[-87.513474,38.046231],[-87.513543,38.042544],[-87.514244,38.04255],[-87.514264,38.040539],[-87.514335,38.04042],[-87.514358,38.040274],[-87.514378,38.039363],[-87.514374,38.038626],[-87.514402,38.037997],[-87.514505,38.036812],[-87.514515,38.036787],[-87.514535,38.036767],[-87.514587,38.036737],[-87.514663,38.036726],[-87.515597,38.036711],[-87.516791,38.036726],[-87.516821,38.03531],[-87.519078,38.035365],[-87.523221,38.035417],[-87.526504,38.035505],[-87.526607,38.035436],[-87.52678,38.035443],[-87.527415,38.034963],[-87.52789,38.03449],[-87.528156,38.03416],[-87.528446,38.034277],[-87.528905,38.033587],[-87.528967,38.03356],[-87.529696,38.032444],[-87.530024,38.031975],[-87.532193,38.028679],[-87.53248,38.028261],[-87.532532,38.028199],[-87.532635,38.027983],[-87.532421,38.028004],[-87.532179,38.028013],[-87.528637,38.027953],[-87.527299,38.027944],[-87.523374,38.027951],[-87.519363,38.027935],[-87.517453,38.027908],[-87.516728,38.027905],[-87.512386,38.027831],[-87.510842,38.027795],[-87.510167,38.02777],[-87.510056,38.031523],[-87.509883,38.036215],[-87.509877,38.036461],[-87.509885,38.036819],[-87.509839,38.038806],[-87.509763,38.042946],[-87.509719,38.044323]]],[[[-87.539109,38.050186],[-87.539472,38.050222],[-87.53988,38.050243],[-87.542519,38.05029],[-87.543158,38.050282],[-87.543523,38.050263],[-87.544343,38.050193],[-87.543661,38.048244],[-87.543141,38.046708],[-87.542793,38.045644],[-87.542319,38.044147],[-87.542092,38.043464],[-87.541603,38.042034],[-87.540868,38.039982],[-87.539664,38.040414],[-87.54009,38.041342],[-87.539453,38.041575],[-87.538483,38.041949],[-87.53844,38.044267],[-87.537107,38.044229],[-87.53698,38.049286],[-87.538656,38.050017],[-87.539877,38.050182],[-87.539075,38.050173],[-87.539109,38.050186]]]]}},{"type":"Feature","properties":{"NAME":"CENTER PRECINCT 02","WARD_PRECINCT":"C-02","CONGRESS":"08","SENATE":"49","HOUSE":"76","COMMISSION":"02","CO_COUNCIL":"01","TOWNSHIP":"CENTER","ChangedPrecincts":"NO","OldPrecinctName":"CENTER PRECINCT 02"},"geometry":{"type":"Polygon","coordinates":[[[-87.595443,38.036771],[-87.598107,38.036823],[-87.598976,38.036823],[-87.599153,38.031842],[-87.599193,38.030538],[-87.599229,38.029678],[-87.599296,38.02706],[-87.599323,38.026881],[-87.599346,38.026459],[-87.599345,38.026256],[-87.599362,38.02587],[-87.598171,38.02588],[-87.594714,38.025829],[-87.591491,38.025801],[-87.589584,38.025763],[-87.587765,38.025747],[-87.588272,38.036695],[-87.588571,38.036685],[-87.593816,38.036766],[-87.595443,38.036771]]]}},{"type":"Feature","properties":{"NAME":"CENTER PRECINCT 03","WARD_PRECINCT":"C-03","CONGRESS":"08","SENATE":"49","HOUSE":"78","COMMISSION":"02","CO_COUNCIL":"02","TOWNSHIP":"CENTER","ChangedPrecincts":"NO","OldPrecinctName":"CENTER PRECINCT 03"},"geometry":{"type":"Polygon","coordinates":[[[-87.547651,38.05762],[-87.549276,38.057656],[-87.550621,38.057674],[-87.55186,38.057709],[-87.553596,38.057724],[-87.553749,38.057733],[-87.556163,38.057777],[-87.557084,38.05778],[-87.559569,38.057839],[-87.561557,38.057867],[-87.56234,38.056065],[-87.562789,38.055002],[-87.56294,38.054515],[-87.563008,38.054217],[-87.563068,38.053824],[-87.563184,38.052787],[-87.563202,38.052547],[-87.56316,38.051884],[-87.563056,38.050638],[-87.562342,38.050623],[-87.562313,38.050584],[-87.562258,38.050452],[-87.562188,38.050375],[-87.562147,38.050309],[-87.562119,38.05021],[-87.562077,38.050172],[-87.562063,38.050133],[-87.561883,38.049968],[-87.561785,38.049848],[-87.561646,38.049738],[-87.561618,38.049683],[-87.56134,38.049331],[-87.561201,38.049166],[-87.561132,38.0491],[-87.561104,38.049034],[-87.56107,38.04899],[-87.56091,38.048826],[-87.560882,38.04876],[-87.560757,38.048617],[-87.560715,38.048584],[-87.560674,38.048507],[-87.560646,38.048474],[-87.560465,38.048293],[-87.560423,38.04821],[-87.559895,38.047573],[-87.559833,38.047474],[-87.559486,38.0471],[-87.55943,38.047056],[-87.55943,38.047013],[-87.559374,38.046914],[-87.559222,38.046738],[-87.559249,38.046699],[-87.559305,38.04665],[-87.559305,38.046543],[-87.558569,38.046562],[-87.555454,38.04628],[-87.554645,38.045878],[-87.554274,38.045674],[-87.554178,38.045446],[-87.554145,38.044037],[-87.55383,38.043514],[-87.553497,38.04337],[-87.5527,38.043383],[-87.552338,38.043574],[-87.552302,38.043534],[-87.552114,38.043369],[-87.552052,38.043293],[-87.551705,38.042985],[-87.551691,38.042941],[-87.551663,38.042908],[-87.551649,38.042875],[-87.55151,38.042743],[-87.551413,38.042666],[-87.551079,38.042622],[-87.550982,38.042633],[-87.550815,38.042787],[-87.55069,38.042886],[-87.550649,38.042886],[-87.550593,38.042858],[-87.550357,38.042666],[-87.550232,38.042589],[-87.550149,38.042424],[-87.550107,38.04238],[-87.550093,38.042314],[-87.550024,38.042237],[-87.549801,38.042062],[-87.549482,38.042073],[-87.549329,38.042062],[-87.549239,38.041996],[-87.549134,38.042029],[-87.549065,38.042072],[-87.548988,38.042083],[-87.548926,38.042127],[-87.548669,38.042193],[-87.548384,38.04216],[-87.547828,38.042006],[-87.547696,38.04194],[-87.547627,38.041919],[-87.547502,38.041853],[-87.547405,38.04182],[-87.54737,38.041798],[-87.546738,38.041622],[-87.546654,38.041578],[-87.546481,38.041556],[-87.546321,38.041479],[-87.546085,38.041424],[-87.545987,38.04138],[-87.545626,38.041281],[-87.545056,38.041237],[-87.544529,38.041182],[-87.544362,38.041105],[-87.544042,38.041017],[-87.543632,38.040984],[-87.543299,38.040934],[-87.54307,38.040885],[-87.543028,38.040857],[-87.543,38.040759],[-87.542959,38.040682],[-87.542854,38.04055],[-87.542667,38.040374],[-87.542597,38.040319],[-87.54257,38.040253],[-87.542535,38.040209],[-87.542411,38.040101],[-87.541636,38.040671],[-87.541205,38.040916],[-87.541603,38.042034],[-87.542092,38.043464],[-87.542319,38.044147],[-87.542793,38.045644],[-87.543141,38.046708],[-87.543661,38.048244],[-87.544343,38.050193],[-87.544713,38.051214],[-87.546984,38.057616],[-87.547082,38.057614],[-87.547418,38.057636],[-87.547651,38.05762]]]}},{"type":"Feature","properties":{"NAME":"CENTER PRECINCT 04","WARD_PRECINCT":"C-04","CONGRESS":"08","SENATE":"50","HOUSE":"78","COMMISSION":"02","CO_COUNCIL":"02","TOWNSHIP":"CENTER","ChangedPrecincts":"NO","OldPrecinctName":"CENTER PRECINCT 04"},"geometry":{"type":"Polygon","coordinates":[[[-87.509561,38.049819],[-87.509584,38.049407],[-87.509612,38.048615],[-87.509672,38.046058],[-87.509763,38.042946],[-87.509839,38.038806],[-87.509885,38.036819],[-87.509877,38.036461],[-87.509883,38.036215],[-87.510056,38.031523],[-87.510105,38.02991],[-87.510023,38.029886],[-87.509843,38.029798],[-87.509551,38.0296],[-87.509315,38.029381],[-87.509287,38.029315],[-87.509045,38.029007],[-87.508941,38.028908],[-87.508941,38.028875],[-87.508899,38.028842],[-87.508871,38.028743],[-87.508802,38.028666],[-87.508538,38.028468],[-87.508135,38.028281],[-87.507927,38.028215],[-87.507885,38.028182],[-87.507635,38.028116],[-87.507344,38.027984],[-87.507163,38.027874],[-87.507121,38.027874],[-87.507038,38.02783],[-87.506413,38.027654],[-87.506205,38.027555],[-87.506094,38.027522],[-87.506052,38.027489],[-87.505913,38.027456],[-87.505635,38.027291],[-87.505552,38.02728],[-87.505399,38.027203],[-87.505219,38.027093],[-87.505177,38.027093],[-87.504997,38.027005],[-87.504941,38.026994],[-87.504858,38.026939],[-87.504774,38.026928],[-87.504483,38.026785],[-87.504288,38.026757],[-87.504108,38.026664],[-87.503844,38.026603],[-87.503178,38.026087],[-87.503136,38.026087],[-87.502942,38.02601],[-87.502844,38.025988],[-87.502483,38.025779],[-87.502414,38.025756],[-87.501983,38.02546],[-87.501615,38.025372],[-87.5014,38.025229],[-87.501192,38.025129],[-87.501046,38.025041],[-87.500664,38.024964],[-87.500622,38.024964],[-87.500379,38.025008],[-87.500345,38.025041],[-87.500018,38.025068],[-87.499957,38.02504],[-87.499804,38.025018],[-87.499665,38.024974],[-87.49954,38.024909],[-87.499443,38.024887],[-87.499387,38.024854],[-87.499262,38.024832],[-87.499082,38.024821],[-87.499012,38.024876],[-87.498943,38.024953],[-87.498888,38.025112],[-87.498756,38.025426],[-87.498492,38.025629],[-87.498284,38.025816],[-87.498242,38.025871],[-87.498229,38.025948],[-87.498271,38.026497],[-87.498201,38.02664],[-87.498021,38.026772],[-87.497896,38.026805],[-87.497736,38.026882],[-87.497556,38.026926],[-87.497431,38.027014],[-87.497278,38.027168],[-87.49725,38.027234],[-87.497084,38.027388],[-87.496834,38.02741],[-87.496709,38.027399],[-87.496625,38.027355],[-87.496361,38.027394],[-87.496084,38.027575],[-87.495917,38.027603],[-87.495833,38.027593],[-87.495722,38.027559],[-87.495667,38.027526],[-87.495597,38.027504],[-87.495389,38.027361],[-87.495347,38.02735],[-87.494972,38.027361],[-87.494875,38.027351],[-87.494805,38.027307],[-87.494708,38.02723],[-87.494666,38.027103],[-87.494611,38.026873],[-87.494555,38.026818],[-87.494402,38.026697],[-87.494228,38.026725],[-87.493902,38.026807],[-87.493666,38.026763],[-87.493374,38.026763],[-87.493208,38.026895],[-87.493138,38.026939],[-87.493069,38.026961],[-87.493013,38.02695],[-87.49286,38.026852],[-87.492642,38.026641],[-87.492288,38.026989],[-87.492211,38.027078],[-87.492192,38.027087],[-87.492188,38.027105],[-87.491945,38.027387],[-87.491441,38.027603],[-87.490892,38.027922],[-87.490235,38.028241],[-87.489621,38.028517],[-87.489206,38.028685],[-87.488626,38.028842],[-87.487796,38.029097],[-87.487273,38.029228],[-87.486482,38.029286],[-87.486039,38.029254],[-87.485427,38.029098],[-87.484933,38.028823],[-87.484412,38.028346],[-87.484099,38.028001],[-87.48394,38.027775],[-87.483639,38.027097],[-87.48315,38.026736],[-87.482484,38.026418],[-87.481731,38.026139],[-87.481059,38.025915],[-87.480637,38.025853],[-87.480303,38.025876],[-87.480079,38.025979],[-87.479815,38.02613],[-87.47952,38.026392],[-87.479316,38.026619],[-87.479215,38.026906],[-87.479072,38.027731],[-87.479037,38.028236],[-87.479066,38.028928],[-87.479096,38.02927],[-87.479176,38.029923],[-87.479091,38.030159],[-87.478789,38.030344],[-87.478527,38.030387],[-87.47812,38.030404],[-87.477248,38.030418],[-87.476901,38.030446],[-87.476475,38.030525],[-87.476211,38.030599],[-87.475866,38.030711],[-87.475623,38.030849],[-87.475516,38.030995],[-87.47548,38.03125],[-87.475484,38.031444],[-87.475646,38.032272],[-87.475589,38.03255],[-87.475374,38.032863],[-87.47516,38.033116],[-87.474902,38.033262],[-87.474642,38.033293],[-87.474426,38.033213],[-87.474035,38.033022],[-87.473721,38.032823],[-87.473358,38.032713],[-87.473155,38.032603],[-87.472625,38.032579],[-87.472155,38.03262],[-87.471718,38.032685],[-87.471395,38.032828],[-87.470958,38.03306],[-87.470711,38.033288],[-87.470611,38.033592],[-87.47059,38.034182],[-87.470679,38.034553],[-87.470708,38.034809],[-87.470693,38.03503],[-87.472988,38.034951],[-87.473016,38.035142],[-87.472975,38.036188],[-87.473165,38.039414],[-87.473205,38.042031],[-87.47322,38.042032],[-87.473222,38.04233],[-87.473169,38.04392],[-87.473138,38.044508],[-87.473037,38.049431],[-87.477799,38.049431],[-87.480845,38.049419],[-87.485476,38.049482],[-87.49279,38.049612],[-87.49594,38.049642],[-87.496475,38.049653],[-87.498902,38.049669],[-87.501128,38.049701],[-87.504946,38.04965],[-87.509561,38.049819]]]}},{"type":"Feature","properties":{"NAME":"CENTER PRECINCT 05","WARD_PRECINCT":"C-05","CONGRESS":"08","SENATE":"50","HOUSE":"78","COMMISSION":"02","CO_COUNCIL":"02","TOWNSHIP":"CENTER","ChangedPrecincts":"NO","OldPrecinctName":"CENTER PRECINCT 05"},"geometry":{"type":"MultiPolygon","coordinates":[[[[-87.530102,38.050552],[-87.531205,38.050575],[-87.531229,38.050061],[-87.530377,38.050047],[-87.530182,38.050036],[-87.530102,38.050552]]],[[[-87.528095,38.054053],[-87.527997,38.054235],[-87.527842,38.054593],[-87.527758,38.054825],[-87.527662,38.05521],[-87.527626,38.055467],[-87.52756,38.056454],[-87.527558,38.05664],[-87.527585,38.056851],[-87.527643,38.057052],[-87.527673,38.057125],[-87.527751,38.057266],[-87.527924,38.057539],[-87.52824,38.058015],[-87.528334,38.058223],[-87.528373,38.058392],[-87.528371,38.058507],[-87.528354,38.058651],[-87.528317,38.058777],[-87.527868,38.05992],[-87.527559,38.060863],[-87.527471,38.061059],[-87.527425,38.061129],[-87.527355,38.061219],[-87.527215,38.061362],[-87.527126,38.06144],[-87.526113,38.062246],[-87.525909,38.062419],[-87.525656,38.062664],[-87.525373,38.062999],[-87.525081,38.063386],[-87.525008,38.063495],[-87.524931,38.063642],[-87.524874,38.063831],[-87.524861,38.063954],[-87.524862,38.064043],[-87.524874,38.064119],[-87.524937,38.064324],[-87.525019,38.064507],[-87.525542,38.065562],[-87.525659,38.065871],[-87.5257,38.066038],[-87.525732,38.066233],[-87.525767,38.066661],[-87.525774,38.067],[-87.525769,38.067072],[-87.525742,38.067207],[-87.525717,38.067305],[-87.525663,38.067453],[-87.525597,38.067577],[-87.525539,38.067664],[-87.525395,38.067844],[-87.525156,38.068051],[-87.523515,38.069182],[-87.523388,38.069256],[-87.520375,38.071312],[-87.52007,38.071555],[-87.519888,38.071743],[-87.519818,38.071828],[-87.51966,38.072055],[-87.519013,38.073091],[-87.51878,38.073481],[-87.51862,38.073777],[-87.5184,38.074253],[-87.516408,38.07877],[-87.535909,38.079036],[-87.537591,38.079049],[-87.541609,38.07912],[-87.542749,38.079133],[-87.544543,38.079173],[-87.546768,38.079235],[-87.548176,38.079284],[-87.550578,38.07935],[-87.554129,38.079476],[-87.554496,38.079472],[-87.554734,38.079435],[-87.548157,38.060932],[-87.544713,38.051214],[-87.544343,38.050193],[-87.543523,38.050263],[-87.543158,38.050282],[-87.542519,38.05029],[-87.53988,38.050243],[-87.539472,38.050222],[-87.539109,38.050186],[-87.539034,38.050166],[-87.538385,38.050159],[-87.538294,38.050133],[-87.53775,38.05012],[-87.537745,38.0503],[-87.536955,38.0503],[-87.536955,38.050214],[-87.536519,38.050208],[-87.536475,38.051585],[-87.536935,38.051585],[-87.536902,38.05379],[-87.535161,38.053779],[-87.534829,38.053788],[-87.534217,38.053786],[-87.533068,38.05376],[-87.531548,38.053709],[-87.531554,38.052985],[-87.530963,38.052954],[-87.530987,38.05181],[-87.529689,38.051764],[-87.528241,38.053813],[-87.528095,38.054053]]]]}},{"type":"Feature","properties":{"NAME":"CENTER PRECINCT 06","WARD_PRECINCT":"C-06","CONGRESS":"08","SENATE":"49","HOUSE":"78","COMMISSION":"02","CO_COUNCIL":"02","TOWNSHIP":"CENTER","ChangedPrecincts":"NO","OldPrecinctName":"CENTER PRECINCT 06"},"geometry":{"type":"Polygon","coordinates":[[[-87.562771,38.037607],[-87.562626,38.037769],[-87.562502,38.037926],[-87.562386,38.038101],[-87.562296,38.038261],[-87.562194,38.038502],[-87.562126,38.038717],[-87.562091,38.038879],[-87.562051,38.03918],[-87.562029,38.039451],[-87.562021,38.039662],[-87.562022,38.039789],[-87.562131,38.04103],[-87.562195,38.041368],[-87.562603,38.04316],[-87.562663,38.043444],[-87.562727,38.043841],[-87.562737,38.04407],[-87.562731,38.044309],[-87.562667,38.044845],[-87.562526,38.045852],[-87.562631,38.045875],[-87.562673,38.045896],[-87.562715,38.045926],[-87.562785,38.046],[-87.562978,38.046247],[-87.563266,38.046644],[-87.563563,38.04708],[-87.563807,38.047414],[-87.564145,38.047839],[-87.564325,38.048048],[-87.564538,38.048265],[-87.565381,38.04907],[-87.565523,38.049185],[-87.565661,38.049277],[-87.56576,38.049332],[-87.565957,38.049418],[-87.566203,38.049505],[-87.566526,38.049602],[-87.567585,38.049867],[-87.567999,38.049995],[-87.568547,38.050224],[-87.569071,38.050473],[-87.569266,38.050554],[-87.569483,38.050628],[-87.569654,38.050668],[-87.569902,38.050689],[-87.571134,38.050691],[-87.571396,38.050701],[-87.571587,38.050723],[-87.571634,38.050739],[-87.571714,38.050772],[-87.571771,38.050814],[-87.571855,38.050889],[-87.57194,38.050993],[-87.572306,38.051509],[-87.572727,38.052175],[-87.572775,38.052237],[-87.572886,38.052339],[-87.572995,38.052397],[-87.573205,38.052457],[-87.574359,38.052552],[-87.574477,38.052567],[-87.574583,38.052608],[-87.574662,38.05254],[-87.574794,38.052454],[-87.577755,38.050721],[-87.578163,38.050463],[-87.57829,38.05034],[-87.578326,38.050293],[-87.578377,38.050197],[-87.578406,38.050109],[-87.578413,38.05006],[-87.5784,38.049905],[-87.578366,38.049812],[-87.578326,38.049741],[-87.578259,38.049641],[-87.578074,38.049436],[-87.577713,38.049079],[-87.577117,38.048465],[-87.576856,38.048174],[-87.576752,38.048036],[-87.576618,38.047834],[-87.575343,38.045708],[-87.575137,38.045424],[-87.574359,38.044437],[-87.574233,38.044223],[-87.574189,38.044119],[-87.574147,38.043973],[-87.574129,38.043814],[-87.574128,38.043728],[-87.57414,38.043577],[-87.574263,38.042754],[-87.574272,38.042544],[-87.574263,38.042391],[-87.574162,38.041868],[-87.574017,38.041232],[-87.571805,38.041172],[-87.571831,38.03986],[-87.569006,38.039789],[-87.56902,38.03757],[-87.569713,38.037845],[-87.570479,38.037213],[-87.570111,38.036994],[-87.569269,38.036517],[-87.568964,38.036353],[-87.568739,38.036245],[-87.568566,38.036178],[-87.568325,38.036133],[-87.568159,38.036121],[-87.567392,38.036091],[-87.566288,38.036032],[-87.565705,38.035984],[-87.565266,38.035938],[-87.564868,38.035886],[-87.564609,38.035843],[-87.564369,38.035778],[-87.564214,38.035725],[-87.564119,38.03589],[-87.563945,38.036274],[-87.563774,38.03662],[-87.563636,38.03683],[-87.563584,38.036897],[-87.563477,38.037003],[-87.56306,38.037348],[-87.562771,38.037607]]]}},{"type":"Feature","properties":{"NAME":"CENTER PRECINCT 07","WARD_PRECINCT":"C-07","CONGRESS":"08","SENATE":"49","HOUSE":"78","COMMISSION":"02","CO_COUNCIL":"02","TOWNSHIP":"CENTER","ChangedPrecincts":"NO","OldPrecinctName":"CENTER PRECINCT 07"},"geometry":{"type":"Polygon","coordinates":[[[-87.574579,38.079623],[-87.576247,38.079633],[-87.579393,38.079695],[-87.57915,38.079494],[-87.57869,38.079177],[-87.576345,38.077676],[-87.575928,38.0774],[-87.575828,38.077323],[-87.57566,38.07717],[-87.575514,38.076999],[-87.575409,38.07683],[-87.575328,38.076645],[-87.575279,38.076449],[-87.575262,38.076317],[-87.575259,38.076219],[-87.575295,38.075888],[-87.575553,38.07459],[-87.575593,38.074409],[-87.575632,38.074279],[-87.575724,38.074044],[-87.57583,38.073828],[-87.576616,38.072471],[-87.57689,38.071959],[-87.576996,38.071716],[-87.577067,38.071522],[-87.577253,38.070958],[-87.577376,38.070543],[-87.577408,38.070297],[-87.57741,38.070207],[-87.577406,38.070098],[-87.57739,38.069976],[-87.577358,38.069835],[-87.577316,38.069696],[-87.577018,38.06887],[-87.576657,38.067914],[-87.5766,38.067716],[-87.576592,38.067643],[-87.576596,38.0675],[-87.576606,38.067429],[-87.576649,38.067271],[-87.576682,38.067194],[-87.57675,38.06708],[-87.576971,38.066826],[-87.577421,38.066378],[-87.577565,38.066173],[-87.577618,38.066054],[-87.577659,38.065933],[-87.57769,38.065796],[-87.577849,38.064704],[-87.577932,38.064192],[-87.577954,38.063942],[-87.577949,38.063639],[-87.577935,38.063492],[-87.577876,38.063214],[-87.577484,38.06189],[-87.577423,38.06172],[-87.577353,38.061587],[-87.577273,38.061465],[-87.577161,38.061322],[-87.576988,38.06115],[-87.576888,38.061066],[-87.576358,38.060687],[-87.576212,38.060569],[-87.57602,38.060381],[-87.575881,38.060197],[-87.575834,38.060121],[-87.575728,38.059911],[-87.575659,38.059715],[-87.575632,38.059615],[-87.575178,38.05722],[-87.574849,38.055616],[-87.574381,38.053436],[-87.574338,38.053198],[-87.574336,38.053092],[-87.57435,38.053001],[-87.5744,38.052864],[-87.574446,38.052779],[-87.57452,38.052674],[-87.574583,38.052608],[-87.574477,38.052567],[-87.574359,38.052552],[-87.573205,38.052457],[-87.572995,38.052397],[-87.572886,38.052339],[-87.572775,38.052237],[-87.572727,38.052175],[-87.572306,38.051509],[-87.57194,38.050993],[-87.571855,38.050889],[-87.571771,38.050814],[-87.571714,38.050772],[-87.571634,38.050739],[-87.571587,38.050723],[-87.571396,38.050701],[-87.571134,38.050691],[-87.569902,38.050689],[-87.569654,38.050668],[-87.569483,38.050628],[-87.569266,38.050554],[-87.569071,38.050473],[-87.568547,38.050224],[-87.567999,38.049995],[-87.567585,38.049867],[-87.566526,38.049602],[-87.566203,38.049505],[-87.565957,38.049418],[-87.56576,38.049332],[-87.565661,38.049277],[-87.565523,38.049185],[-87.565295,38.048994],[-87.564538,38.048265],[-87.564325,38.048048],[-87.564145,38.047839],[-87.563807,38.047414],[-87.563563,38.04708],[-87.563266,38.046644],[-87.562978,38.046247],[-87.562785,38.046],[-87.562715,38.045926],[-87.562673,38.045896],[-87.562631,38.045875],[-87.562526,38.045852],[-87.562365,38.046949],[-87.562325,38.047278],[-87.562323,38.047525],[-87.562342,38.047697],[-87.562362,38.047788],[-87.562428,38.048],[-87.562729,38.048803],[-87.562878,38.049255],[-87.562934,38.049479],[-87.56297,38.049727],[-87.563028,38.050306],[-87.56316,38.051884],[-87.563202,38.052547],[-87.563184,38.052787],[-87.563068,38.053824],[-87.563032,38.054084],[-87.56294,38.054515],[-87.562789,38.055002],[-87.56234,38.056065],[-87.561557,38.057867],[-87.560836,38.059725],[-87.560561,38.060414],[-87.560449,38.060716],[-87.560408,38.060878],[-87.560393,38.061018],[-87.560391,38.061078],[-87.560403,38.061207],[-87.560441,38.061369],[-87.560766,38.062211],[-87.560807,38.062332],[-87.560882,38.062607],[-87.561007,38.063144],[-87.561063,38.063448],[-87.561093,38.063773],[-87.561097,38.064112],[-87.56109,38.064335],[-87.560834,38.067188],[-87.560777,38.067746],[-87.560746,38.067954],[-87.560669,38.068365],[-87.560634,38.068612],[-87.560507,38.07122],[-87.560402,38.07383],[-87.56041,38.07402],[-87.560429,38.074168],[-87.560463,38.074324],[-87.560928,38.075533],[-87.561003,38.075761],[-87.561044,38.076015],[-87.561086,38.078443],[-87.561083,38.07878],[-87.561055,38.079245],[-87.561012,38.079525],[-87.563636,38.079543],[-87.570375,38.079647],[-87.574579,38.079623]]]}},{"type":"Feature","properties":{"NAME":"CENTER PRECINCT 08","WARD_PRECINCT":"C-08","CONGRESS":"08","SENATE":"49","HOUSE":"78","COMMISSION":"02","CO_COUNCIL":"02","TOWNSHIP":"CENTER","ChangedPrecincts":"NO","OldPrecinctName":"CENTER PRECINCT 08"},"geometry":{"type":"Polygon","coordinates":[[[-87.588263,38.079842],[-87.588662,38.079889],[-87.588759,38.07989],[-87.588758,38.079976],[-87.598037,38.080058],[-87.598072,38.078687],[-87.598157,38.072706],[-87.598256,38.070092],[-87.598308,38.067725],[-87.598366,38.065793],[-87.598372,38.065208],[-87.598401,38.064103],[-87.598424,38.062884],[-87.598482,38.058587],[-87.598656,38.049579],[-87.598668,38.048209],[-87.598704,38.046901],[-87.598823,38.041359],[-87.598976,38.036823],[-87.598107,38.036823],[-87.595443,38.036771],[-87.593816,38.036766],[-87.588571,38.036685],[-87.588193,38.036698],[-87.587788,38.036695],[-87.58465,38.036628],[-87.583109,38.036622],[-87.582587,38.036607],[-87.582424,38.036589],[-87.582311,38.036554],[-87.582261,38.03652],[-87.58222,38.036469],[-87.582204,38.036415],[-87.582171,38.036053],[-87.582148,38.035966],[-87.582063,38.036021],[-87.581865,38.036095],[-87.581081,38.03636],[-87.580408,38.036612],[-87.579603,38.036948],[-87.579408,38.037043],[-87.579288,38.037112],[-87.579195,38.03718],[-87.578954,38.037397],[-87.577534,38.038888],[-87.577464,38.038951],[-87.57736,38.039021],[-87.577209,38.039086],[-87.575621,38.039533],[-87.574453,38.039851],[-87.574231,38.039906],[-87.574033,38.039936],[-87.573732,38.039962],[-87.573825,38.040344],[-87.574162,38.041868],[-87.574263,38.042391],[-87.574272,38.042544],[-87.574263,38.042754],[-87.57414,38.043577],[-87.574128,38.043728],[-87.574129,38.043814],[-87.574147,38.043973],[-87.574189,38.044119],[-87.574233,38.044223],[-87.574359,38.044437],[-87.575137,38.045424],[-87.575343,38.045708],[-87.576618,38.047834],[-87.576752,38.048036],[-87.576856,38.048174],[-87.577117,38.048465],[-87.577713,38.049079],[-87.578074,38.049436],[-87.578259,38.049641],[-87.578366,38.049812],[-87.5784,38.049905],[-87.578411,38.049983],[-87.578413,38.05006],[-87.578406,38.050109],[-87.578357,38.050242],[-87.57829,38.05034],[-87.578163,38.050463],[-87.577755,38.050721],[-87.57656,38.051415],[-87.574794,38.052454],[-87.574662,38.05254],[-87.57452,38.052674],[-87.574446,38.052779],[-87.5744,38.052864],[-87.57435,38.053001],[-87.574336,38.053092],[-87.574338,38.053198],[-87.574381,38.053436],[-87.574849,38.055616],[-87.575178,38.05722],[-87.575632,38.059615],[-87.575659,38.059715],[-87.575728,38.059911],[-87.575834,38.060121],[-87.575881,38.060197],[-87.57602,38.060381],[-87.576212,38.060569],[-87.576358,38.060687],[-87.576888,38.061066],[-87.576988,38.06115],[-87.577161,38.061322],[-87.577273,38.061465],[-87.577353,38.061587],[-87.577423,38.06172],[-87.577484,38.06189],[-87.577876,38.063214],[-87.577935,38.063492],[-87.577949,38.063639],[-87.577954,38.063942],[-87.577932,38.064192],[-87.577849,38.064704],[-87.57769,38.065796],[-87.577659,38.065933],[-87.577618,38.066054],[-87.577565,38.066173],[-87.577421,38.066378],[-87.576971,38.066826],[-87.57675,38.06708],[-87.576682,38.067194],[-87.576649,38.067271],[-87.576606,38.067429],[-87.576596,38.0675],[-87.576592,38.067643],[-87.5766,38.067716],[-87.576657,38.067914],[-87.577018,38.06887],[-87.577316,38.069696],[-87.577358,38.069835],[-87.57739,38.069976],[-87.577406,38.070098],[-87.57741,38.070207],[-87.577408,38.070297],[-87.577376,38.070543],[-87.577253,38.070958],[-87.577067,38.071522],[-87.576996,38.071716],[-87.57689,38.071959],[-87.576616,38.072471],[-87.57583,38.073828],[-87.575724,38.074044],[-87.575632,38.074279],[-87.575593,38.074409],[-87.575553,38.07459],[-87.575295,38.075888],[-87.575269,38.076086],[-87.575259,38.076219],[-87.575262,38.076317],[-87.575279,38.076449],[-87.575328,38.076645],[-87.575409,38.07683],[-87.575514,38.076999],[-87.57566,38.07717],[-87.575752,38.077258],[-87.575928,38.0774],[-87.576345,38.077676],[-87.57869,38.079177],[-87.57915,38.079494],[-87.579393,38.079695],[-87.584375,38.079841],[-87.586494,38.079857],[-87.588263,38.079842]]]}},{"type":"Feature","properties":{"NAME":"CENTER PRECINCT 09","WARD_PRECINCT":"C-09","CONGRESS":"08","SENATE":"49","HOUSE":"76","COMMISSION":"02","CO_COUNCIL":"01","TOWNSHIP":"CENTER","ChangedPrecincts":"NO","OldPrecinctName":"CENTER PRECINCT 09"},"geometry":{"type":"Polygon","coordinates":[[[-87.586937,38.007636],[-87.587765,38.025747],[-87.589584,38.025763],[-87.591491,38.025801],[-87.594714,38.025829],[-87.598171,38.02588],[-87.599362,38.02587],[-87.599461,38.022254],[-87.599453,38.021969],[-87.599458,38.021571],[-87.599482,38.020709],[-87.59946,38.020541],[-87.599489,38.020248],[-87.59951,38.019862],[-87.599651,38.015116],[-87.59987,38.008923],[-87.599926,38.006981],[-87.599964,38.004494],[-87.599997,38.003311],[-87.599466,38.003229],[-87.599376,38.00319],[-87.598501,38.003091],[-87.598265,38.003124],[-87.598015,38.003333],[-87.597987,38.003388],[-87.59796,38.003707],[-87.598016,38.003773],[-87.598134,38.003861],[-87.598196,38.003894],[-87.598502,38.003927],[-87.598654,38.004047],[-87.598613,38.004267],[-87.598557,38.004322],[-87.598377,38.00446],[-87.598252,38.004498],[-87.597516,38.004531],[-87.597127,38.004839],[-87.597044,38.004839],[-87.596974,38.004828],[-87.596919,38.004795],[-87.596752,38.004729],[-87.596544,38.004707],[-87.596204,38.004746],[-87.59603,38.004729],[-87.595891,38.004642],[-87.595835,38.00451],[-87.595822,38.004444],[-87.595794,38.004411],[-87.595488,38.004169],[-87.595335,38.004169],[-87.595224,38.004257],[-87.595169,38.004895],[-87.595114,38.004955],[-87.594878,38.00512],[-87.59453,38.005147],[-87.594461,38.005208],[-87.594503,38.005351],[-87.594544,38.005384],[-87.594558,38.005428],[-87.594656,38.005537],[-87.594684,38.005647],[-87.5946,38.005713],[-87.59435,38.005691],[-87.594239,38.005658],[-87.59392,38.005494],[-87.593795,38.005417],[-87.5936,38.005362],[-87.593315,38.005389],[-87.593267,38.005406],[-87.5931,38.005439],[-87.592739,38.005648],[-87.5926,38.00567],[-87.592517,38.005626],[-87.592447,38.005571],[-87.59242,38.005461],[-87.59242,38.005373],[-87.592572,38.005219],[-87.592621,38.005088],[-87.5926,38.004813],[-87.592572,38.004725],[-87.592419,38.004604],[-87.592086,38.004582],[-87.591975,38.00456],[-87.591822,38.004461],[-87.591767,38.004396],[-87.591711,38.004187],[-87.591725,38.004077],[-87.591836,38.003879],[-87.591857,38.00361],[-87.591641,38.002956],[-87.591572,38.002703],[-87.591544,38.002637],[-87.590863,38.002094],[-87.590849,38.002055],[-87.590821,38.002022],[-87.590613,38.001835],[-87.590016,38.001363],[-87.590016,38.001319],[-87.590043,38.001286],[-87.590328,38.001077],[-87.590488,38.001],[-87.590626,38.000912],[-87.590696,38.000901],[-87.590765,38.000857],[-87.591043,38.000791],[-87.59114,38.000736],[-87.591265,38.000637],[-87.591279,38.000605],[-87.591279,38.000561],[-87.591251,38.000506],[-87.591182,38.000418],[-87.591084,38.000324],[-87.591029,38.00022],[-87.591029,38.000176],[-87.588802,38.000128],[-87.587522,38.003316],[-87.587353,38.003817],[-87.587263,38.004137],[-87.587181,38.004472],[-87.587118,38.004788],[-87.587059,38.005181],[-87.587014,38.005602],[-87.58699,38.006177],[-87.586989,38.006405],[-87.587041,38.007636],[-87.586937,38.007636]]]}},{"type":"Feature","properties":{"NAME":"CENTER PRECINCT 10","WARD_PRECINCT":"C-10","CONGRESS":"08","SENATE":"49","HOUSE":"78","COMMISSION":"02","CO_COUNCIL":"02","TOWNSHIP":"CENTER","ChangedPrecincts":"NO","OldPrecinctName":"CENTER PRECINCT 10"},"geometry":{"type":"Polygon","coordinates":[[[-87.559305,38.04665],[-87.559249,38.046699],[-87.559222,38.046738],[-87.559374,38.046914],[-87.55943,38.047013],[-87.55943,38.047056],[-87.559486,38.0471],[-87.559833,38.047474],[-87.559895,38.047573],[-87.560423,38.04821],[-87.560465,38.048293],[-87.560646,38.048474],[-87.560674,38.048507],[-87.560715,38.048584],[-87.560757,38.048617],[-87.560882,38.04876],[-87.56091,38.048826],[-87.56107,38.04899],[-87.561104,38.049034],[-87.561132,38.0491],[-87.561201,38.049166],[-87.56134,38.049331],[-87.561618,38.049683],[-87.561646,38.049738],[-87.561785,38.049848],[-87.561883,38.049968],[-87.562063,38.050133],[-87.562077,38.050172],[-87.562119,38.05021],[-87.562147,38.050309],[-87.562188,38.050375],[-87.562258,38.050452],[-87.562313,38.050584],[-87.562342,38.050623],[-87.563056,38.050638],[-87.56297,38.049727],[-87.562934,38.049479],[-87.562878,38.049255],[-87.562729,38.048803],[-87.562428,38.048],[-87.562362,38.047788],[-87.562342,38.047697],[-87.562323,38.047525],[-87.562325,38.047278],[-87.562365,38.046949],[-87.562667,38.044845],[-87.562731,38.044309],[-87.562737,38.04407],[-87.562727,38.043841],[-87.562663,38.043444],[-87.562195,38.041368],[-87.562131,38.04103],[-87.562022,38.039789],[-87.562029,38.039451],[-87.562051,38.03918],[-87.562091,38.038879],[-87.562126,38.038717],[-87.562194,38.038502],[-87.562296,38.038261],[-87.562386,38.038101],[-87.562502,38.037926],[-87.562626,38.037769],[-87.562771,38.037607],[-87.56306,38.037348],[-87.563477,38.037003],[-87.563584,38.036897],[-87.56369,38.036751],[-87.563774,38.03662],[-87.563945,38.036274],[-87.564119,38.03589],[-87.564228,38.035698],[-87.564259,38.035612],[-87.564317,38.035394],[-87.564339,38.035277],[-87.564343,38.035193],[-87.564334,38.035124],[-87.564279,38.034992],[-87.564195,38.034873],[-87.564141,38.034817],[-87.56404,38.034734],[-87.563125,38.034226],[-87.562404,38.033839],[-87.562229,38.033754],[-87.562108,38.03373],[-87.561204,38.033724],[-87.560213,38.033696],[-87.560058,38.033701],[-87.559902,38.033727],[-87.559692,38.033786],[-87.559588,38.033835],[-87.559373,38.033966],[-87.558804,38.034358],[-87.55857,38.034532],[-87.558275,38.03478],[-87.557801,38.035229],[-87.557299,38.035742],[-87.556734,38.036354],[-87.556626,38.036485],[-87.556612,38.036486],[-87.556179,38.03697],[-87.555967,38.037193],[-87.555729,38.03742],[-87.555602,38.037504],[-87.555462,38.037563],[-87.555225,38.037609],[-87.5548,38.03764],[-87.553687,38.037634],[-87.550259,38.037644],[-87.547757,38.037641],[-87.547438,38.037655],[-87.547079,38.037702],[-87.546937,38.037732],[-87.546608,38.037827],[-87.546135,38.038002],[-87.544848,38.038531],[-87.544421,38.038733],[-87.543887,38.039027],[-87.543576,38.039226],[-87.542919,38.039708],[-87.542411,38.040101],[-87.542535,38.040209],[-87.54257,38.040253],[-87.542597,38.040319],[-87.542667,38.040374],[-87.542854,38.04055],[-87.542959,38.040682],[-87.543,38.040759],[-87.543028,38.040857],[-87.54307,38.040885],[-87.543299,38.040934],[-87.543632,38.040984],[-87.544042,38.041017],[-87.544362,38.041105],[-87.544529,38.041182],[-87.545056,38.041237],[-87.545626,38.041281],[-87.545987,38.04138],[-87.546085,38.041424],[-87.546321,38.041479],[-87.546481,38.041556],[-87.546654,38.041578],[-87.546738,38.041622],[-87.54737,38.041798],[-87.547405,38.04182],[-87.547502,38.041853],[-87.547627,38.041919],[-87.547696,38.04194],[-87.547828,38.042006],[-87.548384,38.04216],[-87.548669,38.042193],[-87.548926,38.042127],[-87.548988,38.042083],[-87.549065,38.042072],[-87.549134,38.042029],[-87.549239,38.041996],[-87.549329,38.042062],[-87.549482,38.042073],[-87.549801,38.042062],[-87.550024,38.042237],[-87.550093,38.042314],[-87.550107,38.04238],[-87.550149,38.042424],[-87.550232,38.042589],[-87.550357,38.042666],[-87.550593,38.042858],[-87.550649,38.042886],[-87.55069,38.042886],[-87.550815,38.042787],[-87.550982,38.042633],[-87.551079,38.042622],[-87.551413,38.042666],[-87.55151,38.042743],[-87.551649,38.042875],[-87.551663,38.042908],[-87.551691,38.042941],[-87.551705,38.042985],[-87.552052,38.043293],[-87.552114,38.043369],[-87.552302,38.043534],[-87.552338,38.043574],[-87.5527,38.043383],[-87.553497,38.04337],[-87.55383,38.043514],[-87.554145,38.044037],[-87.554178,38.045446],[-87.554274,38.045674],[-87.554645,38.045878],[-87.555454,38.04628],[-87.558569,38.046562],[-87.559305,38.046543],[-87.559305,38.04665]]]}},{"type":"Feature","properties":{"NAME":"CENTER PRECINCT 11","WARD_PRECINCT":"C-11","CONGRESS":"08","SENATE":"50","HOUSE":"78","COMMISSION":"02","CO_COUNCIL":"02","TOWNSHIP":"CENTER","ChangedPrecincts":"NO","OldPrecinctName":"CENTER PRECINCT 11"},"geometry":{"type":"Polygon","coordinates":[[[-87.509537,38.063286],[-87.50891,38.064254],[-87.50921,38.064266],[-87.516505,38.064366],[-87.520221,38.064437],[-87.520372,38.064427],[-87.520573,38.064397],[-87.520764,38.064353],[-87.521108,38.06424],[-87.522032,38.063861],[-87.522205,38.063798],[-87.52227,38.063787],[-87.522382,38.063786],[-87.522488,38.063803],[-87.523641,38.064039],[-87.523766,38.064056],[-87.523885,38.064061],[-87.523974,38.064037],[-87.524237,38.063916],[-87.524472,38.063827],[-87.524649,38.063811],[-87.524874,38.063831],[-87.524931,38.063642],[-87.525008,38.063495],[-87.525081,38.063386],[-87.525373,38.062999],[-87.525561,38.062769],[-87.525782,38.062537],[-87.525909,38.062419],[-87.526113,38.062246],[-87.527126,38.06144],[-87.527215,38.061362],[-87.527355,38.061219],[-87.527425,38.061129],[-87.527471,38.061059],[-87.527559,38.060863],[-87.527868,38.05992],[-87.528317,38.058777],[-87.528354,38.058651],[-87.528371,38.058507],[-87.528373,38.058392],[-87.528334,38.058223],[-87.528302,38.058141],[-87.52824,38.058015],[-87.527751,38.057266],[-87.527673,38.057125],[-87.527643,38.057052],[-87.527585,38.056851],[-87.527558,38.05664],[-87.52756,38.056454],[-87.527626,38.055467],[-87.527662,38.05521],[-87.527699,38.055042],[-87.527758,38.054825],[-87.527921,38.054399],[-87.527997,38.054235],[-87.528095,38.054053],[-87.528241,38.053813],[-87.529785,38.051629],[-87.52992,38.051404],[-87.529988,38.051232],[-87.530026,38.051052],[-87.530182,38.050036],[-87.52401,38.049962],[-87.523788,38.049974],[-87.523509,38.049951],[-87.520587,38.049926],[-87.520611,38.050658],[-87.519891,38.050647],[-87.519899,38.05077],[-87.519452,38.050753],[-87.519438,38.051285],[-87.518857,38.051275],[-87.518893,38.051386],[-87.518914,38.051425],[-87.519102,38.052178],[-87.519148,38.052324],[-87.51925,38.052558],[-87.519314,38.052674],[-87.519428,38.052847],[-87.519531,38.05304],[-87.51964,38.053206],[-87.518096,38.053204],[-87.518089,38.053561],[-87.518491,38.053565],[-87.518491,38.054141],[-87.520253,38.05415],[-87.520255,38.054081],[-87.520236,38.053964],[-87.519729,38.053476],[-87.519855,38.053474],[-87.519952,38.053579],[-87.520778,38.054324],[-87.520832,38.054383],[-87.520977,38.054493],[-87.521054,38.054574],[-87.521133,38.054669],[-87.521206,38.054814],[-87.521233,38.054927],[-87.521129,38.054934],[-87.515052,38.05484],[-87.511646,38.060027],[-87.509697,38.063068],[-87.509537,38.063286]]]}},{"type":"Feature","properties":{"NAME":"CENTER PRECINCT 12","WARD_PRECINCT":"C-12","CONGRESS":"08","SENATE":"50","HOUSE":"78","COMMISSION":"02","CO_COUNCIL":"04","TOWNSHIP":"CENTER","ChangedPrecincts":"NO","OldPrecinctName":"CENTER PRECINCT 12"},"geometry":{"type":"Polygon","coordinates":[[[-87.516728,38.027905],[-87.519363,38.027935],[-87.519481,38.022486],[-87.514934,38.02244],[-87.51492,38.022201],[-87.514991,38.020527],[-87.515074,38.019169],[-87.51505,38.015116],[-87.512744,38.015073],[-87.512745,38.014719],[-87.510483,38.014689],[-87.51051,38.015161],[-87.510509,38.015361],[-87.51049,38.015625],[-87.510446,38.018232],[-87.510442,38.019056],[-87.510418,38.020511],[-87.510167,38.02777],[-87.510842,38.027795],[-87.512386,38.027831],[-87.516728,38.027905]]]}},{"type":"Feature","properties":{"NAME":"CENTER PRECINCT 13","WARD_PRECINCT":"C-13","CONGRESS":"08","SENATE":"50","HOUSE":"78","COMMISSION":"02","CO_COUNCIL":"04","TOWNSHIP":"CENTER","ChangedPrecincts":"NO","OldPrecinctName":"CENTER PRECINCT 13"},"geometry":{"type":"Polygon","coordinates":[[[-87.500664,38.024964],[-87.501046,38.025041],[-87.501192,38.025129],[-87.5014,38.025229],[-87.501615,38.025372],[-87.501983,38.02546],[-87.502414,38.025756],[-87.502483,38.025779],[-87.502844,38.025988],[-87.502942,38.02601],[-87.503136,38.026087],[-87.503178,38.026087],[-87.503844,38.026603],[-87.504108,38.026664],[-87.504288,38.026757],[-87.504483,38.026785],[-87.504774,38.026928],[-87.504858,38.026939],[-87.504941,38.026994],[-87.504997,38.027005],[-87.505177,38.027093],[-87.505219,38.027093],[-87.505399,38.027203],[-87.505552,38.02728],[-87.505635,38.027291],[-87.505913,38.027456],[-87.506052,38.027489],[-87.506094,38.027522],[-87.506205,38.027555],[-87.506413,38.027654],[-87.507038,38.02783],[-87.507121,38.027874],[-87.507163,38.027874],[-87.507344,38.027984],[-87.507635,38.028116],[-87.507885,38.028182],[-87.507927,38.028215],[-87.508135,38.028281],[-87.508538,38.028468],[-87.508802,38.028666],[-87.508871,38.028743],[-87.508899,38.028842],[-87.508941,38.028875],[-87.508941,38.028908],[-87.509045,38.029007],[-87.509287,38.029315],[-87.509315,38.029381],[-87.509551,38.0296],[-87.509843,38.029798],[-87.510023,38.029886],[-87.510105,38.02991],[-87.510167,38.02777],[-87.510418,38.020511],[-87.510442,38.019056],[-87.510446,38.018232],[-87.51049,38.015625],[-87.510509,38.015361],[-87.51051,38.015161],[-87.510483,38.014713],[-87.510489,38.014087],[-87.510512,38.013894],[-87.510547,38.013781],[-87.510605,38.013648],[-87.510647,38.013579],[-87.510936,38.013208],[-87.508091,38.013171],[-87.507747,38.013174],[-87.505644,38.013152],[-87.502068,38.013142],[-87.501401,38.013131],[-87.501364,38.012435],[-87.50136,38.012124],[-87.500394,38.011574],[-87.500015,38.011387],[-87.499794,38.011295],[-87.49951,38.011229],[-87.499151,38.011118],[-87.498522,38.010967],[-87.497926,38.010934],[-87.497209,38.010992],[-87.496925,38.011075],[-87.496399,38.011342],[-87.495805,38.011775],[-87.495474,38.012098],[-87.495163,38.012493],[-87.494595,38.013674],[-87.494269,38.014582],[-87.49381,38.015904],[-87.493136,38.017989],[-87.492915,38.018968],[-87.492775,38.019845],[-87.492748,38.020364],[-87.492737,38.020585],[-87.492725,38.021226],[-87.492777,38.021725],[-87.492863,38.022007],[-87.493102,38.022314],[-87.49357,38.022752],[-87.493801,38.023012],[-87.493873,38.023225],[-87.493853,38.023495],[-87.493639,38.023718],[-87.493052,38.024045],[-87.49274,38.024247],[-87.492655,38.024487],[-87.492682,38.024799],[-87.492802,38.025093],[-87.492979,38.025729],[-87.492968,38.025973],[-87.492862,38.026362],[-87.492642,38.026641],[-87.49286,38.026852],[-87.493013,38.02695],[-87.493069,38.026961],[-87.493138,38.026939],[-87.493208,38.026895],[-87.493374,38.026763],[-87.493666,38.026763],[-87.493902,38.026807],[-87.494228,38.026725],[-87.494402,38.026697],[-87.494555,38.026818],[-87.494611,38.026873],[-87.494666,38.027103],[-87.494708,38.02723],[-87.494805,38.027307],[-87.494875,38.027351],[-87.494972,38.027361],[-87.495347,38.02735],[-87.495389,38.027361],[-87.495597,38.027504],[-87.495667,38.027526],[-87.495722,38.027559],[-87.495833,38.027593],[-87.495917,38.027603],[-87.496084,38.027575],[-87.496361,38.027394],[-87.496625,38.027355],[-87.496709,38.027399],[-87.496834,38.02741],[-87.497084,38.027388],[-87.49725,38.027234],[-87.497278,38.027168],[-87.497431,38.027014],[-87.497556,38.026926],[-87.497736,38.026882],[-87.497896,38.026805],[-87.498021,38.026772],[-87.498201,38.02664],[-87.498271,38.026497],[-87.498229,38.025948],[-87.498242,38.025871],[-87.498284,38.025816],[-87.498492,38.025629],[-87.498756,38.025426],[-87.498888,38.025112],[-87.498943,38.024953],[-87.499012,38.024876],[-87.499082,38.024821],[-87.499262,38.024832],[-87.499387,38.024854],[-87.499443,38.024887],[-87.49954,38.024909],[-87.499665,38.024974],[-87.499804,38.025018],[-87.499957,38.02504],[-87.500018,38.025068],[-87.500345,38.025041],[-87.500379,38.025008],[-87.500622,38.024964],[-87.500664,38.024964]]]}},{"type":"Feature","properties":{"NAME":"CENTER PRECINCT 14","WARD_PRECINCT":"C-14","CONGRESS":"08","SENATE":"50","HOUSE":"78","COMMISSION":"02","CO_COUNCIL":"02","TOWNSHIP":"CENTER","ChangedPrecincts":"NO","OldPrecinctName":"CENTER PRECINCT 14"},"geometry":{"type":"Polygon","coordinates":[[[-87.516408,38.07877],[-87.5184,38.074253],[-87.51862,38.073777],[-87.51878,38.073481],[-87.519013,38.073091],[-87.51966,38.072055],[-87.519818,38.071828],[-87.519888,38.071743],[-87.52007,38.071555],[-87.520375,38.071312],[-87.523388,38.069256],[-87.523515,38.069182],[-87.525156,38.068051],[-87.525395,38.067844],[-87.525539,38.067664],[-87.525597,38.067577],[-87.525663,38.067453],[-87.525717,38.067305],[-87.525769,38.067072],[-87.525774,38.067],[-87.525767,38.066661],[-87.525732,38.066233],[-87.5257,38.066038],[-87.525659,38.065871],[-87.525542,38.065562],[-87.525019,38.064507],[-87.524937,38.064324],[-87.524874,38.064119],[-87.524862,38.064043],[-87.524861,38.063954],[-87.524874,38.063831],[-87.524649,38.063811],[-87.524472,38.063827],[-87.524237,38.063916],[-87.523974,38.064037],[-87.523885,38.064061],[-87.523766,38.064056],[-87.523641,38.064039],[-87.522488,38.063803],[-87.522382,38.063786],[-87.52227,38.063787],[-87.522205,38.063798],[-87.522032,38.063861],[-87.521108,38.06424],[-87.520764,38.064353],[-87.520573,38.064397],[-87.520372,38.064427],[-87.520221,38.064437],[-87.516505,38.064366],[-87.50921,38.064266],[-87.50891,38.064254],[-87.508486,38.064921],[-87.506442,38.068031],[-87.506229,38.068343],[-87.499533,38.078505],[-87.500816,38.07852],[-87.508807,38.078652],[-87.510807,38.078701],[-87.515066,38.078771],[-87.515072,38.078729],[-87.516408,38.07877]]]}},{"type":"Feature","properties":{"NAME":"CENTER PRECINCT 15","WARD_PRECINCT":"C-15","CONGRESS":"08","SENATE":"49","HOUSE":"78","COMMISSION":"02","CO_COUNCIL":"02","TOWNSHIP":"CENTER","ChangedPrecincts":"NO","OldPrecinctName":"CENTER PRECINCT 15"},"geometry":{"type":"Polygon","coordinates":[[[-87.555844,38.079492],[-87.561012,38.079525],[-87.561055,38.079245],[-87.561083,38.07878],[-87.561086,38.078443],[-87.56106,38.076661],[-87.561044,38.076015],[-87.561034,38.07593],[-87.561003,38.075761],[-87.560928,38.075533],[-87.560463,38.074324],[-87.560429,38.074168],[-87.56041,38.07402],[-87.560402,38.07383],[-87.560507,38.07122],[-87.560634,38.068612],[-87.560669,38.068365],[-87.560746,38.067954],[-87.560777,38.067746],[-87.560834,38.067188],[-87.56109,38.064335],[-87.561097,38.064112],[-87.561093,38.063773],[-87.561063,38.063448],[-87.561007,38.063144],[-87.560882,38.062607],[-87.560807,38.062332],[-87.560766,38.062211],[-87.560441,38.061369],[-87.560403,38.061207],[-87.560391,38.061078],[-87.560408,38.060878],[-87.560449,38.060716],[-87.560561,38.060414],[-87.560836,38.059725],[-87.561557,38.057867],[-87.559569,38.057839],[-87.557084,38.05778],[-87.556163,38.057777],[-87.553749,38.057733],[-87.553596,38.057724],[-87.55186,38.057709],[-87.550621,38.057674],[-87.549276,38.057656],[-87.547819,38.05762],[-87.547651,38.05762],[-87.547418,38.057636],[-87.547082,38.057614],[-87.546984,38.057616],[-87.550953,38.068804],[-87.551423,38.070111],[-87.552904,38.0743],[-87.554768,38.07953],[-87.554932,38.079497],[-87.555063,38.079454],[-87.555094,38.07954],[-87.555259,38.079519],[-87.555859,38.079529],[-87.555844,38.079492]]]}},{"type":"Feature","properties":{"NAME":"CENTER PRECINCT 16","WARD_PRECINCT":"C-16","CONGRESS":"08","SENATE":"50","HOUSE":"78","COMMISSION":"02","CO_COUNCIL":"02","TOWNSHIP":"CENTER","ChangedPrecincts":"NO","OldPrecinctName":"CENTER PRECINCT 16"},"geometry":{"type":"Polygon","coordinates":[[[-87.508525,38.064261],[-87.50891,38.064254],[-87.509537,38.063286],[-87.509697,38.063068],[-87.511646,38.060027],[-87.512365,38.058923],[-87.515052,38.05484],[-87.514865,38.054838],[-87.513367,38.057101],[-87.50887,38.057025],[-87.507071,38.057006],[-87.50709,38.056073],[-87.504859,38.056055],[-87.504918,38.054456],[-87.504939,38.053355],[-87.504946,38.04965],[-87.501128,38.049701],[-87.498902,38.049669],[-87.496475,38.049653],[-87.491452,38.049592],[-87.491441,38.05002],[-87.491414,38.052422],[-87.491418,38.05265],[-87.491387,38.054986],[-87.491386,38.055868],[-87.491348,38.059165],[-87.491283,38.063895],[-87.498494,38.064127],[-87.501764,38.064185],[-87.502717,38.064185],[-87.50557,38.064222],[-87.506861,38.064247],[-87.508525,38.064261]]]}},{"type":"Feature","properties":{"NAME":"CENTER PRECINCT 17","WARD_PRECINCT":"C-17","CONGRESS":"08","SENATE":"50","HOUSE":"78","COMMISSION":"02","CO_COUNCIL":"02","TOWNSHIP":"CENTER","ChangedPrecincts":"NO","OldPrecinctName":"CENTER PRECINCT 17"},"geometry":{"type":"Polygon","coordinates":[[[-87.485292,38.078354],[-87.499533,38.078505],[-87.506229,38.068343],[-87.506442,38.068031],[-87.508486,38.064921],[-87.50891,38.064254],[-87.508742,38.064262],[-87.506948,38.064248],[-87.50557,38.064222],[-87.502717,38.064185],[-87.501764,38.064185],[-87.498494,38.064127],[-87.491283,38.063895],[-87.491348,38.059165],[-87.491386,38.055868],[-87.491387,38.054986],[-87.491418,38.05265],[-87.491414,38.052422],[-87.491441,38.05002],[-87.491452,38.049592],[-87.485476,38.049482],[-87.480845,38.049419],[-87.477799,38.049431],[-87.473037,38.049431],[-87.47293,38.06231],[-87.472937,38.063286],[-87.47296,38.064321],[-87.472553,38.075083],[-87.472504,38.078169],[-87.473738,38.078204],[-87.484682,38.078344],[-87.485184,38.07832],[-87.485292,38.078354]]]}},{"type":"Feature","properties":{"NAME":"GERMAN PRECINCT 01","WARD_PRECINCT":"G-01","CONGRESS":"08","SENATE":"49","HOUSE":"76","COMMISSION":"02","CO_COUNCIL":"01","TOWNSHIP":"GERMAN","ChangedPrecincts":"NO","OldPrecinctName":"GERMAN PRECINCT 01"},"geometry":{"type":"Polygon","coordinates":[[[-87.623773,38.037074],[-87.626262,38.037083],[-87.628308,38.03706],[-87.629098,38.037066],[-87.631218,38.037046],[-87.632556,38.037041],[-87.633433,38.037046],[-87.634432,38.037039],[-87.634754,38.03702],[-87.634891,38.036997],[-87.635033,38.03696],[-87.635461,38.036812],[-87.635568,38.036785],[-87.636144,38.036696],[-87.636414,38.036644],[-87.637217,38.036465],[-87.637285,38.036456],[-87.637416,38.036456],[-87.637484,38.036468],[-87.63756,38.036489],[-87.637769,38.036587],[-87.637873,38.036611],[-87.637963,38.036619],[-87.638056,38.036614],[-87.63819,38.036589],[-87.638561,38.036449],[-87.639808,38.035927],[-87.64098,38.035451],[-87.641122,38.035403],[-87.641071,38.035133],[-87.640973,38.034431],[-87.640857,38.033511],[-87.640837,38.033227],[-87.640835,38.033007],[-87.640843,38.032776],[-87.640867,38.032533],[-87.640929,38.032169],[-87.641022,38.031822],[-87.641069,38.031682],[-87.641196,38.031366],[-87.641544,38.030603],[-87.641609,38.030424],[-87.641631,38.030342],[-87.641721,38.029852],[-87.642009,38.028116],[-87.642031,38.027917],[-87.642035,38.027719],[-87.642017,38.027542],[-87.641985,38.027379],[-87.64193,38.027201],[-87.641751,38.026762],[-87.641607,38.026448],[-87.641553,38.026353],[-87.641439,38.026196],[-87.641316,38.026069],[-87.641169,38.02594],[-87.640786,38.025665],[-87.639685,38.024916],[-87.639395,38.024687],[-87.639214,38.024522],[-87.638942,38.02422],[-87.638807,38.024044],[-87.638673,38.023846],[-87.638497,38.023511],[-87.638395,38.023253],[-87.638353,38.023116],[-87.638296,38.022853],[-87.638276,38.022717],[-87.638261,38.022458],[-87.638265,38.022328],[-87.638303,38.022],[-87.638345,38.021813],[-87.638398,38.021641],[-87.63849,38.021409],[-87.638566,38.021252],[-87.638845,38.020747],[-87.638905,38.020622],[-87.638553,38.020551],[-87.638147,38.02049],[-87.637587,38.020443],[-87.635219,38.020407],[-87.634923,38.020396],[-87.634649,38.020376],[-87.634286,38.020336],[-87.634028,38.020298],[-87.633637,38.020227],[-87.63339,38.02017],[-87.632875,38.020024],[-87.632585,38.019926],[-87.632352,38.019838],[-87.631866,38.019624],[-87.631646,38.019515],[-87.631401,38.019377],[-87.62509,38.015694],[-87.625256,38.015499],[-87.619625,38.012209],[-87.619305,38.01201],[-87.618993,38.011787],[-87.618797,38.011631],[-87.618572,38.011435],[-87.618354,38.011224],[-87.61806,38.010894],[-87.617951,38.010758],[-87.617741,38.010461],[-87.617583,38.010205],[-87.617443,38.009941],[-87.616654,38.008168],[-87.616513,38.007897],[-87.616188,38.007892],[-87.615673,38.00786],[-87.615465,38.007873],[-87.615208,38.00787],[-87.614788,38.007856],[-87.612062,38.007805],[-87.610051,38.007789],[-87.609377,38.007771],[-87.607748,38.00775],[-87.60079,38.007664],[-87.60016,38.00767],[-87.599908,38.007659],[-87.59987,38.008923],[-87.599651,38.015116],[-87.59951,38.019862],[-87.599489,38.020248],[-87.59946,38.020541],[-87.599482,38.020709],[-87.599458,38.021571],[-87.599453,38.021969],[-87.599461,38.022254],[-87.599362,38.025912],[-87.601868,38.025968],[-87.603433,38.025989],[-87.603583,38.026011],[-87.603675,38.026044],[-87.603743,38.026094],[-87.603795,38.026156],[-87.603816,38.026206],[-87.603926,38.026657],[-87.603971,38.026751],[-87.604058,38.02687],[-87.604209,38.026986],[-87.604729,38.027242],[-87.60484,38.027309],[-87.605014,38.027449],[-87.605099,38.02755],[-87.605175,38.027683],[-87.60529,38.027939],[-87.605995,38.029599],[-87.606289,38.030247],[-87.606395,38.030427],[-87.606468,38.030532],[-87.606534,38.030611],[-87.606693,38.030767],[-87.606903,38.030942],[-87.607029,38.031033],[-87.607319,38.031208],[-87.607667,38.031377],[-87.607923,38.031484],[-87.6081,38.03154],[-87.608196,38.031562],[-87.608998,38.031718],[-87.609289,38.031801],[-87.609812,38.031985],[-87.612268,38.032931],[-87.614035,38.033589],[-87.614661,38.033838],[-87.61479,38.033906],[-87.614915,38.033987],[-87.615069,38.034119],[-87.615624,38.034741],[-87.615891,38.034993],[-87.615952,38.035037],[-87.616081,38.035105],[-87.616149,38.03513],[-87.616307,38.035169],[-87.616481,38.035193],[-87.616846,38.035207],[-87.622311,38.035261],[-87.623773,38.037074]]]}},{"type":"Feature","properties":{"NAME":"GERMAN PRECINCT 02","WARD_PRECINCT":"G-02","CONGRESS":"08","SENATE":"49","HOUSE":"76","COMMISSION":"02","CO_COUNCIL":"01","TOWNSHIP":"GERMAN","ChangedPrecincts":"NO","OldPrecinctName":"GERMAN PRECINCT 02"},"geometry":{"type":"Polygon","coordinates":[[[-87.618725,38.055746],[-87.618988,38.055755],[-87.619193,38.055781],[-87.619354,38.055815],[-87.61967,38.055907],[-87.619919,38.056006],[-87.62089,38.056486],[-87.62256,38.057368],[-87.622901,38.057562],[-87.622983,38.057616],[-87.623204,38.057789],[-87.62333,38.0579],[-87.623471,38.058038],[-87.623594,38.058182],[-87.62372,38.058363],[-87.623823,38.058545],[-87.623953,38.058807],[-87.624085,38.059048],[-87.624204,38.059216],[-87.624343,38.059366],[-87.624491,38.059492],[-87.624644,38.059596],[-87.62482,38.059691],[-87.625073,38.059792],[-87.625268,38.059847],[-87.625628,38.059911],[-87.625816,38.059926],[-87.626053,38.059932],[-87.627387,38.059931],[-87.628392,38.059942],[-87.630408,38.059948],[-87.633557,38.059976],[-87.63418,38.059986],[-87.634717,38.060004],[-87.634847,38.060017],[-87.635144,38.060071],[-87.635269,38.060103],[-87.636395,38.060476],[-87.637299,38.060744],[-87.637952,38.060922],[-87.63828,38.060995],[-87.638925,38.059106],[-87.638969,38.059],[-87.639025,38.058896],[-87.639083,38.058799],[-87.639157,38.058696],[-87.639235,38.058611],[-87.639459,38.05842],[-87.641713,38.056764],[-87.641847,38.056639],[-87.641953,38.0565],[-87.642012,38.056364],[-87.642035,38.05626],[-87.642039,38.056155],[-87.64202,38.056017],[-87.641963,38.055769],[-87.641873,38.055442],[-87.641763,38.055101],[-87.641647,38.054792],[-87.641539,38.054542],[-87.64041,38.052081],[-87.640268,38.051809],[-87.64005,38.05147],[-87.639585,38.05078],[-87.639263,38.050275],[-87.63899,38.0498],[-87.638231,38.048415],[-87.638139,38.048187],[-87.638094,38.048001],[-87.638075,38.047779],[-87.638145,38.046992],[-87.638375,38.044723],[-87.638416,38.044438],[-87.638442,38.044324],[-87.638477,38.044204],[-87.638529,38.04407],[-87.638676,38.043749],[-87.639627,38.04179],[-87.639759,38.041555],[-87.639819,38.041464],[-87.640021,38.041218],[-87.640293,38.040918],[-87.641193,38.03995],[-87.64161,38.039489],[-87.641723,38.039349],[-87.641851,38.039149],[-87.641896,38.039057],[-87.641969,38.038854],[-87.642006,38.038654],[-87.642012,38.038573],[-87.642009,38.038459],[-87.641978,38.038242],[-87.641899,38.03795],[-87.641303,38.036096],[-87.641197,38.035732],[-87.641122,38.035403],[-87.64098,38.035451],[-87.639808,38.035927],[-87.638561,38.036449],[-87.63819,38.036589],[-87.638056,38.036614],[-87.637963,38.036619],[-87.637873,38.036611],[-87.637769,38.036587],[-87.63756,38.036489],[-87.637484,38.036468],[-87.637416,38.036456],[-87.637285,38.036456],[-87.637217,38.036465],[-87.636414,38.036644],[-87.636144,38.036696],[-87.635568,38.036785],[-87.635461,38.036812],[-87.635033,38.03696],[-87.634891,38.036997],[-87.634754,38.03702],[-87.634432,38.037039],[-87.631218,38.037046],[-87.629098,38.037066],[-87.628308,38.03706],[-87.626262,38.037083],[-87.623773,38.037074],[-87.622311,38.035261],[-87.616846,38.035207],[-87.616481,38.035193],[-87.616307,38.035169],[-87.616149,38.03513],[-87.616081,38.035105],[-87.615952,38.035037],[-87.615891,38.034993],[-87.615624,38.034741],[-87.615069,38.034119],[-87.614915,38.033987],[-87.61479,38.033906],[-87.614661,38.033838],[-87.614035,38.033589],[-87.612268,38.032931],[-87.609812,38.031985],[-87.609289,38.031801],[-87.608998,38.031718],[-87.6081,38.03154],[-87.607923,38.031484],[-87.607768,38.031423],[-87.607462,38.031283],[-87.607319,38.031208],[-87.607029,38.031033],[-87.606903,38.030942],[-87.606693,38.030767],[-87.60659,38.03067],[-87.606468,38.030532],[-87.606334,38.030329],[-87.606211,38.030085],[-87.605995,38.029599],[-87.60529,38.027939],[-87.605175,38.027683],[-87.605099,38.02755],[-87.605014,38.027449],[-87.60484,38.027309],[-87.604729,38.027242],[-87.604209,38.026986],[-87.604058,38.02687],[-87.603971,38.026751],[-87.603926,38.026657],[-87.603816,38.026206],[-87.603795,38.026156],[-87.603743,38.026094],[-87.603675,38.026044],[-87.603583,38.026011],[-87.603433,38.025989],[-87.601868,38.025968],[-87.599362,38.025912],[-87.599345,38.026256],[-87.599346,38.026459],[-87.599323,38.026881],[-87.599296,38.02706],[-87.599229,38.029678],[-87.599193,38.030538],[-87.599153,38.031842],[-87.598989,38.036361],[-87.598823,38.041359],[-87.598716,38.046181],[-87.599252,38.046318],[-87.59972,38.046461],[-87.600009,38.046564],[-87.600232,38.04667],[-87.600736,38.046951],[-87.602901,38.048112],[-87.603499,38.04841],[-87.604476,38.048822],[-87.604669,38.048921],[-87.604981,38.049118],[-87.60549,38.049493],[-87.605871,38.049817],[-87.606547,38.050419],[-87.60721,38.050987],[-87.607509,38.051258],[-87.607625,38.051379],[-87.607864,38.05167],[-87.608291,38.05229],[-87.608699,38.05292],[-87.608759,38.053006],[-87.608889,38.053164],[-87.608997,38.053275],[-87.609127,38.053388],[-87.609312,38.053533],[-87.610092,38.054103],[-87.610242,38.054247],[-87.610333,38.054353],[-87.610436,38.054517],[-87.610503,38.054662],[-87.610536,38.054759],[-87.610568,38.054902],[-87.610605,38.055229],[-87.610752,38.057127],[-87.610793,38.057405],[-87.610835,38.057556],[-87.610895,38.05769],[-87.610971,38.057809],[-87.611063,38.057897],[-87.611167,38.057974],[-87.611281,38.05804],[-87.611524,38.058135],[-87.611636,38.05816],[-87.611747,38.058172],[-87.611927,38.058176],[-87.612111,38.05816],[-87.612252,38.058133],[-87.612421,38.058086],[-87.612963,38.057884],[-87.614846,38.057146],[-87.615426,38.056908],[-87.618144,38.055846],[-87.618307,38.055799],[-87.618488,38.055768],[-87.618725,38.055746]]]}},{"type":"Feature","properties":{"NAME":"GERMAN PRECINCT 03","WARD_PRECINCT":"G-03","CONGRESS":"08","SENATE":"49","HOUSE":"76","COMMISSION":"02","CO_COUNCIL":"01","TOWNSHIP":"GERMAN","ChangedPrecincts":"NO","OldPrecinctName":"GERMAN PRECINCT 03"},"geometry":{"type":"Polygon","coordinates":[[[-87.634648,38.094818],[-87.634728,38.092934],[-87.634713,38.087778],[-87.634771,38.085318],[-87.634631,38.080415],[-87.63924,38.080535],[-87.64138,38.08053],[-87.641303,38.080323],[-87.640904,38.078952],[-87.64082,38.078637],[-87.6408,38.078542],[-87.640778,38.078345],[-87.640778,38.078272],[-87.640795,38.078112],[-87.640872,38.077723],[-87.641972,38.072875],[-87.64201,38.072623],[-87.642013,38.072329],[-87.642001,38.072234],[-87.641967,38.072063],[-87.641895,38.071836],[-87.641814,38.071656],[-87.641702,38.071478],[-87.641571,38.071306],[-87.638709,38.067856],[-87.638508,38.067647],[-87.638333,38.067488],[-87.638049,38.067254],[-87.637578,38.066893],[-87.637472,38.066767],[-87.637412,38.066661],[-87.637375,38.066566],[-87.637331,38.066381],[-87.637251,38.065878],[-87.637224,38.065612],[-87.637216,38.065413],[-87.637215,38.065193],[-87.63725,38.063949],[-87.637276,38.063696],[-87.637298,38.063577],[-87.637359,38.063343],[-87.637407,38.063199],[-87.638216,38.061176],[-87.63828,38.060995],[-87.637952,38.060922],[-87.637299,38.060744],[-87.636395,38.060476],[-87.635269,38.060103],[-87.635144,38.060071],[-87.634847,38.060017],[-87.634717,38.060004],[-87.63418,38.059986],[-87.633557,38.059976],[-87.630408,38.059948],[-87.628392,38.059942],[-87.627387,38.059931],[-87.626053,38.059932],[-87.625816,38.059926],[-87.625628,38.059911],[-87.625268,38.059847],[-87.625073,38.059792],[-87.62482,38.059691],[-87.624644,38.059596],[-87.624491,38.059492],[-87.624343,38.059366],[-87.624204,38.059216],[-87.624085,38.059048],[-87.623953,38.058807],[-87.623823,38.058545],[-87.62372,38.058363],[-87.623594,38.058182],[-87.623471,38.058038],[-87.62333,38.0579],[-87.623204,38.057789],[-87.622983,38.057616],[-87.622901,38.057562],[-87.62256,38.057368],[-87.62089,38.056486],[-87.619919,38.056006],[-87.61967,38.055907],[-87.619354,38.055815],[-87.619193,38.055781],[-87.618988,38.055755],[-87.618725,38.055746],[-87.618586,38.055756],[-87.618307,38.055799],[-87.618144,38.055846],[-87.615426,38.056908],[-87.614846,38.057146],[-87.612963,38.057884],[-87.612421,38.058086],[-87.612252,38.058133],[-87.612111,38.05816],[-87.611927,38.058176],[-87.611747,38.058172],[-87.611636,38.05816],[-87.611524,38.058135],[-87.611426,38.058102],[-87.611281,38.05804],[-87.611167,38.057974],[-87.611025,38.057867],[-87.610971,38.057809],[-87.610895,38.05769],[-87.610835,38.057556],[-87.610793,38.057405],[-87.610752,38.057127],[-87.610605,38.055229],[-87.610568,38.054902],[-87.610536,38.054759],[-87.610503,38.054662],[-87.610436,38.054517],[-87.610333,38.054353],[-87.610242,38.054247],[-87.610092,38.054103],[-87.609312,38.053533],[-87.609127,38.053388],[-87.608997,38.053275],[-87.608889,38.053164],[-87.608759,38.053006],[-87.608699,38.05292],[-87.608291,38.05229],[-87.607864,38.05167],[-87.607625,38.051379],[-87.607509,38.051258],[-87.60721,38.050987],[-87.606547,38.050419],[-87.605871,38.049817],[-87.60549,38.049493],[-87.604981,38.049118],[-87.604669,38.048921],[-87.604476,38.048822],[-87.603499,38.04841],[-87.602901,38.048112],[-87.600736,38.046951],[-87.600232,38.04667],[-87.600009,38.046564],[-87.59972,38.046461],[-87.599252,38.046318],[-87.598716,38.046181],[-87.598704,38.046901],[-87.598668,38.048209],[-87.598656,38.049579],[-87.598482,38.058587],[-87.598424,38.062884],[-87.598401,38.064103],[-87.598372,38.065208],[-87.598366,38.065793],[-87.598308,38.067725],[-87.598256,38.070092],[-87.598157,38.072706],[-87.598072,38.078687],[-87.59797,38.082683],[-87.597891,38.086313],[-87.597893,38.089704],[-87.597871,38.090738],[-87.597873,38.090996],[-87.597797,38.093459],[-87.597759,38.094387],[-87.601192,38.094418],[-87.61132,38.094546],[-87.625069,38.094818],[-87.625399,38.0948],[-87.634648,38.094818]]]}},{"type":"Feature","properties":{"NAME":"GERMAN PRECINCT 04","WARD_PRECINCT":"G-04","CONGRESS":"08","SENATE":"49","HOUSE":"76","COMMISSION":"02","CO_COUNCIL":"01","TOWNSHIP":"GERMAN","ChangedPrecincts":"NO","OldPrecinctName":"GERMAN PRECINCT 04"},"geometry":{"type":"Polygon","coordinates":[[[-87.643065,38.080497],[-87.66033,38.08045],[-87.665665,38.080482],[-87.675792,38.080434],[-87.683967,38.080312],[-87.687827,38.080344],[-87.68883,38.080344],[-87.690893,38.080315],[-87.693892,38.080305],[-87.69403,38.080313],[-87.697124,38.080295],[-87.697372,38.080309],[-87.697531,38.066945],[-87.697657,38.062223],[-87.697697,38.062041],[-87.697681,38.061772],[-87.697686,38.061632],[-87.69773,38.06126],[-87.697737,38.061116],[-87.697699,38.060615],[-87.697698,38.0599],[-87.697678,38.059317],[-87.697655,38.058992],[-87.697662,38.058699],[-87.697687,38.058467],[-87.697701,38.058396],[-87.697719,38.058356],[-87.697834,38.043502],[-87.697851,38.043288],[-87.690816,38.042806],[-87.690784,38.043177],[-87.690752,38.043286],[-87.690707,38.043384],[-87.690625,38.043527],[-87.689954,38.044534],[-87.689836,38.044724],[-87.689691,38.045021],[-87.68962,38.045229],[-87.689584,38.045377],[-87.689546,38.045589],[-87.689537,38.045673],[-87.689472,38.048165],[-87.689497,38.048312],[-87.689525,38.048399],[-87.689688,38.048771],[-87.689725,38.048883],[-87.689743,38.049003],[-87.689735,38.049111],[-87.689706,38.049251],[-87.689626,38.049431],[-87.689514,38.049609],[-87.689284,38.049871],[-87.688632,38.050495],[-87.687712,38.051404],[-87.687329,38.0514],[-87.680801,38.051435],[-87.676143,38.051482],[-87.671352,38.051482],[-87.666905,38.051579],[-87.662249,38.051574],[-87.661295,38.051566],[-87.654443,38.051572],[-87.653377,38.051566],[-87.653359,38.052636],[-87.653332,38.053414],[-87.653296,38.055613],[-87.653233,38.058214],[-87.653236,38.059974],[-87.653224,38.060736],[-87.65317,38.062731],[-87.653113,38.065991],[-87.650384,38.066009],[-87.64961,38.066033],[-87.647831,38.066052],[-87.64752,38.066075],[-87.647353,38.06611],[-87.647234,38.066146],[-87.647016,38.066234],[-87.646868,38.066092],[-87.64667,38.065924],[-87.645338,38.064875],[-87.645216,38.064736],[-87.645032,38.064468],[-87.64478,38.064061],[-87.644733,38.063973],[-87.644665,38.063791],[-87.644639,38.063655],[-87.644624,38.0635],[-87.644621,38.063329],[-87.644634,38.062784],[-87.644655,38.062543],[-87.644674,38.062437],[-87.64471,38.062293],[-87.644904,38.06171],[-87.645172,38.060947],[-87.645242,38.060725],[-87.6453,38.060488],[-87.645337,38.060243],[-87.645377,38.059831],[-87.645393,38.05957],[-87.645382,38.059418],[-87.64533,38.059257],[-87.645231,38.0591],[-87.645157,38.059023],[-87.645006,38.05889],[-87.644907,38.058818],[-87.644618,38.058634],[-87.643151,38.057799],[-87.642977,38.057692],[-87.642885,38.057618],[-87.642758,38.057459],[-87.642436,38.056982],[-87.642206,38.056631],[-87.642113,38.056476],[-87.64203,38.056427],[-87.641993,38.056419],[-87.641953,38.0565],[-87.641908,38.056565],[-87.641847,38.056639],[-87.641713,38.056764],[-87.639459,38.05842],[-87.639235,38.058611],[-87.639157,38.058696],[-87.639083,38.058799],[-87.638969,38.059],[-87.638925,38.059106],[-87.638449,38.060515],[-87.638216,38.061176],[-87.637407,38.063199],[-87.637359,38.063343],[-87.637298,38.063577],[-87.637276,38.063696],[-87.63725,38.063949],[-87.637215,38.065193],[-87.637224,38.065612],[-87.637271,38.066023],[-87.637331,38.066381],[-87.637375,38.066566],[-87.637412,38.066661],[-87.637472,38.066767],[-87.637578,38.066893],[-87.637639,38.066946],[-87.638049,38.067254],[-87.638333,38.067488],[-87.638508,38.067647],[-87.638709,38.067856],[-87.638926,38.068111],[-87.641571,38.071306],[-87.641702,38.071478],[-87.641814,38.071656],[-87.641895,38.071836],[-87.641967,38.072063],[-87.642013,38.072329],[-87.64201,38.072623],[-87.641972,38.072875],[-87.640872,38.077723],[-87.640795,38.078112],[-87.640778,38.078272],[-87.640778,38.078345],[-87.6408,38.078542],[-87.64082,38.078637],[-87.640904,38.078952],[-87.641303,38.080323],[-87.64138,38.08053],[-87.643065,38.080497]]]}},{"type":"Feature","properties":{"NAME":"GERMAN PRECINCT 05","WARD_PRECINCT":"G-05","CONGRESS":"08","SENATE":"49","HOUSE":"76","COMMISSION":"02","CO_COUNCIL":"01","TOWNSHIP":"GERMAN","ChangedPrecincts":"NO","OldPrecinctName":"GERMAN PRECINCT 05"},"geometry":{"type":"Polygon","coordinates":[[[-87.671713,38.051482],[-87.673262,38.051487],[-87.676143,38.051482],[-87.680801,38.051435],[-87.687329,38.0514],[-87.687712,38.051404],[-87.688632,38.050495],[-87.689284,38.049871],[-87.689514,38.049609],[-87.689626,38.049431],[-87.689706,38.049251],[-87.689735,38.049111],[-87.689743,38.049003],[-87.689725,38.048883],[-87.689688,38.048771],[-87.689525,38.048399],[-87.689497,38.048312],[-87.689472,38.048165],[-87.689537,38.045673],[-87.689546,38.045589],[-87.689584,38.045377],[-87.68962,38.045229],[-87.689691,38.045021],[-87.689836,38.044724],[-87.689954,38.044534],[-87.690625,38.043527],[-87.690707,38.043384],[-87.690752,38.043286],[-87.690784,38.043177],[-87.690816,38.042806],[-87.697851,38.043288],[-87.697912,38.039943],[-87.697934,38.037412],[-87.697823,38.032386],[-87.697978,38.030001],[-87.698096,38.022414],[-87.698124,38.022155],[-87.698138,38.021865],[-87.698158,38.020045],[-87.698178,38.01941],[-87.69819,38.017703],[-87.698183,38.017138],[-87.698207,38.015681],[-87.698201,38.015609],[-87.698174,38.015551],[-87.698126,38.015508],[-87.698182,38.015435],[-87.698193,38.015398],[-87.698217,38.01512],[-87.698226,38.015088],[-87.698245,38.015052],[-87.69829,38.015017],[-87.698346,38.011336],[-87.698391,38.009257],[-87.698329,38.009009],[-87.698334,38.008227],[-87.698308,38.008306],[-87.698279,38.008338],[-87.69823,38.008359],[-87.698125,38.008372],[-87.693333,38.008373],[-87.689102,38.008356],[-87.688918,38.008361],[-87.686392,38.008354],[-87.683435,38.008338],[-87.681475,38.008346],[-87.673313,38.008212],[-87.67372,38.008232],[-87.673748,38.008305],[-87.673648,38.008348],[-87.672307,38.008337],[-87.672282,38.010135],[-87.672253,38.010968],[-87.672201,38.013224],[-87.672195,38.0139],[-87.67216,38.015548],[-87.670459,38.015567],[-87.669333,38.015564],[-87.658911,38.015639],[-87.657295,38.015634],[-87.656389,38.015623],[-87.653586,38.015644],[-87.652846,38.015629],[-87.650624,38.015628],[-87.650115,38.015634],[-87.649642,38.015625],[-87.649564,38.01563],[-87.649493,38.015648],[-87.649453,38.015673],[-87.649406,38.015723],[-87.64939,38.015761],[-87.649377,38.015907],[-87.64937,38.016737],[-87.649358,38.016848],[-87.649303,38.016935],[-87.649244,38.016989],[-87.64858,38.016389],[-87.648261,38.01612],[-87.648035,38.015962],[-87.647729,38.015797],[-87.647584,38.015735],[-87.647332,38.015643],[-87.64701,38.015557],[-87.646836,38.015526],[-87.646609,38.015498],[-87.646278,38.015482],[-87.64605,38.01549],[-87.645618,38.015541],[-87.640826,38.016356],[-87.640821,38.016708],[-87.640806,38.016841],[-87.640753,38.017133],[-87.640695,38.017343],[-87.640584,38.017643],[-87.640543,38.01773],[-87.640157,38.018435],[-87.640004,38.018694],[-87.639144,38.020223],[-87.639027,38.020406],[-87.638905,38.020622],[-87.639463,38.020764],[-87.639903,38.020912],[-87.640202,38.02103],[-87.640499,38.021162],[-87.640847,38.02134],[-87.641039,38.021448],[-87.665626,38.036394],[-87.666507,38.036921],[-87.667207,38.037307],[-87.667631,38.037526],[-87.667992,38.037702],[-87.668473,38.037923],[-87.668956,38.03813],[-87.66945,38.038329],[-87.670067,38.038556],[-87.670748,38.038788],[-87.670594,38.039341],[-87.670239,38.040522],[-87.669999,38.041367],[-87.669924,38.041752],[-87.669913,38.041861],[-87.669921,38.042095],[-87.669967,38.042535],[-87.670045,38.042904],[-87.670378,38.043962],[-87.670554,38.044467],[-87.67067,38.044773],[-87.671301,38.046298],[-87.671597,38.047109],[-87.671657,38.047351],[-87.671675,38.047457],[-87.671693,38.047654],[-87.671668,38.049031],[-87.671695,38.050896],[-87.671713,38.051482]]]}},{"type":"Feature","properties":{"NAME":"GERMAN PRECINCT 06","WARD_PRECINCT":"G-06","CONGRESS":"08","SENATE":"49","HOUSE":"76","COMMISSION":"02","CO_COUNCIL":"01","TOWNSHIP":"GERMAN","ChangedPrecincts":"NO","OldPrecinctName":"GERMAN PRECINCT 06"},"geometry":{"type":"Polygon","coordinates":[[[-87.62509,38.015694],[-87.631401,38.019377],[-87.631646,38.019515],[-87.631866,38.019624],[-87.632352,38.019838],[-87.632585,38.019926],[-87.632875,38.020024],[-87.63314,38.020103],[-87.633637,38.020227],[-87.634028,38.020298],[-87.634286,38.020336],[-87.634649,38.020376],[-87.634923,38.020396],[-87.635219,38.020407],[-87.637587,38.020443],[-87.638147,38.02049],[-87.638553,38.020551],[-87.638905,38.020622],[-87.639027,38.020406],[-87.639144,38.020223],[-87.640004,38.018694],[-87.640157,38.018435],[-87.640543,38.01773],[-87.640584,38.017643],[-87.640695,38.017343],[-87.640753,38.017133],[-87.640806,38.016841],[-87.640821,38.016708],[-87.640826,38.016356],[-87.645618,38.015541],[-87.64605,38.01549],[-87.646278,38.015482],[-87.646609,38.015498],[-87.646836,38.015526],[-87.647117,38.015581],[-87.647332,38.015643],[-87.647584,38.015735],[-87.647729,38.015797],[-87.648035,38.015962],[-87.648261,38.01612],[-87.64858,38.016389],[-87.649244,38.016989],[-87.649303,38.016935],[-87.649358,38.016848],[-87.64937,38.016737],[-87.649377,38.015907],[-87.64939,38.015761],[-87.649406,38.015723],[-87.649453,38.015673],[-87.649493,38.015648],[-87.649564,38.01563],[-87.649642,38.015625],[-87.650115,38.015634],[-87.650624,38.015628],[-87.652846,38.015629],[-87.653586,38.015644],[-87.656389,38.015623],[-87.657295,38.015634],[-87.658911,38.015639],[-87.669333,38.015564],[-87.670459,38.015567],[-87.67216,38.015548],[-87.672195,38.0139],[-87.672201,38.013224],[-87.672253,38.010968],[-87.672282,38.010135],[-87.672307,38.008337],[-87.668131,38.008473],[-87.666711,38.00853],[-87.654275,38.008574],[-87.654245,38.008552],[-87.654205,38.008538],[-87.654099,38.008527],[-87.650721,38.008517],[-87.650518,38.008496],[-87.646321,38.008557],[-87.645502,38.008492],[-87.644055,38.008486],[-87.642758,38.008462],[-87.642133,38.008463],[-87.640881,38.00843],[-87.640563,38.008409],[-87.64022,38.008408],[-87.639635,38.00843],[-87.639066,38.008434],[-87.638765,38.008448],[-87.638259,38.008454],[-87.637166,38.008445],[-87.636971,38.008463],[-87.636924,38.008483],[-87.633342,38.008459],[-87.633249,38.008448],[-87.633254,38.008385],[-87.626469,38.008154],[-87.626352,38.008179],[-87.626259,38.008182],[-87.625182,38.00813],[-87.622144,38.008053],[-87.620713,38.007984],[-87.620347,38.007974],[-87.620043,38.007983],[-87.619772,38.007959],[-87.619581,38.007954],[-87.618935,38.007962],[-87.618384,38.007953],[-87.617457,38.007925],[-87.617284,38.007929],[-87.616513,38.007897],[-87.616654,38.008168],[-87.617443,38.009941],[-87.617583,38.010205],[-87.617741,38.010461],[-87.617843,38.010611],[-87.61806,38.010894],[-87.618354,38.011224],[-87.618572,38.011435],[-87.618797,38.011631],[-87.618993,38.011787],[-87.619421,38.012085],[-87.625256,38.015499],[-87.62509,38.015694]]]}},{"type":"Feature","properties":{"NAME":"GERMAN PRECINCT 07","WARD_PRECINCT":"G-07","CONGRESS":"08","SENATE":"49","HOUSE":"76","COMMISSION":"02","CO_COUNCIL":"01","TOWNSHIP":"GERMAN","ChangedPrecincts":"NO","OldPrecinctName":"GERMAN PRECINCT 07"},"geometry":{"type":"Polygon","coordinates":[[[-87.646868,38.066092],[-87.647016,38.066234],[-87.647234,38.066146],[-87.647353,38.06611],[-87.64752,38.066075],[-87.647831,38.066052],[-87.64961,38.066033],[-87.650384,38.066009],[-87.653113,38.065991],[-87.65317,38.062731],[-87.653224,38.060736],[-87.653236,38.059974],[-87.653233,38.058214],[-87.653296,38.055613],[-87.653332,38.053414],[-87.653359,38.052636],[-87.653377,38.051566],[-87.654443,38.051572],[-87.661295,38.051566],[-87.662249,38.051574],[-87.666905,38.051579],[-87.669068,38.051527],[-87.670569,38.051503],[-87.671352,38.051482],[-87.671713,38.051482],[-87.671695,38.050896],[-87.671668,38.049031],[-87.671693,38.047654],[-87.671675,38.047457],[-87.671657,38.047351],[-87.671597,38.047109],[-87.671301,38.046298],[-87.67067,38.044773],[-87.670554,38.044467],[-87.670378,38.043962],[-87.670045,38.042904],[-87.669967,38.042535],[-87.669921,38.042095],[-87.669913,38.041861],[-87.669924,38.041752],[-87.669999,38.041367],[-87.670239,38.040522],[-87.670594,38.039341],[-87.670748,38.038788],[-87.670067,38.038556],[-87.66945,38.038329],[-87.668956,38.03813],[-87.668473,38.037923],[-87.667992,38.037702],[-87.667631,38.037526],[-87.667207,38.037307],[-87.666507,38.036921],[-87.665626,38.036394],[-87.641039,38.021448],[-87.640847,38.02134],[-87.640499,38.021162],[-87.640202,38.02103],[-87.639903,38.020912],[-87.639463,38.020764],[-87.638905,38.020622],[-87.638845,38.020747],[-87.638566,38.021252],[-87.63849,38.021409],[-87.638398,38.021641],[-87.638345,38.021813],[-87.638303,38.022],[-87.638265,38.022328],[-87.638261,38.022458],[-87.638276,38.022717],[-87.638296,38.022853],[-87.638353,38.023116],[-87.638395,38.023253],[-87.638497,38.023511],[-87.638673,38.023846],[-87.638807,38.024044],[-87.638942,38.02422],[-87.639214,38.024522],[-87.639395,38.024687],[-87.639685,38.024916],[-87.640786,38.025665],[-87.641169,38.02594],[-87.641316,38.026069],[-87.641439,38.026196],[-87.641553,38.026353],[-87.641607,38.026448],[-87.641751,38.026762],[-87.64193,38.027201],[-87.641985,38.027379],[-87.642017,38.027542],[-87.642035,38.027719],[-87.642031,38.027917],[-87.642009,38.028116],[-87.641721,38.029852],[-87.641631,38.030342],[-87.641609,38.030424],[-87.641544,38.030603],[-87.641196,38.031366],[-87.641069,38.031682],[-87.641022,38.031822],[-87.640929,38.032169],[-87.640867,38.032533],[-87.640843,38.032776],[-87.640835,38.033007],[-87.640837,38.033227],[-87.640857,38.033511],[-87.640973,38.034431],[-87.641071,38.035133],[-87.641122,38.035403],[-87.641197,38.035732],[-87.641303,38.036096],[-87.641899,38.03795],[-87.641978,38.038242],[-87.642009,38.038459],[-87.642012,38.038573],[-87.642006,38.038654],[-87.641969,38.038854],[-87.641936,38.038956],[-87.641851,38.039149],[-87.641723,38.039349],[-87.64161,38.039489],[-87.641193,38.03995],[-87.640021,38.041218],[-87.639892,38.041368],[-87.639759,38.041555],[-87.639627,38.04179],[-87.639298,38.042458],[-87.638676,38.043749],[-87.638529,38.04407],[-87.638477,38.044204],[-87.638442,38.044324],[-87.638416,38.044438],[-87.638375,38.044723],[-87.638081,38.047661],[-87.638075,38.047779],[-87.638094,38.048001],[-87.638139,38.048187],[-87.638231,38.048415],[-87.63899,38.0498],[-87.639263,38.050275],[-87.639585,38.05078],[-87.64005,38.05147],[-87.640268,38.051809],[-87.64041,38.052081],[-87.641539,38.054542],[-87.641647,38.054792],[-87.641763,38.055101],[-87.641873,38.055442],[-87.641963,38.055769],[-87.64202,38.056017],[-87.642039,38.056155],[-87.642035,38.05626],[-87.641993,38.056419],[-87.64203,38.056427],[-87.642113,38.056476],[-87.642206,38.056631],[-87.642436,38.056982],[-87.642758,38.057459],[-87.642885,38.057618],[-87.642977,38.057692],[-87.643151,38.057799],[-87.644618,38.058634],[-87.644907,38.058818],[-87.645006,38.05889],[-87.645157,38.059023],[-87.645231,38.0591],[-87.64533,38.059257],[-87.645382,38.059418],[-87.645393,38.05957],[-87.645377,38.059831],[-87.645337,38.060243],[-87.6453,38.060488],[-87.645242,38.060725],[-87.645172,38.060947],[-87.644904,38.06171],[-87.64471,38.062293],[-87.644655,38.062543],[-87.644634,38.062784],[-87.644621,38.063329],[-87.644624,38.0635],[-87.644639,38.063655],[-87.644665,38.063791],[-87.644733,38.063973],[-87.64478,38.064061],[-87.645032,38.064468],[-87.645216,38.064736],[-87.645338,38.064875],[-87.64667,38.065924],[-87.646868,38.066092]]]}},{"type":"Feature","properties":{"NAME":"KNIGHT PRECINCT 01","WARD_PRECINCT":"K-01","CONGRESS":"08","SENATE":"50","HOUSE":"77","COMMISSION":"01","CO_COUNCIL":"04","TOWNSHIP":"KNIGHT","ChangedPrecincts":"NO","OldPrecinctName":"KNIGHT PRECINCT 01"},"geometry":{"type":"Polygon","coordinates":[[[-87.474361,37.95482],[-87.47541,37.954824],[-87.482912,37.954931],[-87.488211,37.954982],[-87.488245,37.953337],[-87.487447,37.953328],[-87.487149,37.953013],[-87.486776,37.952646],[-87.486274,37.952641],[-87.486293,37.952016],[-87.486289,37.951789],[-87.485769,37.951783],[-87.485779,37.951265],[-87.485602,37.950944],[-87.484777,37.950356],[-87.484624,37.950206],[-87.484518,37.950274],[-87.484235,37.949996],[-87.4841,37.950082],[-87.483917,37.94988],[-87.483719,37.950009],[-87.483546,37.949838],[-87.48338,37.949943],[-87.483116,37.949696],[-87.483096,37.949653],[-87.482962,37.94975],[-87.48257,37.949365],[-87.482232,37.94958],[-87.482059,37.949505],[-87.481928,37.949365],[-87.481588,37.949175],[-87.481592,37.948674],[-87.480706,37.94867],[-87.480713,37.947741],[-87.480827,37.947742],[-87.480824,37.94856],[-87.481728,37.948565],[-87.481731,37.948857],[-87.481725,37.948981],[-87.483285,37.948988],[-87.483281,37.949466],[-87.484945,37.949491],[-87.48497,37.947763],[-87.486041,37.94777],[-87.486019,37.948649],[-87.486432,37.948656],[-87.48658,37.948656],[-87.486591,37.947775],[-87.487452,37.947781],[-87.48744,37.948605],[-87.488387,37.948615],[-87.488373,37.948271],[-87.48837,37.947787],[-87.492225,37.947809],[-87.492496,37.947793],[-87.492953,37.947797],[-87.49296,37.946912],[-87.492964,37.93919],[-87.493233,37.939164],[-87.494622,37.938948],[-87.498759,37.939569],[-87.499512,37.939532],[-87.502826,37.939146],[-87.503074,37.939162],[-87.505083,37.939384],[-87.506667,37.939528],[-87.512352,37.940002],[-87.513503,37.940013],[-87.513941,37.939997],[-87.514377,37.939968],[-87.51519,37.93987],[-87.516072,37.939711],[-87.516742,37.939535],[-87.517372,37.939341],[-87.519507,37.938654],[-87.520595,37.938315],[-87.523375,37.938269],[-87.527142,37.937598],[-87.529146,37.936194],[-87.529905,37.936102],[-87.531103,37.935987],[-87.531543,37.93598],[-87.531947,37.935929],[-87.533548,37.935818],[-87.534844,37.936095],[-87.535717,37.936328],[-87.537168,37.936796],[-87.538807,37.937413],[-87.539085,37.937532],[-87.540621,37.938147],[-87.544581,37.939975],[-87.546092,37.940735],[-87.54644,37.940843],[-87.546815,37.940848],[-87.547751,37.940836],[-87.548249,37.940851],[-87.548245,37.940514],[-87.548264,37.939714],[-87.548289,37.939619],[-87.548336,37.934772],[-87.548366,37.932975],[-87.548371,37.931911],[-87.548341,37.931543],[-87.548361,37.930489],[-87.548363,37.929166],[-87.548427,37.925201],[-87.548445,37.924541],[-87.548503,37.923887],[-87.539913,37.919964],[-87.536956,37.918727],[-87.531772,37.91631],[-87.525853,37.914471],[-87.522004,37.913315],[-87.517908,37.911089],[-87.514856,37.908965],[-87.511963,37.907004],[-87.51194,37.90698],[-87.511912,37.906925],[-87.511906,37.906837],[-87.511482,37.906485],[-87.511023,37.906199],[-87.510886,37.906155],[-87.510572,37.906088],[-87.509725,37.906035],[-87.508786,37.90626],[-87.508167,37.906482],[-87.50731,37.906501],[-87.507018,37.906591],[-87.506543,37.906684],[-87.506369,37.907042],[-87.50522,37.907271],[-87.503472,37.9079],[-87.502033,37.908623],[-87.501078,37.908992],[-87.500513,37.909274],[-87.500207,37.909483],[-87.500119,37.909519],[-87.499954,37.909517],[-87.498642,37.910172],[-87.497636,37.910706],[-87.495861,37.911827],[-87.49175,37.91503],[-87.489978,37.916318],[-87.487507,37.918089],[-87.485295,37.919992],[-87.483025,37.921817],[-87.480772,37.923588],[-87.478996,37.924736],[-87.476354,37.926536],[-87.474702,37.927507],[-87.472987,37.928478],[-87.470794,37.929618],[-87.470745,37.929653],[-87.470583,37.929738],[-87.469942,37.929804],[-87.469701,37.929887],[-87.4693,37.930084],[-87.469271,37.930271],[-87.469333,37.930671],[-87.46931,37.930688],[-87.468842,37.930874],[-87.467973,37.931638],[-87.467524,37.932],[-87.467073,37.932329],[-87.465023,37.933773],[-87.462094,37.935482],[-87.459813,37.936458],[-87.455554,37.938801],[-87.451861,37.940496],[-87.451224,37.940815],[-87.450935,37.942461],[-87.450818,37.944379],[-87.450712,37.94777],[-87.45409,37.947779],[-87.457293,37.947768],[-87.459381,37.94775],[-87.460253,37.947751],[-87.468021,37.94771],[-87.468229,37.947699],[-87.468455,37.947672],[-87.469566,37.94746],[-87.469765,37.947433],[-87.47036,37.947413],[-87.470469,37.947427],[-87.470886,37.947519],[-87.471205,37.947364],[-87.471205,37.94758],[-87.471628,37.947651],[-87.471752,37.947665],[-87.47164,37.947853],[-87.471546,37.947961],[-87.47139,37.948094],[-87.471195,37.948212],[-87.471065,37.948302],[-87.471014,37.948358],[-87.470976,37.948422],[-87.47096,37.948469],[-87.470954,37.948532],[-87.470959,37.948595],[-87.470982,37.948655],[-87.471017,37.948707],[-87.471073,37.948763],[-87.471196,37.948851],[-87.471278,37.948934],[-87.471333,37.949014],[-87.471377,37.949114],[-87.471397,37.949181],[-87.471404,37.949257],[-87.471386,37.950286],[-87.471401,37.950386],[-87.471447,37.950469],[-87.4715,37.950527],[-87.471547,37.950564],[-87.47161,37.950599],[-87.471717,37.950638],[-87.472153,37.950757],[-87.472427,37.950821],[-87.47241,37.950915],[-87.472288,37.951181],[-87.472002,37.951661],[-87.471673,37.951556],[-87.471618,37.951545],[-87.471569,37.95155],[-87.471491,37.951586],[-87.47146,37.951623],[-87.471447,37.951654],[-87.47144,37.951711],[-87.471403,37.954273],[-87.471384,37.954829],[-87.474361,37.95482]]]}},{"type":"Feature","properties":{"NAME":"KNIGHT PRECINCT 02","WARD_PRECINCT":"K-02","CONGRESS":"08","SENATE":"50","HOUSE":"78","COMMISSION":"01","CO_COUNCIL":"04","TOWNSHIP":"KNIGHT","ChangedPrecincts":"NO","OldPrecinctName":"KNIGHT PRECINCT 02"},"geometry":{"type":"Polygon","coordinates":[[[-87.451354,37.955066],[-87.451902,37.955065],[-87.452294,37.955052],[-87.454099,37.955044],[-87.454612,37.955026],[-87.455513,37.95498],[-87.45621,37.954963],[-87.459422,37.95495],[-87.460153,37.954932],[-87.461193,37.954881],[-87.461701,37.954872],[-87.471384,37.954829],[-87.471403,37.954273],[-87.47144,37.951711],[-87.471447,37.951654],[-87.47146,37.951623],[-87.471491,37.951586],[-87.471569,37.95155],[-87.471618,37.951545],[-87.471673,37.951556],[-87.472002,37.951661],[-87.472288,37.951181],[-87.47241,37.950915],[-87.472427,37.950821],[-87.472153,37.950757],[-87.471717,37.950638],[-87.47161,37.950599],[-87.471547,37.950564],[-87.4715,37.950527],[-87.471447,37.950469],[-87.471401,37.950386],[-87.471386,37.950286],[-87.471404,37.949257],[-87.471397,37.949181],[-87.471377,37.949114],[-87.471333,37.949014],[-87.471278,37.948934],[-87.471196,37.948851],[-87.471073,37.948763],[-87.471017,37.948707],[-87.470982,37.948655],[-87.470959,37.948595],[-87.470954,37.948532],[-87.47096,37.948469],[-87.470976,37.948422],[-87.471014,37.948358],[-87.471065,37.948302],[-87.471195,37.948212],[-87.47139,37.948094],[-87.471546,37.947961],[-87.47164,37.947853],[-87.471752,37.947665],[-87.471628,37.947651],[-87.471205,37.94758],[-87.471205,37.947364],[-87.470886,37.947519],[-87.470469,37.947427],[-87.47036,37.947413],[-87.469765,37.947433],[-87.469566,37.94746],[-87.468455,37.947672],[-87.468229,37.947699],[-87.468021,37.94771],[-87.460253,37.947751],[-87.459381,37.94775],[-87.457293,37.947768],[-87.45409,37.947779],[-87.450712,37.94777],[-87.450615,37.951232],[-87.450575,37.955044],[-87.450981,37.955039],[-87.451157,37.955044],[-87.451354,37.955066]]]}},{"type":"Feature","properties":{"NAME":"KNIGHT PRECINCT 03","WARD_PRECINCT":"K-03","CONGRESS":"08","SENATE":"50","HOUSE":"78","COMMISSION":"01","CO_COUNCIL":"04","TOWNSHIP":"KNIGHT","ChangedPrecincts":"NO","OldPrecinctName":"KNIGHT PRECINCT 03"},"geometry":{"type":"Polygon","coordinates":[[[-87.449872,38.035177],[-87.461225,38.034952],[-87.470206,38.035047],[-87.470693,38.03503],[-87.470708,38.034809],[-87.470679,38.034553],[-87.47059,38.034182],[-87.470611,38.033592],[-87.470711,38.033288],[-87.470958,38.03306],[-87.471395,38.032828],[-87.471718,38.032685],[-87.472155,38.03262],[-87.472648,38.03258],[-87.472636,38.032497],[-87.47279,38.032486],[-87.472934,38.032501],[-87.472334,38.028352],[-87.472181,38.027474],[-87.473359,38.027483],[-87.473433,38.027468],[-87.473486,38.027443],[-87.47354,38.027402],[-87.473569,38.027358],[-87.473594,38.027285],[-87.473601,38.02713],[-87.473593,38.026673],[-87.473589,38.02362],[-87.473598,38.020272],[-87.472207,38.020272],[-87.470729,38.020128],[-87.470431,38.020133],[-87.468942,38.012582],[-87.467719,38.012557],[-87.467134,38.01253],[-87.466729,38.012585],[-87.465721,38.012594],[-87.464465,38.012585],[-87.463622,38.012558],[-87.462815,38.012548],[-87.462421,38.012567],[-87.461932,38.01255],[-87.449562,38.012769],[-87.449577,38.01422],[-87.449615,38.020747],[-87.449815,38.027525],[-87.450032,38.030658],[-87.450001,38.03269],[-87.450033,38.033906],[-87.449936,38.034579],[-87.449872,38.035177]]]}},{"type":"Feature","properties":{"NAME":"KNIGHT PRECINCT 04","WARD_PRECINCT":"K-04","CONGRESS":"08","SENATE":"50","HOUSE":"78","COMMISSION":"01","CO_COUNCIL":"04","TOWNSHIP":"KNIGHT","ChangedPrecincts":"NO","OldPrecinctName":"KNIGHT PRECINCT 04"},"geometry":{"type":"Polygon","coordinates":[[[-87.472636,38.032497],[-87.472648,38.03258],[-87.473155,38.032603],[-87.473358,38.032713],[-87.473721,38.032823],[-87.474035,38.033022],[-87.474426,38.033213],[-87.474642,38.033293],[-87.474902,38.033262],[-87.47516,38.033116],[-87.475374,38.032863],[-87.475589,38.03255],[-87.475646,38.032272],[-87.475484,38.031444],[-87.47548,38.03125],[-87.475516,38.030995],[-87.475623,38.030849],[-87.475866,38.030711],[-87.476211,38.030599],[-87.476475,38.030525],[-87.476901,38.030446],[-87.477248,38.030418],[-87.47812,38.030404],[-87.478527,38.030387],[-87.478789,38.030344],[-87.479091,38.030159],[-87.479176,38.029923],[-87.479096,38.02927],[-87.479066,38.028928],[-87.479037,38.028236],[-87.479072,38.027731],[-87.479215,38.026906],[-87.479316,38.026619],[-87.47952,38.026392],[-87.479815,38.02613],[-87.480079,38.025979],[-87.480303,38.025876],[-87.480637,38.025853],[-87.481059,38.025915],[-87.481731,38.026139],[-87.482484,38.026418],[-87.48315,38.026736],[-87.483639,38.027097],[-87.48394,38.027775],[-87.484099,38.028001],[-87.484412,38.028346],[-87.484933,38.028823],[-87.485427,38.029098],[-87.486039,38.029254],[-87.486482,38.029286],[-87.487273,38.029228],[-87.487796,38.029097],[-87.488626,38.028842],[-87.489206,38.028685],[-87.489621,38.028517],[-87.490235,38.028241],[-87.490892,38.027922],[-87.491441,38.027603],[-87.491945,38.027387],[-87.492188,38.027105],[-87.492192,38.027087],[-87.492211,38.027078],[-87.492222,38.020353],[-87.492015,38.020345],[-87.481635,38.020382],[-87.475476,38.020365],[-87.473967,38.020368],[-87.473598,38.020376],[-87.473589,38.02362],[-87.473593,38.026673],[-87.473601,38.02713],[-87.473594,38.027285],[-87.473569,38.027358],[-87.47354,38.027402],[-87.473486,38.027443],[-87.473433,38.027468],[-87.473359,38.027483],[-87.472181,38.027474],[-87.472334,38.028352],[-87.472934,38.032501],[-87.47279,38.032486],[-87.472636,38.032497]]]}},{"type":"Feature","properties":{"NAME":"PERRY PRECINCT 01","WARD_PRECINCT":"P-01","CONGRESS":"08","SENATE":"49","HOUSE":"76","COMMISSION":"03","CO_COUNCIL":"01","TOWNSHIP":"PERRY","ChangedPrecincts":"NO","OldPrecinctName":"PERRY PRECINCT 01"},"geometry":{"type":"Polygon","coordinates":[[[-87.696453,38.008377],[-87.698125,38.008372],[-87.69823,38.008359],[-87.698279,38.008338],[-87.698308,38.008306],[-87.698334,38.008227],[-87.698339,38.006703],[-87.698347,38.006299],[-87.698344,38.005238],[-87.698351,38.005079],[-87.698344,38.004216],[-87.698401,38.003141],[-87.698401,38.002273],[-87.698441,38.000351],[-87.69845,37.998746],[-87.698479,37.997746],[-87.698502,37.996553],[-87.698518,37.995105],[-87.698577,37.995086],[-87.698543,37.994806],[-87.698533,37.994496],[-87.698572,37.993154],[-87.698567,37.993021],[-87.69858,37.992759],[-87.698592,37.991891],[-87.698622,37.99126],[-87.698649,37.990969],[-87.69869,37.990249],[-87.698702,37.989804],[-87.698708,37.989438],[-87.698698,37.988712],[-87.6987,37.988239],[-87.698777,37.986295],[-87.698783,37.986014],[-87.698778,37.985367],[-87.698803,37.984416],[-87.698801,37.983573],[-87.698857,37.98106],[-87.698883,37.98049],[-87.697393,37.98045],[-87.696678,37.980444],[-87.696338,37.980453],[-87.695591,37.980505],[-87.695229,37.980546],[-87.694903,37.980591],[-87.694388,37.980682],[-87.694122,37.980738],[-87.693642,37.980854],[-87.693111,37.98101],[-87.692549,37.981204],[-87.692203,37.98134],[-87.691546,37.981632],[-87.687804,37.983357],[-87.685845,37.983352],[-87.685309,37.983342],[-87.685061,37.983327],[-87.684817,37.983288],[-87.684505,37.98322],[-87.683221,37.98289],[-87.682079,37.982626],[-87.681901,37.982591],[-87.681874,37.982577],[-87.681646,37.982533],[-87.681389,37.9825],[-87.681146,37.982479],[-87.68073,37.982467],[-87.677826,37.982479],[-87.675388,37.98237],[-87.675147,37.98235],[-87.674898,37.982314],[-87.674482,37.982229],[-87.673947,37.982103],[-87.673789,37.982056],[-87.673618,37.981993],[-87.673439,37.981915],[-87.673306,37.981839],[-87.673142,37.981723],[-87.672851,37.981484],[-87.672753,37.981414],[-87.672627,37.981341],[-87.672485,37.98128],[-87.672267,37.981209],[-87.669198,37.980466],[-87.66853,37.980291],[-87.668073,37.980151],[-87.667697,37.980023],[-87.667501,37.979967],[-87.667294,37.979927],[-87.667002,37.979902],[-87.6668,37.979894],[-87.664169,37.979909],[-87.663791,37.979905],[-87.663782,37.980521],[-87.663758,37.981237],[-87.663752,37.981834],[-87.663708,37.98335],[-87.66371,37.983608],[-87.663724,37.983776],[-87.663756,37.983946],[-87.663791,37.984047],[-87.663869,37.984202],[-87.663998,37.98436],[-87.664787,37.985158],[-87.665982,37.986324],[-87.666136,37.986485],[-87.666259,37.986633],[-87.666371,37.986792],[-87.666469,37.986959],[-87.666516,37.98707],[-87.666535,37.987142],[-87.66654,37.987235],[-87.666532,37.987311],[-87.666486,37.987471],[-87.666194,37.988276],[-87.666158,37.988347],[-87.666081,37.988441],[-87.665998,37.988503],[-87.665846,37.988589],[-87.665676,37.988655],[-87.665506,37.988693],[-87.665038,37.988741],[-87.664923,37.988766],[-87.664816,37.988817],[-87.664757,37.988855],[-87.664647,37.988949],[-87.663929,37.989749],[-87.663832,37.989864],[-87.663722,37.99002],[-87.663635,37.990192],[-87.663584,37.990344],[-87.663557,37.990491],[-87.663546,37.990723],[-87.663546,37.991192],[-87.663564,37.992014],[-87.663556,37.992198],[-87.663532,37.99227],[-87.663487,37.992316],[-87.663428,37.99235],[-87.663358,37.992376],[-87.663264,37.992392],[-87.662617,37.992436],[-87.66284,37.992524],[-87.663121,37.992672],[-87.663414,37.992837],[-87.663606,37.992966],[-87.663693,37.99304],[-87.663841,37.993185],[-87.66399,37.993347],[-87.664147,37.993537],[-87.664462,37.993955],[-87.664651,37.994183],[-87.664737,37.99427],[-87.664897,37.994395],[-87.665341,37.994706],[-87.665899,37.995085],[-87.666135,37.995232],[-87.66652,37.995428],[-87.666965,37.995606],[-87.668011,37.996],[-87.668602,37.996209],[-87.669082,37.996402],[-87.670613,37.997082],[-87.672024,37.997696],[-87.672151,37.997742],[-87.672278,37.997774],[-87.672473,37.997806],[-87.672429,37.999506],[-87.672357,38.003074],[-87.672339,38.004993],[-87.672323,38.005589],[-87.672307,38.008337],[-87.673648,38.008348],[-87.673748,38.008305],[-87.67372,38.008232],[-87.673313,38.008212],[-87.681475,38.008346],[-87.683435,38.008338],[-87.686392,38.008354],[-87.696453,38.008377]]]}},{"type":"Feature","properties":{"NAME":"PERRY PRECINCT 02","WARD_PRECINCT":"P-02","CONGRESS":"08","SENATE":"49","HOUSE":"76","COMMISSION":"03","CO_COUNCIL":"01","TOWNSHIP":"PERRY","ChangedPrecincts":"NO","OldPrecinctName":"PERRY PRECINCT 02"},"geometry":{"type":"Polygon","coordinates":[[[-87.647092,37.990538],[-87.647113,37.990583],[-87.647211,37.99072],[-87.648007,37.991738],[-87.648071,37.991826],[-87.648212,37.992052],[-87.648388,37.992359],[-87.64872,37.993355],[-87.648813,37.993565],[-87.648911,37.993719],[-87.649123,37.993957],[-87.649136,37.993981],[-87.649312,37.99416],[-87.649527,37.994436],[-87.649625,37.994587],[-87.649694,37.994711],[-87.649863,37.995112],[-87.649921,37.995371],[-87.649935,37.995467],[-87.649945,37.995664],[-87.649923,37.996054],[-87.649909,37.996524],[-87.649868,37.998394],[-87.649837,37.999184],[-87.649823,37.999933],[-87.649779,38.000862],[-87.649779,38.000973],[-87.649787,38.001037],[-87.649805,38.001106],[-87.649839,38.001183],[-87.649891,38.001246],[-87.649928,38.001276],[-87.65,38.001315],[-87.650109,38.001348],[-87.650248,38.001361],[-87.651441,38.001365],[-87.651694,38.001378],[-87.651956,38.001421],[-87.652091,38.001468],[-87.652218,38.001541],[-87.652335,38.001641],[-87.652464,38.001777],[-87.653024,38.002409],[-87.653149,38.002562],[-87.653331,38.002837],[-87.653458,38.003105],[-87.653967,38.004388],[-87.654052,38.004578],[-87.653817,38.004739],[-87.652042,38.005723],[-87.651791,38.005883],[-87.651687,38.005963],[-87.651554,38.006088],[-87.651493,38.00616],[-87.651349,38.006379],[-87.651209,38.006665],[-87.650824,38.007656],[-87.650518,38.008496],[-87.650721,38.008517],[-87.654099,38.008527],[-87.654205,38.008538],[-87.654245,38.008552],[-87.654275,38.008574],[-87.666711,38.00853],[-87.668131,38.008473],[-87.672307,38.008337],[-87.672323,38.005589],[-87.672339,38.004993],[-87.672357,38.003074],[-87.672429,37.999506],[-87.672473,37.997806],[-87.672278,37.997774],[-87.672151,37.997742],[-87.672024,37.997696],[-87.670613,37.997082],[-87.669082,37.996402],[-87.668602,37.996209],[-87.668011,37.996],[-87.666965,37.995606],[-87.66652,37.995428],[-87.666135,37.995232],[-87.665899,37.995085],[-87.665341,37.994706],[-87.664897,37.994395],[-87.664737,37.99427],[-87.664651,37.994183],[-87.664462,37.993955],[-87.664147,37.993537],[-87.66399,37.993347],[-87.663841,37.993185],[-87.663693,37.99304],[-87.663606,37.992966],[-87.663414,37.992837],[-87.663121,37.992672],[-87.66284,37.992524],[-87.662617,37.992436],[-87.663264,37.992392],[-87.663358,37.992376],[-87.663428,37.99235],[-87.663487,37.992316],[-87.663532,37.99227],[-87.663556,37.992198],[-87.663564,37.992014],[-87.663546,37.991192],[-87.663546,37.990723],[-87.663557,37.990491],[-87.663584,37.990344],[-87.663635,37.990192],[-87.663722,37.99002],[-87.663832,37.989864],[-87.663929,37.989749],[-87.664647,37.988949],[-87.664757,37.988855],[-87.664816,37.988817],[-87.664923,37.988766],[-87.665038,37.988741],[-87.665506,37.988693],[-87.665676,37.988655],[-87.665846,37.988589],[-87.665998,37.988503],[-87.666081,37.988441],[-87.666158,37.988347],[-87.666194,37.988276],[-87.666486,37.987471],[-87.666532,37.987311],[-87.66654,37.987235],[-87.666535,37.987142],[-87.666516,37.98707],[-87.666469,37.986959],[-87.666371,37.986792],[-87.666259,37.986633],[-87.666136,37.986485],[-87.665982,37.986324],[-87.664787,37.985158],[-87.663998,37.98436],[-87.663869,37.984202],[-87.663791,37.984047],[-87.663756,37.983946],[-87.663724,37.983776],[-87.66371,37.983608],[-87.663708,37.98335],[-87.663752,37.981834],[-87.663758,37.981237],[-87.663782,37.980521],[-87.663791,37.979905],[-87.661828,37.979916],[-87.661541,37.97991],[-87.659397,37.979909],[-87.659279,37.979918],[-87.659078,37.979968],[-87.659001,37.98],[-87.658941,37.98003],[-87.658542,37.980294],[-87.658332,37.980398],[-87.658092,37.980501],[-87.657532,37.980704],[-87.657271,37.980778],[-87.657032,37.980815],[-87.656831,37.98081],[-87.656367,37.980771],[-87.655778,37.980737],[-87.65481,37.980747],[-87.654656,37.980733],[-87.654494,37.980704],[-87.654353,37.980668],[-87.653052,37.98025],[-87.652857,37.980191],[-87.652649,37.980141],[-87.652441,37.9801],[-87.652256,37.980079],[-87.652171,37.980077],[-87.651969,37.980099],[-87.651796,37.980136],[-87.65152,37.980233],[-87.65091,37.980507],[-87.650312,37.980799],[-87.650196,37.980864],[-87.648764,37.981781],[-87.64852,37.981884],[-87.648379,37.981936],[-87.648103,37.982004],[-87.647906,37.982042],[-87.646547,37.982269],[-87.6458,37.982375],[-87.64576,37.983404],[-87.645748,37.983994],[-87.645715,37.98496],[-87.645713,37.985743],[-87.645692,37.986382],[-87.645697,37.986588],[-87.645722,37.986899],[-87.645759,37.987197],[-87.64577,37.987444],[-87.645754,37.987725],[-87.645729,37.987876],[-87.645714,37.987924],[-87.645666,37.988017],[-87.645578,37.988102],[-87.645436,37.9882],[-87.644859,37.988564],[-87.64473,37.988623],[-87.644534,37.988684],[-87.643775,37.988854],[-87.643598,37.988917],[-87.643457,37.988994],[-87.6434,37.989036],[-87.643357,37.989082],[-87.643308,37.989176],[-87.64328,37.989345],[-87.643179,37.990283],[-87.643175,37.990446],[-87.644418,37.990498],[-87.64564,37.990533],[-87.646391,37.990525],[-87.647059,37.990499],[-87.647092,37.990538]]]}},{"type":"Feature","properties":{"NAME":"PERRY PRECINCT 03","WARD_PRECINCT":"P-03","CONGRESS":"08","SENATE":"49","HOUSE":"76","COMMISSION":"03","CO_COUNCIL":"01","TOWNSHIP":"PERRY","ChangedPrecincts":"NO","OldPrecinctName":"PERRY PRECINCT 03"},"geometry":{"type":"Polygon","coordinates":[[[-87.645502,38.008492],[-87.646321,38.008557],[-87.650518,38.008496],[-87.650824,38.007656],[-87.651209,38.006665],[-87.651349,38.006379],[-87.651493,38.00616],[-87.651554,38.006088],[-87.651687,38.005963],[-87.651791,38.005883],[-87.652042,38.005723],[-87.653817,38.004739],[-87.654052,38.004578],[-87.653967,38.004388],[-87.653458,38.003105],[-87.653331,38.002837],[-87.653149,38.002562],[-87.653024,38.002409],[-87.652464,38.001777],[-87.652335,38.001641],[-87.652218,38.001541],[-87.652091,38.001468],[-87.651956,38.001421],[-87.651694,38.001378],[-87.651441,38.001365],[-87.650248,38.001361],[-87.650109,38.001348],[-87.65,38.001315],[-87.649928,38.001276],[-87.649891,38.001246],[-87.649839,38.001183],[-87.649805,38.001106],[-87.649787,38.001037],[-87.649779,38.000973],[-87.649779,38.000862],[-87.649823,37.999933],[-87.649837,37.999184],[-87.649868,37.998394],[-87.649909,37.996524],[-87.649923,37.996054],[-87.649945,37.995664],[-87.649935,37.995467],[-87.649921,37.995371],[-87.649863,37.995112],[-87.649694,37.994711],[-87.649625,37.994587],[-87.649527,37.994436],[-87.649312,37.99416],[-87.649136,37.993981],[-87.649123,37.993957],[-87.648911,37.993719],[-87.648813,37.993565],[-87.64872,37.993355],[-87.648388,37.992359],[-87.648212,37.992052],[-87.648071,37.991826],[-87.648007,37.991738],[-87.647211,37.99072],[-87.647113,37.990583],[-87.647092,37.990538],[-87.647059,37.990499],[-87.646391,37.990525],[-87.64564,37.990533],[-87.644418,37.990498],[-87.643175,37.990446],[-87.643179,37.990283],[-87.64328,37.989345],[-87.643308,37.989176],[-87.643357,37.989082],[-87.6434,37.989036],[-87.643457,37.988994],[-87.643598,37.988917],[-87.643775,37.988854],[-87.644534,37.988684],[-87.64473,37.988623],[-87.644859,37.988564],[-87.645436,37.9882],[-87.645578,37.988102],[-87.645666,37.988017],[-87.645714,37.987924],[-87.645729,37.987876],[-87.645754,37.987725],[-87.64577,37.987444],[-87.645759,37.987197],[-87.645722,37.986899],[-87.645697,37.986588],[-87.645692,37.986382],[-87.645713,37.985743],[-87.645715,37.98496],[-87.645748,37.983994],[-87.64576,37.983404],[-87.6458,37.982375],[-87.644622,37.982535],[-87.644226,37.982617],[-87.643983,37.9827],[-87.643876,37.982745],[-87.643537,37.982917],[-87.643261,37.983076],[-87.642933,37.983292],[-87.642842,37.983361],[-87.642665,37.983512],[-87.641401,37.98469],[-87.641163,37.984887],[-87.641009,37.984979],[-87.640857,37.98505],[-87.640705,37.985095],[-87.640556,37.985112],[-87.640478,37.985108],[-87.640313,37.985079],[-87.640217,37.985053],[-87.63679,37.983908],[-87.636698,37.98387],[-87.636647,37.986003],[-87.636628,37.986396],[-87.636615,37.986481],[-87.636589,37.986554],[-87.636553,37.986601],[-87.636515,37.986635],[-87.636482,37.986651],[-87.636398,37.986663],[-87.63625,37.986666],[-87.63592,37.98665],[-87.635694,37.986656],[-87.635621,37.986674],[-87.635549,37.986706],[-87.635494,37.986744],[-87.635436,37.986799],[-87.635347,37.986915],[-87.635191,37.987142],[-87.635061,37.987354],[-87.634591,37.98817],[-87.634553,37.988256],[-87.634508,37.988425],[-87.634329,37.989498],[-87.633944,37.990568],[-87.633723,37.991213],[-87.633547,37.99183],[-87.633328,37.992667],[-87.63327,37.992933],[-87.633203,37.993351],[-87.633189,37.993523],[-87.6332,37.993736],[-87.633258,37.993973],[-87.63356,37.994877],[-87.633697,37.995314],[-87.633796,37.99566],[-87.633898,37.996106],[-87.633973,37.99649],[-87.634105,37.997334],[-87.634225,37.997975],[-87.634445,37.999005],[-87.63446,37.999198],[-87.634458,37.999302],[-87.634433,37.999533],[-87.63441,37.999652],[-87.634101,38.000794],[-87.63406,38.001016],[-87.633971,38.00191],[-87.633969,38.002007],[-87.633988,38.002173],[-87.634031,38.002303],[-87.634114,38.002449],[-87.634167,38.002521],[-87.634671,38.003129],[-87.635478,38.004058],[-87.635566,38.004168],[-87.635697,38.004357],[-87.635875,38.004661],[-87.635933,38.004796],[-87.635976,38.005016],[-87.635984,38.005124],[-87.635978,38.005466],[-87.635951,38.005992],[-87.635852,38.007208],[-87.635849,38.007311],[-87.635859,38.007428],[-87.635881,38.007495],[-87.635947,38.007592],[-87.636092,38.007737],[-87.636924,38.008483],[-87.636971,38.008463],[-87.637166,38.008445],[-87.638259,38.008454],[-87.638765,38.008448],[-87.639066,38.008434],[-87.639635,38.00843],[-87.64022,38.008408],[-87.640563,38.008409],[-87.640881,38.00843],[-87.642133,38.008463],[-87.642758,38.008462],[-87.644055,38.008486],[-87.645502,38.008492]]]}},{"type":"Feature","properties":{"NAME":"PERRY PRECINCT 04","WARD_PRECINCT":"P-04","CONGRESS":"08","SENATE":"49","HOUSE":"76","COMMISSION":"03","CO_COUNCIL":"01","TOWNSHIP":"PERRY","ChangedPrecincts":"NO","OldPrecinctName":"PERRY PRECINCT 04"},"geometry":{"type":"Polygon","coordinates":[[[-87.626469,38.008154],[-87.633254,38.008385],[-87.633249,38.008448],[-87.633342,38.008459],[-87.636924,38.008483],[-87.635998,38.007647],[-87.635907,38.007541],[-87.635881,38.007495],[-87.635859,38.007428],[-87.635849,38.007311],[-87.635852,38.007208],[-87.635951,38.005992],[-87.635978,38.005466],[-87.635984,38.005124],[-87.635976,38.005016],[-87.635933,38.004796],[-87.635875,38.004661],[-87.635697,38.004357],[-87.635566,38.004168],[-87.635478,38.004058],[-87.634671,38.003129],[-87.634167,38.002521],[-87.634114,38.002449],[-87.634031,38.002303],[-87.634003,38.002234],[-87.633975,38.002092],[-87.633971,38.00191],[-87.63406,38.001016],[-87.634101,38.000794],[-87.63441,37.999652],[-87.634433,37.999533],[-87.634458,37.999302],[-87.63446,37.999198],[-87.634445,37.999005],[-87.634225,37.997975],[-87.634105,37.997334],[-87.633973,37.99649],[-87.633898,37.996106],[-87.633796,37.99566],[-87.633697,37.995314],[-87.63356,37.994877],[-87.633258,37.993973],[-87.6332,37.993736],[-87.633189,37.993523],[-87.633203,37.993351],[-87.63327,37.992933],[-87.633328,37.992667],[-87.633547,37.99183],[-87.633723,37.991213],[-87.633944,37.990568],[-87.634308,37.989571],[-87.634347,37.989405],[-87.634127,37.989336],[-87.632336,37.988704],[-87.631056,37.988249],[-87.630724,37.988119],[-87.630343,37.987961],[-87.630138,37.987866],[-87.628653,37.987112],[-87.62832,37.986958],[-87.627823,37.986755],[-87.627617,37.98668],[-87.627577,37.988263],[-87.627497,37.992491],[-87.627465,37.992691],[-87.627313,37.992464],[-87.627268,37.992416],[-87.627209,37.992369],[-87.627152,37.992339],[-87.62707,37.992313],[-87.627021,37.992308],[-87.626941,37.992321],[-87.626892,37.992339],[-87.626817,37.992387],[-87.626828,37.992455],[-87.626813,37.992528],[-87.626754,37.992614],[-87.626709,37.992652],[-87.626644,37.992683],[-87.626464,37.992713],[-87.626207,37.992721],[-87.625881,37.992701],[-87.625585,37.992658],[-87.625518,37.992658],[-87.625414,37.992673],[-87.625027,37.992809],[-87.623809,37.993266],[-87.62333,37.993433],[-87.623175,37.993496],[-87.622796,37.993736],[-87.622664,37.993783],[-87.620975,37.994096],[-87.62075,37.994145],[-87.620445,37.994226],[-87.618543,37.994885],[-87.618325,37.994978],[-87.618243,37.997786],[-87.618224,37.998929],[-87.614629,37.998826],[-87.61455,37.998836],[-87.614369,37.99884],[-87.614327,37.998834],[-87.613714,37.998842],[-87.613711,37.997042],[-87.609732,37.996956],[-87.608273,37.998121],[-87.608034,37.998301],[-87.607793,37.998468],[-87.608009,37.998801],[-87.608642,37.999874],[-87.608784,38.000089],[-87.608924,38.000265],[-87.609121,38.00049],[-87.609957,38.001386],[-87.61009,38.001561],[-87.610149,38.001663],[-87.610216,38.001813],[-87.610244,38.001917],[-87.61027,38.002158],[-87.610204,38.003187],[-87.608915,38.003161],[-87.60872,38.003149],[-87.608057,38.003084],[-87.607347,38.002982],[-87.606774,38.002873],[-87.605708,38.002586],[-87.605289,38.002415],[-87.604576,38.002023],[-87.603764,38.001349],[-87.603187,38.000969],[-87.602877,38.00078],[-87.60281,38.00076],[-87.602165,38.000748],[-87.601846,38.000757],[-87.600461,38.000727],[-87.600154,38.000716],[-87.60001,38.000697],[-87.600024,38.001807],[-87.599997,38.003352],[-87.599964,38.004494],[-87.599926,38.006981],[-87.599908,38.007659],[-87.60016,38.00767],[-87.60079,38.007664],[-87.607748,38.00775],[-87.609377,38.007771],[-87.610051,38.007789],[-87.612062,38.007805],[-87.614788,38.007856],[-87.615208,38.00787],[-87.615465,38.007873],[-87.615673,38.00786],[-87.616188,38.007892],[-87.616513,38.007897],[-87.617284,38.007929],[-87.617457,38.007925],[-87.618935,38.007962],[-87.619581,38.007954],[-87.619772,38.007959],[-87.620043,38.007983],[-87.620347,38.007974],[-87.620713,38.007984],[-87.622144,38.008053],[-87.625182,38.00813],[-87.626259,38.008182],[-87.626352,38.008179],[-87.626469,38.008154]]]}},{"type":"Feature","properties":{"NAME":"PERRY PRECINCT 05","WARD_PRECINCT":"P-05","CONGRESS":"08","SENATE":"49","HOUSE":"76","COMMISSION":"03","CO_COUNCIL":"01","TOWNSHIP":"PERRY","ChangedPrecincts":"NO","OldPrecinctName":"PERRY PRECINCT 05"},"geometry":{"type":"Polygon","coordinates":[[[-87.645926,37.957119],[-87.645411,37.957268],[-87.642989,37.958039],[-87.642247,37.958293],[-87.640072,37.959005],[-87.639442,37.959177],[-87.639145,37.959248],[-87.638399,37.959408],[-87.637335,37.959592],[-87.637193,37.965055],[-87.637197,37.965415],[-87.637186,37.966795],[-87.637165,37.968015],[-87.63718,37.968175],[-87.637118,37.968556],[-87.637137,37.969354],[-87.637094,37.969971],[-87.637056,37.97208],[-87.636946,37.974312],[-87.636853,37.975038],[-87.636878,37.975088],[-87.636906,37.975187],[-87.636934,37.975449],[-87.636936,37.976409],[-87.637194,37.976368],[-87.638583,37.976092],[-87.642202,37.975411],[-87.643171,37.975218],[-87.643697,37.975105],[-87.644751,37.974861],[-87.645947,37.974556],[-87.658546,37.971203],[-87.663962,37.969775],[-87.663942,37.969379],[-87.663957,37.968695],[-87.663946,37.967413],[-87.663987,37.9647],[-87.664059,37.960869],[-87.664081,37.958894],[-87.664126,37.957552],[-87.664121,37.95738],[-87.664176,37.955888],[-87.664211,37.95452],[-87.66428,37.952693],[-87.664304,37.951789],[-87.664324,37.951545],[-87.664403,37.951117],[-87.66442,37.950962],[-87.664413,37.950802],[-87.664339,37.95046],[-87.66432,37.950401],[-87.664253,37.950287],[-87.66376,37.950552],[-87.663352,37.950752],[-87.662828,37.950987],[-87.661537,37.951536],[-87.661274,37.951668],[-87.660934,37.951884],[-87.660755,37.95202],[-87.660583,37.952178],[-87.660437,37.952335],[-87.660323,37.95247],[-87.659822,37.953124],[-87.659536,37.953482],[-87.659303,37.953731],[-87.659117,37.953903],[-87.658849,37.954119],[-87.658237,37.954555],[-87.657906,37.954773],[-87.657636,37.95494],[-87.657359,37.955092],[-87.65708,37.955227],[-87.656868,37.955315],[-87.656508,37.955438],[-87.655506,37.955737],[-87.6551,37.955884],[-87.654962,37.955942],[-87.654673,37.956075],[-87.653474,37.956691],[-87.653228,37.956796],[-87.653017,37.956869],[-87.652781,37.956935],[-87.652519,37.956991],[-87.652134,37.957041],[-87.651964,37.957052],[-87.65144,37.957055],[-87.648043,37.956948],[-87.647252,37.956934],[-87.646709,37.956971],[-87.646351,37.957027],[-87.645926,37.957119]]]}},{"type":"Feature","properties":{"NAME":"PERRY PRECINCT 06","WARD_PRECINCT":"P-06","CONGRESS":"08","SENATE":"49","HOUSE":"76","COMMISSION":"03","CO_COUNCIL":"01","TOWNSHIP":"PERRY","ChangedPrecincts":"NO","OldPrecinctName":"PERRY PRECINCT 06"},"geometry":{"type":"Polygon","coordinates":[[[-87.637431,37.95629],[-87.637385,37.957754],[-87.637367,37.958681],[-87.637335,37.959592],[-87.638399,37.959408],[-87.639145,37.959248],[-87.639442,37.959177],[-87.640072,37.959005],[-87.642247,37.958293],[-87.642989,37.958039],[-87.645411,37.957268],[-87.645926,37.957119],[-87.646351,37.957027],[-87.646709,37.956971],[-87.646993,37.956947],[-87.647401,37.956933],[-87.65144,37.957055],[-87.651822,37.957057],[-87.652134,37.957041],[-87.652393,37.957011],[-87.652781,37.956935],[-87.653017,37.956869],[-87.653228,37.956796],[-87.653474,37.956691],[-87.654673,37.956075],[-87.6551,37.955884],[-87.655506,37.955737],[-87.656508,37.955438],[-87.656868,37.955315],[-87.65708,37.955227],[-87.657359,37.955092],[-87.657636,37.95494],[-87.657906,37.954773],[-87.658237,37.954555],[-87.658849,37.954119],[-87.659117,37.953903],[-87.659303,37.953731],[-87.659536,37.953482],[-87.659822,37.953124],[-87.660323,37.95247],[-87.660583,37.952178],[-87.660755,37.95202],[-87.660934,37.951884],[-87.661168,37.951732],[-87.661274,37.951668],[-87.661537,37.951536],[-87.662828,37.950987],[-87.663352,37.950752],[-87.66376,37.950552],[-87.664456,37.950177],[-87.665145,37.949785],[-87.66545,37.949627],[-87.665705,37.949517],[-87.665904,37.949449],[-87.66611,37.949394],[-87.666309,37.949357],[-87.666581,37.949323],[-87.666853,37.949304],[-87.667043,37.949306],[-87.667296,37.949322],[-87.670933,37.949738],[-87.671271,37.949768],[-87.671743,37.949771],[-87.67194,37.949758],[-87.672197,37.949728],[-87.672458,37.949681],[-87.672698,37.949623],[-87.672943,37.949549],[-87.673173,37.949466],[-87.673373,37.949379],[-87.673579,37.949274],[-87.673811,37.949145],[-87.673975,37.949042],[-87.674217,37.94887],[-87.674468,37.948668],[-87.674642,37.948507],[-87.674862,37.948283],[-87.675454,37.948629],[-87.676327,37.949111],[-87.67695,37.949443],[-87.677147,37.949539],[-87.677293,37.949597],[-87.677493,37.949658],[-87.677612,37.949685],[-87.677845,37.949706],[-87.677973,37.949698],[-87.678091,37.949679],[-87.678228,37.949641],[-87.678639,37.949475],[-87.678727,37.949453],[-87.678953,37.949426],[-87.680828,37.949378],[-87.683419,37.949296],[-87.686908,37.949217],[-87.687904,37.949205],[-87.69011,37.949145],[-87.692201,37.949108],[-87.693534,37.9491],[-87.694339,37.949086],[-87.699401,37.948973],[-87.69941,37.948519],[-87.699444,37.948071],[-87.699446,37.947594],[-87.699464,37.947365],[-87.699465,37.947159],[-87.699438,37.946852],[-87.69943,37.946502],[-87.699445,37.946151],[-87.699483,37.945803],[-87.699491,37.945655],[-87.699489,37.945518],[-87.699458,37.945224],[-87.699454,37.945077],[-87.699478,37.944838],[-87.699511,37.944062],[-87.699509,37.943907],[-87.699471,37.943591],[-87.699478,37.943527],[-87.699465,37.943381],[-87.699461,37.942729],[-87.699474,37.942511],[-87.699484,37.941519],[-87.699466,37.941002],[-87.699469,37.940708],[-87.699508,37.940004],[-87.699501,37.939557],[-87.699529,37.938904],[-87.69954,37.938269],[-87.699579,37.937509],[-87.699535,37.937378],[-87.699601,37.934138],[-87.699607,37.929402],[-87.69961,37.929292],[-87.699729,37.927937],[-87.699734,37.927277],[-87.699723,37.926948],[-87.699725,37.926796],[-87.69974,37.9266],[-87.699767,37.926544],[-87.699786,37.926528],[-87.699832,37.92651],[-87.69994,37.926512],[-87.69996,37.926205],[-87.700275,37.90729],[-87.700472,37.898897],[-87.700791,37.897427],[-87.699666,37.897743],[-87.699028,37.897891],[-87.69797,37.898288],[-87.697208,37.898414],[-87.696795,37.89853],[-87.695913,37.898865],[-87.695133,37.899238],[-87.694749,37.899469],[-87.694434,37.899617],[-87.693031,37.900211],[-87.692733,37.900305],[-87.691799,37.900821],[-87.69161,37.900882],[-87.691501,37.900942],[-87.691443,37.901007],[-87.691163,37.901128],[-87.690807,37.901332],[-87.690504,37.901486],[-87.690229,37.901645],[-87.689994,37.90184],[-87.689301,37.902123],[-87.689106,37.902266],[-87.688728,37.90248],[-87.688349,37.902584],[-87.688183,37.902705],[-87.687691,37.902832],[-87.687135,37.903046],[-87.687054,37.903057],[-87.686481,37.903002],[-87.685691,37.903211],[-87.685089,37.903343],[-87.68498,37.90342],[-87.684658,37.903528],[-87.684792,37.903983],[-87.684995,37.904213],[-87.685164,37.904379],[-87.68552,37.904649],[-87.685756,37.904756],[-87.685878,37.904802],[-87.686317,37.904895],[-87.686496,37.904908],[-87.686584,37.904905],[-87.68685,37.90488],[-87.687111,37.904834],[-87.687366,37.904757],[-87.687497,37.904727],[-87.687768,37.904702],[-87.687947,37.904732],[-87.688131,37.904836],[-87.688244,37.904947],[-87.688314,37.905038],[-87.688381,37.90517],[-87.688447,37.905318],[-87.688449,37.905357],[-87.688472,37.905456],[-87.688499,37.905522],[-87.6885,37.905555],[-87.688524,37.905585],[-87.688522,37.905618],[-87.688555,37.905679],[-87.688559,37.905711],[-87.688586,37.90574],[-87.688627,37.905868],[-87.688754,37.906121],[-87.688887,37.906307],[-87.689065,37.906513],[-87.68934,37.906794],[-87.689429,37.906874],[-87.689745,37.907119],[-87.689772,37.907147],[-87.689903,37.907241],[-87.689993,37.907317],[-87.690071,37.907402],[-87.69009,37.907435],[-87.690143,37.907489],[-87.69026,37.907681],[-87.690359,37.907977],[-87.690365,37.90811],[-87.690378,37.908144],[-87.690373,37.908211],[-87.690387,37.908245],[-87.69038,37.908311],[-87.69039,37.908344],[-87.690378,37.908376],[-87.690387,37.90841],[-87.690375,37.908476],[-87.690386,37.908509],[-87.690381,37.90856],[-87.690364,37.908592],[-87.690372,37.908625],[-87.690358,37.908689],[-87.690368,37.908722],[-87.690352,37.908754],[-87.690358,37.908787],[-87.690344,37.908888],[-87.690321,37.908952],[-87.690323,37.908985],[-87.690301,37.909016],[-87.690304,37.909049],[-87.690276,37.909146],[-87.69008,37.909494],[-87.690016,37.909586],[-87.689849,37.909796],[-87.689772,37.909881],[-87.689707,37.909926],[-87.689588,37.910027],[-87.689549,37.910043],[-87.689492,37.910093],[-87.689455,37.91011],[-87.689434,37.910141],[-87.689289,37.910215],[-87.689015,37.910389],[-87.688793,37.910565],[-87.688675,37.910674],[-87.688314,37.911039],[-87.687802,37.911597],[-87.687459,37.911921],[-87.687421,37.911981],[-87.687323,37.912098],[-87.687281,37.912197],[-87.687228,37.912404],[-87.687221,37.912475],[-87.687225,37.912751],[-87.687249,37.912884],[-87.687241,37.912919],[-87.687258,37.912984],[-87.687251,37.913019],[-87.687275,37.913151],[-87.687264,37.913186],[-87.687281,37.91339],[-87.687302,37.913421],[-87.687303,37.913455],[-87.687345,37.913588],[-87.687474,37.913775],[-87.687638,37.913936],[-87.687761,37.914029],[-87.687817,37.914083],[-87.687853,37.914102],[-87.687967,37.914205],[-87.688122,37.914325],[-87.68819,37.914367],[-87.688213,37.914398],[-87.688251,37.914415],[-87.68831,37.914465],[-87.688378,37.914508],[-87.68845,37.914546],[-87.688475,37.914574],[-87.688546,37.914611],[-87.688572,37.914638],[-87.688613,37.91465],[-87.688728,37.914746],[-87.688766,37.914763],[-87.68879,37.914792],[-87.688857,37.914837],[-87.68891,37.914894],[-87.688979,37.914986],[-87.689012,37.915051],[-87.688994,37.915293],[-87.68896,37.915394],[-87.688885,37.915471],[-87.688792,37.915543],[-87.688552,37.915696],[-87.688491,37.915725],[-87.688162,37.915836],[-87.687891,37.915866],[-87.687574,37.915864],[-87.687074,37.915826],[-87.686809,37.915781],[-87.686556,37.915723],[-87.686521,37.915703],[-87.686477,37.915697],[-87.686439,37.915679],[-87.686309,37.91558],[-87.686172,37.915441],[-87.685917,37.915153],[-87.685903,37.915119],[-87.685824,37.915034],[-87.685735,37.914954],[-87.685581,37.914882],[-87.685404,37.914851],[-87.685358,37.914852],[-87.685317,37.914864],[-87.685273,37.914861],[-87.68519,37.914886],[-87.685148,37.914888],[-87.68507,37.914926],[-87.685003,37.914971],[-87.684934,37.915051],[-87.684895,37.91511],[-87.6849,37.915144],[-87.684866,37.915206],[-87.68486,37.915275],[-87.684887,37.915449],[-87.684924,37.915549],[-87.685103,37.915834],[-87.685329,37.916099],[-87.685459,37.916287],[-87.685477,37.916356],[-87.68547,37.916391],[-87.685447,37.91646],[-87.685428,37.916491],[-87.685399,37.916518],[-87.685273,37.916558],[-87.685227,37.916562],[-87.6851,37.916537],[-87.685065,37.916515],[-87.685024,37.916508],[-87.684996,37.916481],[-87.684918,37.916455],[-87.68489,37.916429],[-87.68485,37.916422],[-87.684823,37.916392],[-87.684785,37.916382],[-87.68472,37.916341],[-87.68468,37.916332],[-87.684653,37.916303],[-87.684614,37.916292],[-87.684546,37.916252],[-87.684505,37.916245],[-87.684476,37.916219],[-87.684432,37.916212],[-87.684361,37.916182],[-87.684318,37.916178],[-87.684285,37.916155],[-87.683866,37.916054],[-87.683692,37.91603],[-87.683512,37.916018],[-87.682837,37.916043],[-87.682533,37.916098],[-87.682004,37.916286],[-87.681848,37.916359],[-87.681333,37.916641],[-87.681049,37.916751],[-87.680718,37.916857],[-87.680357,37.917004],[-87.679943,37.917138],[-87.679824,37.917191],[-87.679715,37.917255],[-87.679686,37.917282],[-87.679595,37.917406],[-87.679548,37.917506],[-87.679528,37.917853],[-87.679523,37.918243],[-87.67951,37.918314],[-87.67949,37.918345],[-87.679438,37.918482],[-87.679286,37.918741],[-87.678985,37.919097],[-87.678877,37.919212],[-87.678526,37.919539],[-87.678062,37.919926],[-87.677644,37.9203],[-87.677166,37.920677],[-87.676703,37.921016],[-87.676445,37.921164],[-87.67629,37.921239],[-87.675645,37.921502],[-87.675252,37.921682],[-87.674892,37.921902],[-87.674277,37.922324],[-87.673864,37.922549],[-87.6736,37.922604],[-87.673463,37.922606],[-87.673281,37.922588],[-87.673165,37.922547],[-87.673019,37.922462],[-87.672961,37.922406],[-87.67291,37.922308],[-87.672872,37.922132],[-87.672875,37.92199],[-87.672893,37.921885],[-87.672981,37.92161],[-87.673064,37.921483],[-87.673209,37.921223],[-87.673489,37.920818],[-87.673565,37.920689],[-87.673644,37.920485],[-87.673665,37.920415],[-87.673676,37.920202],[-87.673618,37.919994],[-87.673535,37.919868],[-87.673486,37.919808],[-87.673454,37.919782],[-87.673314,37.91969],[-87.673116,37.919603],[-87.672935,37.919578],[-87.672844,37.919574],[-87.672753,37.919581],[-87.672574,37.919609],[-87.672406,37.919664],[-87.672329,37.919703],[-87.67215,37.919813],[-87.672063,37.919896],[-87.671889,37.920104],[-87.671441,37.920932],[-87.671364,37.92106],[-87.671131,37.921367],[-87.670974,37.921542],[-87.670607,37.921858],[-87.670306,37.922077],[-87.67019,37.922135],[-87.66974,37.922309],[-87.669257,37.92242],[-87.668895,37.922471],[-87.668531,37.922495],[-87.668393,37.922493],[-87.668122,37.922461],[-87.668035,37.922441],[-87.667955,37.922405],[-87.667746,37.922335],[-87.667518,37.922316],[-87.667381,37.922324],[-87.667156,37.922359],[-87.667036,37.92241],[-87.666855,37.922519],[-87.666777,37.922607],[-87.666726,37.922705],[-87.666691,37.922915],[-87.66667,37.923159],[-87.666591,37.92354],[-87.666547,37.923678],[-87.666398,37.923895],[-87.666106,37.924167],[-87.665571,37.924597],[-87.665281,37.924822],[-87.664949,37.925065],[-87.664759,37.925218],[-87.664527,37.925439],[-87.6644,37.925584],[-87.664255,37.925721],[-87.663761,37.926143],[-87.663706,37.926182],[-87.663711,37.926324],[-87.663645,37.926226],[-87.663291,37.926478],[-87.66301,37.926657],[-87.662694,37.926802],[-87.662248,37.926978],[-87.661711,37.927168],[-87.661393,37.927305],[-87.661202,37.927403],[-87.660688,37.927628],[-87.660427,37.92777],[-87.660221,37.927961],[-87.659989,37.928267],[-87.659829,37.92844],[-87.659634,37.928588],[-87.659344,37.928762],[-87.659124,37.928808],[-87.658988,37.9288],[-87.658856,37.928773],[-87.658651,37.928698],[-87.658388,37.928565],[-87.658071,37.928426],[-87.657776,37.928334],[-87.657558,37.928297],[-87.657386,37.928288],[-87.657167,37.928329],[-87.657025,37.928407],[-87.656872,37.928472],[-87.656507,37.928737],[-87.656351,37.928867],[-87.656244,37.928934],[-87.655995,37.929032],[-87.655904,37.929055],[-87.655647,37.929084],[-87.655558,37.929084],[-87.655109,37.929038],[-87.65477,37.928933],[-87.654683,37.928913],[-87.654388,37.928816],[-87.654063,37.928685],[-87.653505,37.928529],[-87.652966,37.928445],[-87.652601,37.928433],[-87.652431,37.928379],[-87.652242,37.928278],[-87.65221,37.928252],[-87.652127,37.928126],[-87.651926,37.927891],[-87.651644,37.927611],[-87.651538,37.927544],[-87.651342,37.927453],[-87.651097,37.927357],[-87.650786,37.927207],[-87.650646,37.927115],[-87.650442,37.927035],[-87.650261,37.927012],[-87.650216,37.927015],[-87.650175,37.927078],[-87.649996,37.927284],[-87.650111,37.927526],[-87.650144,37.927737],[-87.650111,37.927841],[-87.649981,37.928067],[-87.649724,37.928269],[-87.649601,37.928316],[-87.649344,37.928388],[-87.648138,37.928615],[-87.647637,37.928787],[-87.647266,37.928928],[-87.647149,37.928984],[-87.646706,37.929235],[-87.646637,37.92928],[-87.646588,37.92934],[-87.646483,37.929409],[-87.646446,37.929429],[-87.646321,37.929473],[-87.646247,37.929516],[-87.645953,37.929739],[-87.64578,37.929857],[-87.645442,37.93004],[-87.645087,37.930203],[-87.644546,37.930393],[-87.644417,37.930429],[-87.644298,37.930483],[-87.644271,37.930509],[-87.644253,37.930579],[-87.644214,37.930644],[-87.644161,37.930702],[-87.643998,37.930917],[-87.643936,37.931012],[-87.643877,37.931147],[-87.643804,37.931353],[-87.643754,37.931635],[-87.643621,37.93216],[-87.643364,37.932806],[-87.643103,37.933816],[-87.642902,37.934251],[-87.642649,37.934667],[-87.642523,37.935154],[-87.642616,37.935501],[-87.643036,37.936134],[-87.643216,37.936536],[-87.643535,37.93797],[-87.643538,37.938147],[-87.643475,37.938281],[-87.642913,37.938509],[-87.642496,37.938266],[-87.642189,37.938196],[-87.641965,37.938225],[-87.641844,37.938276],[-87.641657,37.938378],[-87.641573,37.938462],[-87.641494,37.938702],[-87.641521,37.939021],[-87.641618,37.939182],[-87.64175,37.939279],[-87.641925,37.939526],[-87.641957,37.939629],[-87.641964,37.940087],[-87.641905,37.940578],[-87.641781,37.940769],[-87.641517,37.940961],[-87.641294,37.940985],[-87.641021,37.940961],[-87.640355,37.940846],[-87.639793,37.9407],[-87.639175,37.940468],[-87.638951,37.94043],[-87.638634,37.940434],[-87.638378,37.940583],[-87.638296,37.940747],[-87.638305,37.940923],[-87.638365,37.941057],[-87.63875,37.941578],[-87.638961,37.942225],[-87.639053,37.9423],[-87.639143,37.942393],[-87.639351,37.942838],[-87.639406,37.943085],[-87.639441,37.943338],[-87.639448,37.943514],[-87.639482,37.943695],[-87.639475,37.943932],[-87.638399,37.945717],[-87.63835,37.945772],[-87.638176,37.946145],[-87.638017,37.946326],[-87.637975,37.946348],[-87.637531,37.946387],[-87.637121,37.946689],[-87.636712,37.946919],[-87.635851,37.947309],[-87.635421,37.947474],[-87.635074,37.947556],[-87.634693,37.947578],[-87.634575,37.947561],[-87.634464,37.947517],[-87.6342,37.947352],[-87.633937,37.947253],[-87.633763,37.947237],[-87.633645,37.947242],[-87.633008,37.946006],[-87.632869,37.945714],[-87.63273,37.945588],[-87.632564,37.945538],[-87.632259,37.945538],[-87.632217,37.945571],[-87.632127,37.945703],[-87.632057,37.945868],[-87.632057,37.945989],[-87.632022,37.946164],[-87.631876,37.946609],[-87.631779,37.946747],[-87.631488,37.946955],[-87.631217,37.947093],[-87.630877,37.947312],[-87.630502,37.947653],[-87.63012,37.947889],[-87.62978,37.948004],[-87.629565,37.947987],[-87.629329,37.947921],[-87.629038,37.94774],[-87.628691,37.947558],[-87.628053,37.947184],[-87.627713,37.947036],[-87.62747,37.946997],[-87.62729,37.94703],[-87.627117,37.947151],[-87.626839,37.947316],[-87.626533,37.947618],[-87.626346,37.947854],[-87.626074,37.94898],[-87.625998,37.949139],[-87.625908,37.949172],[-87.625762,37.949139],[-87.625651,37.94904],[-87.625339,37.948853],[-87.625082,37.948749],[-87.625005,37.948731],[-87.624352,37.948506],[-87.62395,37.948325],[-87.62345,37.947897],[-87.623311,37.947809],[-87.623137,37.94776],[-87.622679,37.94754],[-87.622422,37.947403],[-87.622346,37.947387],[-87.622207,37.947392],[-87.621923,37.947519],[-87.621784,37.947541],[-87.621639,37.947535],[-87.621472,37.94747],[-87.62125,37.947332],[-87.621125,37.947222],[-87.621021,37.947041],[-87.620993,37.946926],[-87.62102,37.946838],[-87.621124,37.946766],[-87.621339,37.946689],[-87.621485,37.946623],[-87.621728,37.946491],[-87.622047,37.946239],[-87.623149,37.945282],[-87.623523,37.944925],[-87.623919,37.944512],[-87.624036,37.944348],[-87.624327,37.943836],[-87.624466,37.943468],[-87.624577,37.943347],[-87.624778,37.943155],[-87.624812,37.943105],[-87.624847,37.942996],[-87.624847,37.942946],[-87.62475,37.942677],[-87.624742,37.942567],[-87.624749,37.94249],[-87.62477,37.942441],[-87.624853,37.942364],[-87.624916,37.94232],[-87.625143,37.942222],[-87.625595,37.941782],[-87.625879,37.94136],[-87.626157,37.940602],[-87.626324,37.94025],[-87.626665,37.939278],[-87.626707,37.939118],[-87.626707,37.938877],[-87.62643,37.938316],[-87.626375,37.938036],[-87.626576,37.937783],[-87.626791,37.937459],[-87.626861,37.937157],[-87.626965,37.937003],[-87.627208,37.936723],[-87.627368,37.936388],[-87.627542,37.935427],[-87.627556,37.93513],[-87.62755,37.934784],[-87.62748,37.934564],[-87.627376,37.934405],[-87.627252,37.934311],[-87.626981,37.934163],[-87.626357,37.933663],[-87.626062,37.93353],[-87.623526,37.930754],[-87.622283,37.931145],[-87.620873,37.931432],[-87.620633,37.931883],[-87.620154,37.932373],[-87.619327,37.933188],[-87.618739,37.933935],[-87.618138,37.935119],[-87.617776,37.936054],[-87.61762,37.937069],[-87.617436,37.937826],[-87.617397,37.938133],[-87.617409,37.938277],[-87.61752,37.93834],[-87.61757,37.938338],[-87.61781,37.938267],[-87.618252,37.938063],[-87.620142,37.937304],[-87.621231,37.93665],[-87.621563,37.936491],[-87.622223,37.936216],[-87.622377,37.936188],[-87.622434,37.93621],[-87.622354,37.936309],[-87.621844,37.936683],[-87.621724,37.936702],[-87.621455,37.936723],[-87.621334,37.936794],[-87.621139,37.936961],[-87.620211,37.937648],[-87.620102,37.937748],[-87.619587,37.938141],[-87.619169,37.93843],[-87.619054,37.938524],[-87.618544,37.938891],[-87.618384,37.939033],[-87.617954,37.939321],[-87.617043,37.940015],[-87.616837,37.94018],[-87.616722,37.940253],[-87.616309,37.94045],[-87.615805,37.94077],[-87.615461,37.941019],[-87.614957,37.94136],[-87.614802,37.941479],[-87.614653,37.941568],[-87.614527,37.941657],[-87.613989,37.942056],[-87.613622,37.94231],[-87.613433,37.94242],[-87.61298,37.942743],[-87.612193,37.943335],[-87.611914,37.943567],[-87.611582,37.943815],[-87.61141,37.943963],[-87.611021,37.944243],[-87.610958,37.944294],[-87.610843,37.94441],[-87.610763,37.944471],[-87.610621,37.944545],[-87.610467,37.949507],[-87.610321,37.955597],[-87.610283,37.957575],[-87.611187,37.957071],[-87.611569,37.956849],[-87.611977,37.956592],[-87.612879,37.95605],[-87.613634,37.955532],[-87.614546,37.954937],[-87.615074,37.9545],[-87.615343,37.954299],[-87.616319,37.953607],[-87.616571,37.953447],[-87.61704,37.953167],[-87.622467,37.953325],[-87.622511,37.95332],[-87.628544,37.953488],[-87.633892,37.953645],[-87.634179,37.953644],[-87.635853,37.953692],[-87.637545,37.953758],[-87.63753,37.95424],[-87.637484,37.955084],[-87.637431,37.95629]]]}},{"type":"Feature","properties":{"NAME":"PERRY PRECINCT 07","WARD_PRECINCT":"P-07","CONGRESS":"08","SENATE":"49","HOUSE":"76","COMMISSION":"03","CO_COUNCIL":"01","TOWNSHIP":"PERRY","ChangedPrecincts":"NO","OldPrecinctName":"PERRY PRECINCT 07"},"geometry":{"type":"Polygon","coordinates":[[[-87.680947,37.98247],[-87.681389,37.9825],[-87.681646,37.982533],[-87.681874,37.982577],[-87.681901,37.982591],[-87.682079,37.982626],[-87.683221,37.98289],[-87.684505,37.98322],[-87.684817,37.983288],[-87.685061,37.983327],[-87.685309,37.983342],[-87.685845,37.983352],[-87.687804,37.983357],[-87.691546,37.981632],[-87.692203,37.98134],[-87.692835,37.981101],[-87.693372,37.98093],[-87.693642,37.980854],[-87.693879,37.980794],[-87.694388,37.980682],[-87.694903,37.980591],[-87.695591,37.980505],[-87.695931,37.980477],[-87.696338,37.980453],[-87.696678,37.980444],[-87.697393,37.98045],[-87.698883,37.98049],[-87.69889,37.979505],[-87.698961,37.975422],[-87.698992,37.973666],[-87.699029,37.972119],[-87.699021,37.971646],[-87.699041,37.970344],[-87.699042,37.96958],[-87.699055,37.968597],[-87.699143,37.967651],[-87.699155,37.967428],[-87.69915,37.967212],[-87.699114,37.966707],[-87.699099,37.966246],[-87.699151,37.963259],[-87.699157,37.961742],[-87.699188,37.960081],[-87.699185,37.959885],[-87.699212,37.959097],[-87.699239,37.957911],[-87.699247,37.956292],[-87.699285,37.955265],[-87.699283,37.954802],[-87.699303,37.953632],[-87.699301,37.953046],[-87.699319,37.952814],[-87.699346,37.951325],[-87.698945,37.951646],[-87.698585,37.951951],[-87.69811,37.95237],[-87.697794,37.952663],[-87.6973,37.953138],[-87.696819,37.953634],[-87.696488,37.953993],[-87.696104,37.95443],[-87.695688,37.954933],[-87.68969,37.962525],[-87.6894,37.962884],[-87.689247,37.963054],[-87.689088,37.96322],[-87.688919,37.963381],[-87.688739,37.963538],[-87.688364,37.963836],[-87.688168,37.963976],[-87.687964,37.964107],[-87.687542,37.964354],[-87.687039,37.964608],[-87.686602,37.964784],[-87.6862,37.964923],[-87.685763,37.965049],[-87.685505,37.965112],[-87.669534,37.968428],[-87.668612,37.968626],[-87.667853,37.968796],[-87.666529,37.969108],[-87.665492,37.969367],[-87.663962,37.969775],[-87.663936,37.969997],[-87.663946,37.971157],[-87.663938,37.973413],[-87.663876,37.976302],[-87.663824,37.978116],[-87.6638,37.979713],[-87.663791,37.979905],[-87.664169,37.979909],[-87.6668,37.979894],[-87.667002,37.979902],[-87.667294,37.979927],[-87.667501,37.979967],[-87.667697,37.980023],[-87.668073,37.980151],[-87.66853,37.980291],[-87.669198,37.980466],[-87.672267,37.981209],[-87.672485,37.98128],[-87.672627,37.981341],[-87.672753,37.981414],[-87.672851,37.981484],[-87.673142,37.981723],[-87.673306,37.981839],[-87.673439,37.981915],[-87.673618,37.981993],[-87.673789,37.982056],[-87.673947,37.982103],[-87.674482,37.982229],[-87.674898,37.982314],[-87.675147,37.98235],[-87.675388,37.98237],[-87.677826,37.982479],[-87.680947,37.98247]]]}},{"type":"Feature","properties":{"NAME":"PERRY PRECINCT 08","WARD_PRECINCT":"P-08","CONGRESS":"08","SENATE":"49","HOUSE":"76","COMMISSION":"03","CO_COUNCIL":"01","TOWNSHIP":"PERRY","ChangedPrecincts":"NO","OldPrecinctName":"PERRY PRECINCT 08"},"geometry":{"type":"Polygon","coordinates":[[[-87.66532,37.94969],[-87.664253,37.950287],[-87.66432,37.950401],[-87.664339,37.95046],[-87.664413,37.950802],[-87.66442,37.950962],[-87.664403,37.951117],[-87.664324,37.951545],[-87.664304,37.951789],[-87.66428,37.952693],[-87.664211,37.95452],[-87.664176,37.955888],[-87.664121,37.95738],[-87.664126,37.957552],[-87.664081,37.958894],[-87.664059,37.960869],[-87.663987,37.9647],[-87.663946,37.967413],[-87.663957,37.968695],[-87.663942,37.969379],[-87.663962,37.969775],[-87.665492,37.969367],[-87.666529,37.969108],[-87.667853,37.968796],[-87.668612,37.968626],[-87.669534,37.968428],[-87.685505,37.965112],[-87.685763,37.965049],[-87.6862,37.964923],[-87.686602,37.964784],[-87.687039,37.964608],[-87.687542,37.964354],[-87.687751,37.964236],[-87.688168,37.963976],[-87.688364,37.963836],[-87.688739,37.963538],[-87.688919,37.963381],[-87.689088,37.96322],[-87.6894,37.962884],[-87.695688,37.954933],[-87.696104,37.95443],[-87.696488,37.953993],[-87.696819,37.953634],[-87.6973,37.953138],[-87.697794,37.952663],[-87.69811,37.95237],[-87.698585,37.951951],[-87.698945,37.951646],[-87.699346,37.951325],[-87.699369,37.950055],[-87.699379,37.949962],[-87.699401,37.949317],[-87.699401,37.948973],[-87.694339,37.949086],[-87.693534,37.9491],[-87.692201,37.949108],[-87.69011,37.949145],[-87.687904,37.949205],[-87.686908,37.949217],[-87.683419,37.949296],[-87.680828,37.949378],[-87.678953,37.949426],[-87.678727,37.949453],[-87.678639,37.949475],[-87.678228,37.949641],[-87.678091,37.949679],[-87.677973,37.949698],[-87.677845,37.949706],[-87.677612,37.949685],[-87.677493,37.949658],[-87.677293,37.949597],[-87.677147,37.949539],[-87.67695,37.949443],[-87.676327,37.949111],[-87.675454,37.948629],[-87.674862,37.948283],[-87.674642,37.948507],[-87.674468,37.948668],[-87.674217,37.94887],[-87.673975,37.949042],[-87.673811,37.949145],[-87.673373,37.949379],[-87.673173,37.949466],[-87.672943,37.949549],[-87.672698,37.949623],[-87.672458,37.949681],[-87.672197,37.949728],[-87.67194,37.949758],[-87.671743,37.949771],[-87.671271,37.949768],[-87.670933,37.949738],[-87.667296,37.949322],[-87.667043,37.949306],[-87.666853,37.949304],[-87.666581,37.949323],[-87.666271,37.949364],[-87.66611,37.949394],[-87.665904,37.949449],[-87.665705,37.949517],[-87.66532,37.94969]]]}},{"type":"Feature","properties":{"NAME":"PERRY PRECINCT 09","WARD_PRECINCT":"P-09","CONGRESS":"08","SENATE":"49","HOUSE":"76","COMMISSION":"03","CO_COUNCIL":"01","TOWNSHIP":"PERRY","ChangedPrecincts":"NO","OldPrecinctName":"PERRY PRECINCT 09"},"geometry":{"type":"Polygon","coordinates":[[[-87.636779,37.980251],[-87.636758,37.981351],[-87.636736,37.981953],[-87.636741,37.982054],[-87.636705,37.983786],[-87.636698,37.98387],[-87.63679,37.983908],[-87.640217,37.985053],[-87.640313,37.985079],[-87.640478,37.985108],[-87.640556,37.985112],[-87.640705,37.985095],[-87.640857,37.98505],[-87.641009,37.984979],[-87.641163,37.984887],[-87.641401,37.98469],[-87.642665,37.983512],[-87.642842,37.983361],[-87.642933,37.983292],[-87.643261,37.983076],[-87.643537,37.982917],[-87.643876,37.982745],[-87.643983,37.9827],[-87.644226,37.982617],[-87.644622,37.982535],[-87.646547,37.982269],[-87.647906,37.982042],[-87.648103,37.982004],[-87.648379,37.981936],[-87.648764,37.981781],[-87.650196,37.980864],[-87.650312,37.980799],[-87.65091,37.980507],[-87.651336,37.980311],[-87.651654,37.980182],[-87.651796,37.980136],[-87.651969,37.980099],[-87.652171,37.980077],[-87.65234,37.980086],[-87.652649,37.980141],[-87.652857,37.980191],[-87.653052,37.98025],[-87.654353,37.980668],[-87.654494,37.980704],[-87.654656,37.980733],[-87.65481,37.980747],[-87.655778,37.980737],[-87.656367,37.980771],[-87.656831,37.98081],[-87.657032,37.980815],[-87.657271,37.980778],[-87.657532,37.980704],[-87.658092,37.980501],[-87.658332,37.980398],[-87.658542,37.980294],[-87.658941,37.98003],[-87.659001,37.98],[-87.659078,37.979968],[-87.659279,37.979918],[-87.659397,37.979909],[-87.661541,37.97991],[-87.661828,37.979916],[-87.663791,37.979905],[-87.6638,37.979713],[-87.663824,37.978116],[-87.663876,37.976302],[-87.663938,37.973413],[-87.663946,37.971157],[-87.663936,37.969997],[-87.663962,37.969775],[-87.658546,37.971203],[-87.645947,37.974556],[-87.644751,37.974861],[-87.643697,37.975105],[-87.643171,37.975218],[-87.642202,37.975411],[-87.638583,37.976092],[-87.637194,37.976368],[-87.636936,37.976409],[-87.636969,37.976708],[-87.636979,37.977187],[-87.636951,37.978012],[-87.636949,37.978317],[-87.636907,37.978615],[-87.63687,37.979201],[-87.63683,37.979547],[-87.636793,37.979969],[-87.636779,37.980251]]]}},{"type":"Feature","properties":{"NAME":"PERRY PRECINCT 10","WARD_PRECINCT":"P-10","CONGRESS":"08","SENATE":"49","HOUSE":"76","COMMISSION":"03","CO_COUNCIL":"01","TOWNSHIP":"PERRY","ChangedPrecincts":"NO","OldPrecinctName":"PERRY PRECINCT 10"},"geometry":{"type":"Polygon","coordinates":[[[-87.627823,37.986755],[-87.62832,37.986958],[-87.628653,37.987112],[-87.630138,37.987866],[-87.630343,37.987961],[-87.630724,37.988119],[-87.631056,37.988249],[-87.632336,37.988704],[-87.634127,37.989336],[-87.634347,37.989405],[-87.634508,37.988425],[-87.634553,37.988256],[-87.634591,37.98817],[-87.635061,37.987354],[-87.635191,37.987142],[-87.635436,37.986799],[-87.635494,37.986744],[-87.635549,37.986706],[-87.635621,37.986674],[-87.635694,37.986656],[-87.63592,37.98665],[-87.63625,37.986666],[-87.636398,37.986663],[-87.636482,37.986651],[-87.636515,37.986635],[-87.636553,37.986601],[-87.636589,37.986554],[-87.636615,37.986481],[-87.636628,37.986396],[-87.636647,37.986003],[-87.636705,37.983786],[-87.636741,37.982054],[-87.636736,37.981953],[-87.636758,37.981351],[-87.636779,37.980251],[-87.636793,37.979969],[-87.63683,37.979547],[-87.632322,37.979275],[-87.631406,37.979254],[-87.629466,37.97912],[-87.627835,37.979028],[-87.622402,37.978813],[-87.621002,37.977629],[-87.619582,37.976449],[-87.619569,37.977408],[-87.619522,37.978049],[-87.619539,37.978209],[-87.619527,37.978685],[-87.619451,37.980657],[-87.619438,37.981752],[-87.619379,37.982543],[-87.619367,37.983001],[-87.619865,37.983181],[-87.620405,37.983401],[-87.620546,37.983468],[-87.620919,37.983669],[-87.621434,37.984016],[-87.621728,37.984185],[-87.621958,37.984298],[-87.622776,37.984597],[-87.623086,37.984726],[-87.623323,37.984851],[-87.623866,37.985201],[-87.624075,37.985327],[-87.624563,37.985572],[-87.625383,37.985899],[-87.627177,37.986521],[-87.627823,37.986755]]]}},{"type":"Feature","properties":{"NAME":"PIGEON PRECINCT 01 (NV)","WARD_PRECINCT":"PIG-01","CONGRESS":"08","SENATE":"49","HOUSE":"77","COMMISSION":"03","CO_COUNCIL":"01","TOWNSHIP":"PIGEON","ChangedPrecincts":"NO","OldPrecinctName":"PIGEON PRECINCT 01 (NV)"},"geometry":{"type":"Polygon","coordinates":[[[-87.610585,37.944566],[-87.610528,37.944644],[-87.610488,37.944678],[-87.610379,37.944733],[-87.61019,37.944881],[-87.610007,37.945084],[-87.609841,37.945249],[-87.609657,37.945404],[-87.609325,37.945629],[-87.609113,37.945801],[-87.608723,37.94614],[-87.60815,37.946699],[-87.608053,37.946826],[-87.607978,37.946899],[-87.607697,37.94721],[-87.607457,37.947428],[-87.607302,37.947603],[-87.607222,37.947676],[-87.607016,37.94795],[-87.606449,37.948628],[-87.606277,37.948892],[-87.606214,37.949007],[-87.606042,37.949241],[-87.60587,37.949552],[-87.605818,37.949618],[-87.605709,37.949854],[-87.605595,37.950151],[-87.605383,37.950893],[-87.605546,37.951053],[-87.605135,37.951868],[-87.605038,37.952138],[-87.604947,37.952591],[-87.604891,37.953686],[-87.604912,37.954525],[-87.604785,37.954955],[-87.604185,37.956008],[-87.60391,37.956994],[-87.60347,37.959905],[-87.603355,37.961396],[-87.603326,37.962834],[-87.603449,37.964712],[-87.603467,37.965831],[-87.603408,37.966821],[-87.603373,37.966938],[-87.607217,37.967075],[-87.607391,37.966804],[-87.607429,37.966735],[-87.607487,37.966593],[-87.607649,37.966358],[-87.607759,37.966161],[-87.607822,37.966102],[-87.607827,37.966084],[-87.608022,37.965776],[-87.608076,37.965715],[-87.608407,37.965173],[-87.609119,37.964061],[-87.609311,37.963777],[-87.609439,37.963635],[-87.609566,37.963521],[-87.609709,37.963418],[-87.609925,37.963296],[-87.610146,37.9632],[-87.610173,37.962377],[-87.610236,37.95975],[-87.610252,37.958895],[-87.610242,37.958791],[-87.61024,37.95863],[-87.610255,37.958429],[-87.610248,37.958368],[-87.610258,37.957787],[-87.610283,37.957575],[-87.61029,37.95744],[-87.610321,37.955597],[-87.610467,37.949507],[-87.610621,37.944545],[-87.610585,37.944566]]]}},{"type":"Feature","properties":{"NAME":"PIGEON PRECINCT 02 (NV)","WARD_PRECINCT":"PIG-02","CONGRESS":"08","SENATE":"49","HOUSE":"77","COMMISSION":"02","CO_COUNCIL":"01","TOWNSHIP":"PIGEON","ChangedPrecincts":"NO","OldPrecinctName":"PIGEON PRECINCT 02 (NV)"},"geometry":{"type":"Polygon","coordinates":[[[-87.593795,38.005417],[-87.59392,38.005494],[-87.594128,38.005604],[-87.594239,38.005658],[-87.59435,38.005691],[-87.5946,38.005713],[-87.594684,38.005647],[-87.594656,38.005537],[-87.594558,38.005428],[-87.594544,38.005384],[-87.594503,38.005351],[-87.594461,38.005208],[-87.59453,38.005147],[-87.594878,38.00512],[-87.595114,38.004955],[-87.595169,38.004895],[-87.595224,38.004257],[-87.595335,38.004169],[-87.595488,38.004169],[-87.595794,38.004411],[-87.595822,38.004444],[-87.595835,38.00451],[-87.595891,38.004642],[-87.59603,38.004729],[-87.596204,38.004746],[-87.596544,38.004707],[-87.596752,38.004729],[-87.596919,38.004795],[-87.596974,38.004828],[-87.597044,38.004839],[-87.597127,38.004839],[-87.597516,38.004531],[-87.598252,38.004498],[-87.598377,38.00446],[-87.598557,38.004322],[-87.598613,38.004267],[-87.598654,38.004047],[-87.598502,38.003927],[-87.598196,38.003894],[-87.598134,38.003861],[-87.598016,38.003773],[-87.59796,38.003707],[-87.597987,38.003388],[-87.598015,38.003333],[-87.598265,38.003124],[-87.598501,38.003091],[-87.599376,38.00319],[-87.599466,38.003229],[-87.599997,38.003311],[-87.600024,38.001807],[-87.60001,38.000697],[-87.599691,38.000662],[-87.599332,38.000525],[-87.599164,38.00044],[-87.594728,38.000233],[-87.593099,38.000204],[-87.593112,38.000588],[-87.593084,38.000676],[-87.593056,38.00073],[-87.593001,38.00078],[-87.592973,38.000846],[-87.592723,38.001044],[-87.592321,38.00133],[-87.592251,38.001308],[-87.592168,38.001242],[-87.592071,38.000923],[-87.592029,38.000725],[-87.591932,38.000505],[-87.591848,38.000429],[-87.591668,38.000286],[-87.591598,38.000253],[-87.591543,38.000242],[-87.591445,38.000187],[-87.591389,38.000176],[-87.591029,38.000176],[-87.591029,38.00022],[-87.591084,38.000324],[-87.591182,38.000418],[-87.591251,38.000506],[-87.591279,38.000561],[-87.591279,38.000605],[-87.591265,38.000637],[-87.59114,38.000736],[-87.591043,38.000791],[-87.590765,38.000857],[-87.590696,38.000901],[-87.590626,38.000912],[-87.590488,38.001],[-87.590328,38.001077],[-87.590043,38.001286],[-87.590016,38.001319],[-87.590016,38.001363],[-87.590613,38.001835],[-87.590821,38.002022],[-87.590849,38.002055],[-87.590863,38.002094],[-87.591544,38.002637],[-87.591572,38.002703],[-87.591641,38.002956],[-87.591857,38.00361],[-87.591836,38.003879],[-87.591725,38.004077],[-87.591711,38.004187],[-87.591767,38.004396],[-87.591822,38.004461],[-87.591975,38.00456],[-87.592086,38.004582],[-87.592419,38.004604],[-87.592572,38.004725],[-87.5926,38.004813],[-87.592621,38.005088],[-87.592572,38.005219],[-87.59242,38.005373],[-87.59242,38.005461],[-87.592447,38.005571],[-87.592517,38.005626],[-87.5926,38.00567],[-87.592739,38.005648],[-87.5931,38.005439],[-87.593267,38.005406],[-87.593315,38.005389],[-87.5936,38.005362],[-87.593795,38.005417]]]}},{"type":"Feature","properties":{"NAME":"PIGEON PRECINCT 03 (NV)","WARD_PRECINCT":"PIG-03","CONGRESS":"08","SENATE":"49","HOUSE":"77","COMMISSION":"03","CO_COUNCIL":"03","TOWNSHIP":"PIGEON","ChangedPrecincts":"NO","OldPrecinctName":"PIGEON PRECINCT 03 (NV)"},"geometry":{"type":"Polygon","coordinates":[[[-87.564704,37.950299],[-87.566476,37.951013],[-87.572221,37.950826],[-87.572207,37.950411],[-87.57219,37.95021],[-87.573215,37.950234],[-87.572797,37.948484],[-87.569089,37.941567],[-87.567028,37.938745],[-87.564669,37.935841],[-87.562075,37.933298],[-87.560901,37.93212],[-87.55605,37.928175],[-87.553439,37.926575],[-87.548706,37.92398],[-87.548503,37.923887],[-87.548445,37.924541],[-87.548427,37.925201],[-87.548363,37.929166],[-87.548361,37.930489],[-87.548341,37.931543],[-87.548371,37.931911],[-87.548366,37.932975],[-87.548336,37.934772],[-87.548289,37.939619],[-87.548264,37.939714],[-87.548245,37.940514],[-87.548249,37.940851],[-87.548865,37.940904],[-87.549051,37.941105],[-87.550064,37.94194],[-87.551393,37.943008],[-87.552187,37.94357],[-87.553365,37.944652],[-87.55431,37.945433],[-87.555159,37.946172],[-87.556036,37.94672],[-87.557378,37.947405],[-87.558816,37.947939],[-87.560829,37.948768],[-87.564704,37.950299]]]}},{"type":"Feature","properties":{"NAME":"SCOTT PRECINCT 01","WARD_PRECINCT":"S-01","CONGRESS":"08","SENATE":"49","HOUSE":"64","COMMISSION":"02","CO_COUNCIL":"02","TOWNSHIP":"SCOTT","ChangedPrecincts":"NO","OldPrecinctName":"SCOTT PRECINCT 01"},"geometry":{"type":"Polygon","coordinates":[[[-87.506884,38.097003],[-87.507197,38.097245],[-87.50785,38.097849],[-87.507947,38.097965],[-87.5081,38.098113],[-87.508128,38.098179],[-87.508162,38.098404],[-87.508176,38.098432],[-87.508568,38.098773],[-87.508639,38.098704],[-87.508795,38.098524],[-87.508861,38.098423],[-87.508924,38.098303],[-87.508965,38.098197],[-87.508989,38.09811],[-87.509371,38.096082],[-87.50942,38.095872],[-87.509529,38.095472],[-87.509715,38.09493],[-87.509866,38.094544],[-87.509972,38.094304],[-87.510201,38.093844],[-87.510431,38.09343],[-87.512131,38.090523],[-87.512257,38.090283],[-87.512388,38.090005],[-87.512543,38.089618],[-87.512742,38.088987],[-87.513296,38.08713],[-87.513447,38.086661],[-87.513553,38.086386],[-87.513729,38.085981],[-87.514333,38.084679],[-87.514465,38.084366],[-87.514687,38.0838],[-87.514814,38.083437],[-87.516053,38.079694],[-87.516264,38.079124],[-87.516408,38.07877],[-87.515072,38.078729],[-87.515066,38.078771],[-87.510807,38.078701],[-87.508807,38.078652],[-87.500816,38.07852],[-87.491064,38.078415],[-87.490844,38.082883],[-87.49074,38.084824],[-87.490713,38.085519],[-87.493328,38.08557],[-87.494862,38.085611],[-87.494578,38.08604],[-87.494227,38.086602],[-87.493916,38.087137],[-87.493749,38.08744],[-87.493435,38.088043],[-87.493292,38.088336],[-87.492961,38.089071],[-87.492869,38.089306],[-87.493076,38.089327],[-87.493187,38.08936],[-87.493368,38.089459],[-87.494557,38.090046],[-87.497555,38.091572],[-87.498327,38.091956],[-87.498849,38.092362],[-87.498974,38.092483],[-87.499043,38.092571],[-87.499085,38.092653],[-87.499169,38.092725],[-87.499391,38.092851],[-87.499461,38.092818],[-87.499537,38.092873],[-87.499669,38.092906],[-87.499885,38.092927],[-87.501103,38.092962],[-87.501951,38.092946],[-87.502146,38.092973],[-87.502285,38.093012],[-87.502563,38.093204],[-87.503007,38.093551],[-87.503007,38.093595],[-87.503855,38.094381],[-87.504522,38.094914],[-87.504668,38.095057],[-87.504702,38.095101],[-87.504716,38.095139],[-87.504758,38.095178],[-87.504786,38.095277],[-87.504911,38.095463],[-87.505077,38.095584],[-87.505189,38.095617],[-87.505369,38.095727],[-87.50555,38.095859],[-87.50555,38.095892],[-87.505564,38.095947],[-87.505633,38.096013],[-87.505703,38.096332],[-87.505716,38.096442],[-87.505786,38.096497],[-87.505869,38.096541],[-87.506022,38.096552],[-87.506161,38.096662],[-87.506203,38.096849],[-87.506244,38.096904],[-87.506425,38.097024],[-87.506564,38.097047],[-87.506634,38.097025],[-87.506703,38.096981],[-87.506884,38.097003]]]}},{"type":"Feature","properties":{"NAME":"SCOTT PRECINCT 02","WARD_PRECINCT":"S-02","CONGRESS":"08","SENATE":"49","HOUSE":"64","COMMISSION":"02","CO_COUNCIL":"02","TOWNSHIP":"SCOTT","ChangedPrecincts":"NO","OldPrecinctName":"SCOTT PRECINCT 02"},"geometry":{"type":"Polygon","coordinates":[[[-87.470037,38.165424],[-87.477424,38.165453],[-87.484122,38.165581],[-87.499604,38.165747],[-87.500022,38.165774],[-87.52707,38.166361],[-87.528584,38.166505],[-87.530747,38.166678],[-87.530339,38.166015],[-87.530213,38.165791],[-87.530131,38.165613],[-87.530046,38.165365],[-87.529987,38.165134],[-87.52992,38.164674],[-87.529825,38.16388],[-87.529373,38.159635],[-87.529258,38.158673],[-87.529065,38.157332],[-87.529008,38.156859],[-87.528961,38.156347],[-87.528875,38.154978],[-87.528467,38.151804],[-87.527889,38.146815],[-87.527267,38.141738],[-87.527028,38.139505],[-87.526783,38.137098],[-87.526658,38.136208],[-87.526437,38.134009],[-87.52623,38.132101],[-87.526153,38.131296],[-87.526109,38.130615],[-87.526105,38.130157],[-87.526122,38.129933],[-87.526176,38.12948],[-87.526313,38.128723],[-87.526571,38.127426],[-87.527084,38.125191],[-87.527192,38.124792],[-87.527252,38.124602],[-87.527353,38.124349],[-87.527458,38.124141],[-87.527653,38.123836],[-87.527819,38.123614],[-87.52802,38.123364],[-87.52872,38.122544],[-87.528652,38.122554],[-87.523538,38.12247],[-87.519826,38.122415],[-87.519152,38.122411],[-87.512822,38.122286],[-87.512858,38.121204],[-87.512932,38.117971],[-87.512956,38.117344],[-87.512965,38.116486],[-87.513005,38.114935],[-87.513024,38.11278],[-87.513016,38.11227],[-87.512977,38.111384],[-87.512839,38.109064],[-87.512755,38.107513],[-87.512755,38.107408],[-87.51123,38.107365],[-87.509337,38.107323],[-87.509121,38.107277],[-87.508962,38.107205],[-87.508856,38.107125],[-87.508823,38.10709],[-87.508753,38.106989],[-87.5087,38.106833],[-87.508693,38.106752],[-87.508726,38.104535],[-87.508737,38.104226],[-87.508742,38.102638],[-87.508778,38.100732],[-87.508769,38.100592],[-87.508744,38.100477],[-87.508719,38.100418],[-87.508668,38.100332],[-87.508604,38.100264],[-87.508477,38.100176],[-87.508385,38.100134],[-87.508279,38.100103],[-87.508064,38.100073],[-87.507262,38.100048],[-87.507086,38.100036],[-87.507891,38.099389],[-87.508176,38.099144],[-87.508568,38.098773],[-87.508176,38.098432],[-87.508162,38.098404],[-87.508128,38.098179],[-87.5081,38.098113],[-87.507947,38.097965],[-87.50785,38.097849],[-87.507197,38.097245],[-87.506884,38.097003],[-87.506703,38.096981],[-87.506634,38.097025],[-87.506564,38.097047],[-87.506425,38.097024],[-87.506244,38.096904],[-87.506203,38.096849],[-87.506161,38.096662],[-87.506022,38.096552],[-87.505869,38.096541],[-87.505786,38.096497],[-87.505716,38.096442],[-87.505703,38.096332],[-87.505633,38.096013],[-87.505564,38.095947],[-87.50555,38.095892],[-87.50555,38.095859],[-87.505369,38.095727],[-87.505189,38.095617],[-87.505077,38.095584],[-87.504911,38.095463],[-87.504786,38.095277],[-87.504758,38.095178],[-87.504716,38.095139],[-87.504702,38.095101],[-87.504668,38.095057],[-87.504522,38.094914],[-87.503855,38.094381],[-87.503007,38.093595],[-87.503007,38.093551],[-87.502563,38.093204],[-87.502285,38.093012],[-87.502146,38.092973],[-87.501951,38.092946],[-87.501103,38.092962],[-87.499885,38.092927],[-87.499669,38.092906],[-87.499537,38.092873],[-87.499461,38.092818],[-87.499391,38.092851],[-87.499169,38.092725],[-87.499085,38.092653],[-87.499043,38.092571],[-87.498974,38.092483],[-87.498849,38.092362],[-87.498327,38.091956],[-87.497555,38.091572],[-87.494557,38.090046],[-87.493368,38.089459],[-87.493187,38.08936],[-87.493076,38.089327],[-87.492869,38.089306],[-87.492961,38.089071],[-87.493292,38.088336],[-87.493435,38.088043],[-87.493749,38.08744],[-87.493916,38.087137],[-87.494227,38.086602],[-87.494578,38.08604],[-87.494862,38.085611],[-87.493328,38.08557],[-87.490713,38.085519],[-87.49074,38.084824],[-87.490844,38.082883],[-87.491064,38.078415],[-87.485292,38.078354],[-87.485184,38.07832],[-87.484682,38.078344],[-87.473738,38.078204],[-87.472504,38.078169],[-87.472495,38.078805],[-87.472515,38.082187],[-87.472436,38.086924],[-87.472467,38.087954],[-87.472455,38.088132],[-87.472433,38.089006],[-87.472584,38.092023],[-87.472453,38.09694],[-87.472425,38.097846],[-87.472394,38.098369],[-87.472343,38.099951],[-87.472285,38.10256],[-87.472225,38.10708],[-87.472206,38.107875],[-87.472203,38.10913],[-87.472187,38.110257],[-87.472183,38.111997],[-87.472154,38.114277],[-87.472159,38.114701],[-87.472151,38.11679],[-87.472112,38.119161],[-87.472117,38.119607],[-87.4721,38.120922],[-87.472098,38.121748],[-87.471226,38.12173],[-87.469957,38.121721],[-87.468872,38.121724],[-87.467953,38.121709],[-87.467918,38.121736],[-87.467996,38.12505],[-87.468122,38.125526],[-87.467289,38.16541],[-87.467313,38.165387],[-87.470037,38.165424]]]}},{"type":"Feature","properties":{"NAME":"SCOTT PRECINCT 03","WARD_PRECINCT":"S-03","CONGRESS":"08","SENATE":"49","HOUSE":"64","COMMISSION":"02","CO_COUNCIL":"01","TOWNSHIP":"SCOTT","ChangedPrecincts":"NO","OldPrecinctName":"SCOTT PRECINCT 03"},"geometry":{"type":"Polygon","coordinates":[[[-87.584921,38.167363],[-87.589395,38.167396],[-87.592307,38.167433],[-87.596687,38.167462],[-87.596677,38.16714],[-87.596688,38.166655],[-87.596684,38.165192],[-87.596708,38.162638],[-87.596719,38.159548],[-87.596755,38.157901],[-87.596782,38.155051],[-87.596839,38.151873],[-87.596857,38.149937],[-87.596897,38.147402],[-87.596942,38.145489],[-87.597135,38.139074],[-87.597147,38.138312],[-87.597142,38.137626],[-87.597166,38.134979],[-87.597154,38.134463],[-87.59715,38.133331],[-87.597175,38.131012],[-87.597165,38.130773],[-87.597205,38.127448],[-87.597266,38.124513],[-87.597267,38.124145],[-87.597244,38.123912],[-87.597203,38.123733],[-87.597107,38.1234],[-87.597065,38.123094],[-87.597058,38.122901],[-87.59708,38.120842],[-87.597122,38.118816],[-87.597155,38.11769],[-87.597233,38.112707],[-87.597294,38.110596],[-87.597382,38.104611],[-87.597378,38.103223],[-87.597388,38.102277],[-87.597418,38.101336],[-87.597561,38.099119],[-87.597615,38.098108],[-87.595442,38.098115],[-87.592952,38.0981],[-87.59204,38.09809],[-87.590253,38.098054],[-87.589364,38.098056],[-87.589168,38.098061],[-87.588865,38.098085],[-87.588641,38.098125],[-87.588375,38.098209],[-87.587886,38.098416],[-87.587482,38.098573],[-87.586387,38.098954],[-87.585832,38.09917],[-87.584856,38.099617],[-87.584526,38.099741],[-87.584263,38.099813],[-87.584101,38.09984],[-87.583812,38.099873],[-87.583496,38.099875],[-87.582905,38.099833],[-87.580138,38.099568],[-87.579883,38.099532],[-87.57971,38.099499],[-87.579553,38.099459],[-87.57932,38.09938],[-87.579192,38.099828],[-87.579129,38.100011],[-87.579041,38.100233],[-87.578886,38.100545],[-87.578366,38.101451],[-87.578073,38.101923],[-87.577705,38.10248],[-87.57715,38.10329],[-87.576903,38.10369],[-87.576668,38.104089],[-87.576583,38.104252],[-87.576466,38.104504],[-87.576418,38.10465],[-87.576387,38.104779],[-87.576357,38.105015],[-87.576356,38.105248],[-87.57637,38.105548],[-87.576467,38.106724],[-87.576505,38.107091],[-87.576606,38.107603],[-87.576696,38.107927],[-87.576837,38.108372],[-87.576666,38.108408],[-87.576462,38.108413],[-87.574236,38.108388],[-87.569942,38.108387],[-87.565096,38.108332],[-87.563694,38.108303],[-87.561322,38.108233],[-87.559547,38.108208],[-87.557121,38.108161],[-87.554019,38.108095],[-87.553658,38.10808],[-87.552223,38.108046],[-87.551222,38.108032],[-87.550115,38.108004],[-87.549566,38.107969],[-87.548602,38.108499],[-87.547379,38.10915],[-87.546897,38.109398],[-87.54642,38.10963],[-87.544828,38.110339],[-87.544381,38.110529],[-87.54396,38.110686],[-87.543721,38.110766],[-87.54184,38.111264],[-87.541334,38.111421],[-87.541155,38.111483],[-87.541,38.111552],[-87.540722,38.111707],[-87.540515,38.111853],[-87.540293,38.112044],[-87.539826,38.112493],[-87.539711,38.112592],[-87.539529,38.112717],[-87.539274,38.112849],[-87.539139,38.112907],[-87.538871,38.113006],[-87.537629,38.113402],[-87.536521,38.113768],[-87.535186,38.114239],[-87.534509,38.114501],[-87.533976,38.114722],[-87.533637,38.11488],[-87.53259,38.115423],[-87.531339,38.116088],[-87.530968,38.116313],[-87.530746,38.116508],[-87.53025,38.117004],[-87.529772,38.117508],[-87.529689,38.117617],[-87.529625,38.117717],[-87.529525,38.117939],[-87.529459,38.118153],[-87.529424,38.118384],[-87.529396,38.118977],[-87.529387,38.121016],[-87.529358,38.121215],[-87.529314,38.121382],[-87.529285,38.121465],[-87.529161,38.121733],[-87.529012,38.122026],[-87.528845,38.122336],[-87.52872,38.122544],[-87.52802,38.123364],[-87.527819,38.123614],[-87.527653,38.123836],[-87.527458,38.124141],[-87.527353,38.124349],[-87.527252,38.124602],[-87.527192,38.124792],[-87.527084,38.125191],[-87.526571,38.127426],[-87.526313,38.128723],[-87.526176,38.12948],[-87.526122,38.129933],[-87.526105,38.130157],[-87.526109,38.130615],[-87.526153,38.131296],[-87.52623,38.132101],[-87.526437,38.134009],[-87.526658,38.136208],[-87.526783,38.137098],[-87.527028,38.139505],[-87.527267,38.141738],[-87.527889,38.146815],[-87.528467,38.151804],[-87.528875,38.154978],[-87.528961,38.156347],[-87.529008,38.156859],[-87.529065,38.157332],[-87.529258,38.158673],[-87.529373,38.159635],[-87.529825,38.16388],[-87.52992,38.164674],[-87.529987,38.165134],[-87.530046,38.165365],[-87.530131,38.165613],[-87.530213,38.165791],[-87.530339,38.166015],[-87.530747,38.166678],[-87.531911,38.166753],[-87.533577,38.166837],[-87.534803,38.166884],[-87.53619,38.166918],[-87.537342,38.166932],[-87.577963,38.166936],[-87.578002,38.167433],[-87.579314,38.167419],[-87.582114,38.167408],[-87.584921,38.167363]]]}},{"type":"Feature","properties":{"NAME":"SCOTT PRECINCT 04","WARD_PRECINCT":"S-04","CONGRESS":"08","SENATE":"49","HOUSE":"64","COMMISSION":"02","CO_COUNCIL":"02","TOWNSHIP":"SCOTT","ChangedPrecincts":"NO","OldPrecinctName":"SCOTT PRECINCT 04"},"geometry":{"type":"Polygon","coordinates":[[[-87.55915,38.101638],[-87.55953,38.10597],[-87.559559,38.10608],[-87.559687,38.107173],[-87.559682,38.107264],[-87.559737,38.108211],[-87.561322,38.108233],[-87.563694,38.108303],[-87.565096,38.108332],[-87.56606,38.108338],[-87.567361,38.108359],[-87.569942,38.108387],[-87.574236,38.108388],[-87.576462,38.108413],[-87.576666,38.108408],[-87.576837,38.108372],[-87.576696,38.107927],[-87.576606,38.107603],[-87.576505,38.107091],[-87.576467,38.106724],[-87.57637,38.105548],[-87.576356,38.105248],[-87.576357,38.105015],[-87.576387,38.104779],[-87.576418,38.10465],[-87.576466,38.104504],[-87.576583,38.104252],[-87.576668,38.104089],[-87.576903,38.10369],[-87.57715,38.10329],[-87.577705,38.10248],[-87.578073,38.101923],[-87.578366,38.101451],[-87.578886,38.100545],[-87.579041,38.100233],[-87.579129,38.100011],[-87.579192,38.099828],[-87.57932,38.09938],[-87.579553,38.099459],[-87.57971,38.099499],[-87.579883,38.099532],[-87.580138,38.099568],[-87.582905,38.099833],[-87.583496,38.099875],[-87.583812,38.099873],[-87.584101,38.09984],[-87.584263,38.099813],[-87.584526,38.099741],[-87.584856,38.099617],[-87.585832,38.09917],[-87.586387,38.098954],[-87.587482,38.098573],[-87.587886,38.098416],[-87.588375,38.098209],[-87.588641,38.098125],[-87.588865,38.098085],[-87.589168,38.098061],[-87.589364,38.098056],[-87.590253,38.098054],[-87.59204,38.09809],[-87.592952,38.0981],[-87.595442,38.098115],[-87.597615,38.098108],[-87.597797,38.093459],[-87.597873,38.090996],[-87.597871,38.090738],[-87.597893,38.089704],[-87.597891,38.086313],[-87.59797,38.082683],[-87.598037,38.080058],[-87.588758,38.079976],[-87.588759,38.07989],[-87.588662,38.079889],[-87.588263,38.079842],[-87.586494,38.079857],[-87.584375,38.079841],[-87.579393,38.079695],[-87.576247,38.079633],[-87.5742,38.079621],[-87.570375,38.079647],[-87.563636,38.079543],[-87.555844,38.079492],[-87.556837,38.082187],[-87.557693,38.085119],[-87.557784,38.085542],[-87.557965,38.087251],[-87.558468,38.09388],[-87.55885,38.098348],[-87.55915,38.101638]]]}},{"type":"Feature","properties":{"NAME":"SCOTT PRECINCT 05","WARD_PRECINCT":"S-05","CONGRESS":"08","SENATE":"49","HOUSE":"64","COMMISSION":"02","CO_COUNCIL":"02","TOWNSHIP":"SCOTT","ChangedPrecincts":"NO","OldPrecinctName":"SCOTT PRECINCT 05"},"geometry":{"type":"Polygon","coordinates":[[[-87.512755,38.107513],[-87.512977,38.111384],[-87.513016,38.11227],[-87.513024,38.11278],[-87.513005,38.114935],[-87.512965,38.116486],[-87.512956,38.117344],[-87.512932,38.117971],[-87.512858,38.121204],[-87.512822,38.122286],[-87.519152,38.122411],[-87.519826,38.122415],[-87.523538,38.12247],[-87.528652,38.122554],[-87.52872,38.122544],[-87.528845,38.122336],[-87.529012,38.122026],[-87.529161,38.121733],[-87.529285,38.121465],[-87.529358,38.121215],[-87.529387,38.121016],[-87.529396,38.118977],[-87.529424,38.118384],[-87.529459,38.118153],[-87.529525,38.117939],[-87.529625,38.117717],[-87.529689,38.117617],[-87.529772,38.117508],[-87.52988,38.117388],[-87.53025,38.117004],[-87.530746,38.116508],[-87.530968,38.116313],[-87.531339,38.116088],[-87.53259,38.115423],[-87.533337,38.115031],[-87.533637,38.11488],[-87.533976,38.114722],[-87.534509,38.114501],[-87.535186,38.114239],[-87.535615,38.114085],[-87.536521,38.113768],[-87.537629,38.113402],[-87.538871,38.113006],[-87.539139,38.112907],[-87.539274,38.112849],[-87.539529,38.112717],[-87.539711,38.112592],[-87.539826,38.112493],[-87.540293,38.112044],[-87.540515,38.111853],[-87.540722,38.111707],[-87.541,38.111552],[-87.541155,38.111483],[-87.541334,38.111421],[-87.54184,38.111264],[-87.543721,38.110766],[-87.54396,38.110686],[-87.544381,38.110529],[-87.544828,38.110339],[-87.54642,38.10963],[-87.546897,38.109398],[-87.547379,38.10915],[-87.548602,38.108499],[-87.549566,38.107969],[-87.550115,38.108004],[-87.551222,38.108032],[-87.552223,38.108046],[-87.553658,38.10808],[-87.554019,38.108095],[-87.559737,38.108211],[-87.559682,38.107264],[-87.559687,38.107173],[-87.559559,38.10608],[-87.55953,38.10597],[-87.55915,38.101638],[-87.55885,38.098348],[-87.558468,38.09388],[-87.557965,38.087251],[-87.557784,38.085542],[-87.557693,38.085119],[-87.556837,38.082187],[-87.555859,38.079529],[-87.555259,38.079519],[-87.555094,38.07954],[-87.555063,38.079454],[-87.554932,38.079497],[-87.554768,38.07953],[-87.554734,38.079435],[-87.554496,38.079472],[-87.554129,38.079476],[-87.550578,38.07935],[-87.544543,38.079173],[-87.542749,38.079133],[-87.541609,38.07912],[-87.53899,38.07907],[-87.537591,38.079049],[-87.535909,38.079036],[-87.534932,38.080344],[-87.53489,38.080411],[-87.533855,38.081781],[-87.533743,38.081997],[-87.533677,38.082224],[-87.533668,38.082291],[-87.533676,38.082454],[-87.533701,38.082574],[-87.533764,38.082743],[-87.533846,38.082884],[-87.53394,38.083],[-87.534122,38.083178],[-87.534503,38.083529],[-87.534608,38.083644],[-87.534669,38.08373],[-87.534748,38.083895],[-87.534781,38.084063],[-87.534783,38.08418],[-87.534774,38.084405],[-87.53474,38.084861],[-87.534738,38.084975],[-87.534762,38.085341],[-87.534821,38.085769],[-87.534909,38.086256],[-87.534954,38.086422],[-87.535079,38.086769],[-87.53523,38.087147],[-87.535282,38.087318],[-87.535348,38.087657],[-87.535591,38.089311],[-87.535638,38.089698],[-87.535642,38.089854],[-87.535633,38.089996],[-87.535573,38.090332],[-87.535411,38.090937],[-87.535285,38.091262],[-87.535162,38.0915],[-87.534994,38.091768],[-87.534705,38.092197],[-87.534362,38.092616],[-87.534052,38.092978],[-87.533799,38.093311],[-87.533618,38.093613],[-87.533328,38.09418],[-87.532807,38.094956],[-87.532746,38.095054],[-87.532692,38.095176],[-87.532676,38.095234],[-87.532666,38.095327],[-87.532669,38.095416],[-87.532689,38.095509],[-87.532837,38.095899],[-87.532987,38.096235],[-87.533764,38.098121],[-87.533792,38.098239],[-87.533806,38.098391],[-87.533803,38.098472],[-87.533779,38.098633],[-87.533759,38.098703],[-87.533687,38.098853],[-87.533636,38.098936],[-87.533371,38.099304],[-87.531844,38.101238],[-87.531438,38.101774],[-87.53124,38.102069],[-87.530993,38.102469],[-87.530768,38.102857],[-87.530658,38.103062],[-87.530505,38.103396],[-87.530461,38.103526],[-87.530323,38.104049],[-87.530163,38.104805],[-87.529955,38.105651],[-87.529909,38.105873],[-87.529871,38.106153],[-87.529866,38.106259],[-87.529882,38.106507],[-87.529938,38.106874],[-87.530099,38.107785],[-87.52567,38.107706],[-87.523644,38.107646],[-87.521095,38.107596],[-87.520305,38.107569],[-87.51606,38.107469],[-87.51299,38.107406],[-87.512755,38.107408],[-87.512755,38.107513]]]}},{"type":"Feature","properties":{"NAME":"SCOTT PRECINCT 06","WARD_PRECINCT":"S-06","CONGRESS":"08","SENATE":"49","HOUSE":"64","COMMISSION":"02","CO_COUNCIL":"02","TOWNSHIP":"SCOTT","ChangedPrecincts":"NO","OldPrecinctName":"SCOTT PRECINCT 06"},"geometry":{"type":"Polygon","coordinates":[[[-87.51606,38.107469],[-87.520305,38.107569],[-87.521095,38.107596],[-87.523644,38.107646],[-87.52567,38.107706],[-87.530099,38.107785],[-87.529938,38.106874],[-87.529882,38.106507],[-87.529866,38.106259],[-87.529871,38.106153],[-87.529909,38.105873],[-87.529955,38.105651],[-87.530163,38.104805],[-87.530323,38.104049],[-87.530461,38.103526],[-87.530505,38.103396],[-87.530658,38.103062],[-87.530768,38.102857],[-87.530993,38.102469],[-87.53124,38.102069],[-87.531438,38.101774],[-87.531844,38.101238],[-87.533371,38.099304],[-87.533636,38.098936],[-87.533687,38.098853],[-87.533759,38.098703],[-87.533779,38.098633],[-87.533803,38.098472],[-87.533806,38.098391],[-87.533792,38.098239],[-87.533764,38.098121],[-87.532987,38.096235],[-87.532837,38.095899],[-87.532689,38.095509],[-87.532669,38.095416],[-87.532666,38.095327],[-87.532676,38.095234],[-87.532692,38.095176],[-87.532746,38.095054],[-87.532807,38.094956],[-87.533328,38.09418],[-87.533618,38.093613],[-87.533799,38.093311],[-87.534052,38.092978],[-87.534362,38.092616],[-87.534705,38.092197],[-87.534994,38.091768],[-87.535162,38.0915],[-87.535285,38.091262],[-87.535411,38.090937],[-87.535573,38.090332],[-87.535633,38.089996],[-87.535642,38.089854],[-87.535638,38.089698],[-87.535591,38.089311],[-87.535348,38.087657],[-87.535282,38.087318],[-87.53523,38.087147],[-87.535079,38.086769],[-87.534954,38.086422],[-87.534909,38.086256],[-87.534821,38.085769],[-87.534762,38.085341],[-87.534738,38.084975],[-87.53474,38.084861],[-87.534774,38.084405],[-87.534783,38.08418],[-87.534781,38.084063],[-87.534748,38.083895],[-87.534669,38.08373],[-87.534608,38.083644],[-87.534503,38.083529],[-87.534122,38.083178],[-87.53394,38.083],[-87.533846,38.082884],[-87.533764,38.082743],[-87.533701,38.082574],[-87.533676,38.082454],[-87.533668,38.082291],[-87.533677,38.082224],[-87.533743,38.081997],[-87.533855,38.081781],[-87.53489,38.080411],[-87.534932,38.080344],[-87.535909,38.079036],[-87.516408,38.07877],[-87.516264,38.079124],[-87.516053,38.079694],[-87.514814,38.083437],[-87.514687,38.0838],[-87.514465,38.084366],[-87.514333,38.084679],[-87.513729,38.085981],[-87.513553,38.086386],[-87.513447,38.086661],[-87.513296,38.08713],[-87.512742,38.088987],[-87.512543,38.089618],[-87.512388,38.090005],[-87.512257,38.090283],[-87.512131,38.090523],[-87.510431,38.09343],[-87.510201,38.093844],[-87.509972,38.094304],[-87.509866,38.094544],[-87.509715,38.09493],[-87.509529,38.095472],[-87.50942,38.095872],[-87.509371,38.096082],[-87.508989,38.09811],[-87.508965,38.098197],[-87.508924,38.098303],[-87.508861,38.098423],[-87.508795,38.098524],[-87.508639,38.098704],[-87.508537,38.098805],[-87.508176,38.099144],[-87.507891,38.099389],[-87.507086,38.100036],[-87.507262,38.100048],[-87.508064,38.100073],[-87.508279,38.100103],[-87.508385,38.100134],[-87.508477,38.100176],[-87.508604,38.100264],[-87.508668,38.100332],[-87.508719,38.100418],[-87.508744,38.100477],[-87.508769,38.100592],[-87.508778,38.100732],[-87.508742,38.102638],[-87.508737,38.104226],[-87.508726,38.104535],[-87.508693,38.106752],[-87.5087,38.106833],[-87.508753,38.106989],[-87.508823,38.10709],[-87.508856,38.107125],[-87.508962,38.107205],[-87.509121,38.107277],[-87.509337,38.107323],[-87.50942,38.107329],[-87.510182,38.10734],[-87.512755,38.107408],[-87.51299,38.107406],[-87.51606,38.107469]]]}},{"type":"Feature","properties":{"NAME":"UNION PRECINCT 01","WARD_PRECINCT":"U-01","CONGRESS":"08","SENATE":"49","HOUSE":"76","COMMISSION":"03","CO_COUNCIL":"01","TOWNSHIP":"UNION","ChangedPrecincts":"NO","OldPrecinctName":"UNION PRECINCT 01"},"geometry":{"type":"Polygon","coordinates":[[[-87.622422,37.947403],[-87.622679,37.94754],[-87.623137,37.94776],[-87.623311,37.947809],[-87.62345,37.947897],[-87.62395,37.948325],[-87.624352,37.948506],[-87.625005,37.948731],[-87.625082,37.948749],[-87.625339,37.948853],[-87.625651,37.94904],[-87.625762,37.949139],[-87.625908,37.949172],[-87.625998,37.949139],[-87.626074,37.94898],[-87.626346,37.947854],[-87.626533,37.947618],[-87.626839,37.947316],[-87.627117,37.947151],[-87.62729,37.94703],[-87.62747,37.946997],[-87.627713,37.947036],[-87.628053,37.947184],[-87.628691,37.947558],[-87.629038,37.94774],[-87.629329,37.947921],[-87.629565,37.947987],[-87.62978,37.948004],[-87.63012,37.947889],[-87.630502,37.947653],[-87.630877,37.947312],[-87.631217,37.947093],[-87.631488,37.946955],[-87.631779,37.946747],[-87.631876,37.946609],[-87.632022,37.946164],[-87.632057,37.945989],[-87.632057,37.945868],[-87.632127,37.945703],[-87.632217,37.945571],[-87.632259,37.945538],[-87.632564,37.945538],[-87.63273,37.945588],[-87.632869,37.945714],[-87.633008,37.946006],[-87.633645,37.947242],[-87.633763,37.947237],[-87.633937,37.947253],[-87.6342,37.947352],[-87.634464,37.947517],[-87.634575,37.947561],[-87.634693,37.947578],[-87.635074,37.947556],[-87.635421,37.947474],[-87.635851,37.947309],[-87.636712,37.946919],[-87.637121,37.946689],[-87.637531,37.946387],[-87.637975,37.946348],[-87.638017,37.946326],[-87.638176,37.946145],[-87.63835,37.945772],[-87.638399,37.945717],[-87.639475,37.943932],[-87.639482,37.943695],[-87.639448,37.943514],[-87.639441,37.943338],[-87.639406,37.943085],[-87.639351,37.942838],[-87.639143,37.942393],[-87.639053,37.9423],[-87.638961,37.942225],[-87.63875,37.941578],[-87.638365,37.941057],[-87.638305,37.940923],[-87.638296,37.940747],[-87.638378,37.940583],[-87.638634,37.940434],[-87.638951,37.94043],[-87.639175,37.940468],[-87.639793,37.9407],[-87.640355,37.940846],[-87.641021,37.940961],[-87.641294,37.940985],[-87.641517,37.940961],[-87.641781,37.940769],[-87.641905,37.940578],[-87.641964,37.940087],[-87.641957,37.939629],[-87.641925,37.939526],[-87.64175,37.939279],[-87.641618,37.939182],[-87.641521,37.939021],[-87.641494,37.938702],[-87.641573,37.938462],[-87.641657,37.938378],[-87.641844,37.938276],[-87.641965,37.938225],[-87.642189,37.938196],[-87.642496,37.938266],[-87.642913,37.938509],[-87.643475,37.938281],[-87.643538,37.938147],[-87.643535,37.93797],[-87.643216,37.936536],[-87.643036,37.936134],[-87.642616,37.935501],[-87.642523,37.935154],[-87.642649,37.934667],[-87.642902,37.934251],[-87.643103,37.933816],[-87.643364,37.932806],[-87.643621,37.93216],[-87.643754,37.931635],[-87.643804,37.931353],[-87.643877,37.931147],[-87.643936,37.931012],[-87.643998,37.930917],[-87.644161,37.930702],[-87.644214,37.930644],[-87.644253,37.930579],[-87.644271,37.930509],[-87.644298,37.930483],[-87.644417,37.930429],[-87.644546,37.930393],[-87.645087,37.930203],[-87.645442,37.93004],[-87.64578,37.929857],[-87.645953,37.929739],[-87.646247,37.929516],[-87.646321,37.929473],[-87.646446,37.929429],[-87.646483,37.929409],[-87.646588,37.92934],[-87.646637,37.92928],[-87.646706,37.929235],[-87.647149,37.928984],[-87.647266,37.928928],[-87.647637,37.928787],[-87.648138,37.928615],[-87.649344,37.928388],[-87.649601,37.928316],[-87.649724,37.928269],[-87.649759,37.928247],[-87.649981,37.928067],[-87.650111,37.927841],[-87.650144,37.927737],[-87.650111,37.927526],[-87.649996,37.927284],[-87.650175,37.927078],[-87.650216,37.927015],[-87.650261,37.927012],[-87.650442,37.927035],[-87.650646,37.927115],[-87.650786,37.927207],[-87.651097,37.927357],[-87.651342,37.927453],[-87.651538,37.927544],[-87.651644,37.927611],[-87.651926,37.927891],[-87.652127,37.928126],[-87.65221,37.928252],[-87.652242,37.928278],[-87.652431,37.928379],[-87.652601,37.928433],[-87.652966,37.928445],[-87.653505,37.928529],[-87.654063,37.928685],[-87.654388,37.928816],[-87.654683,37.928913],[-87.65477,37.928933],[-87.655109,37.929038],[-87.655558,37.929084],[-87.655647,37.929084],[-87.655904,37.929055],[-87.655995,37.929032],[-87.656244,37.928934],[-87.656351,37.928867],[-87.656507,37.928737],[-87.656872,37.928472],[-87.657025,37.928407],[-87.657167,37.928329],[-87.657386,37.928288],[-87.657558,37.928297],[-87.657776,37.928334],[-87.658071,37.928426],[-87.658388,37.928565],[-87.658651,37.928698],[-87.658856,37.928773],[-87.658988,37.9288],[-87.659124,37.928808],[-87.659344,37.928762],[-87.659634,37.928588],[-87.659829,37.92844],[-87.659989,37.928267],[-87.660221,37.927961],[-87.660427,37.92777],[-87.660688,37.927628],[-87.661202,37.927403],[-87.661393,37.927305],[-87.661711,37.927168],[-87.662248,37.926978],[-87.662694,37.926802],[-87.66301,37.926657],[-87.663291,37.926478],[-87.663645,37.926226],[-87.663711,37.926324],[-87.663706,37.926182],[-87.663761,37.926143],[-87.664255,37.925721],[-87.6644,37.925584],[-87.664527,37.925439],[-87.664759,37.925218],[-87.664949,37.925065],[-87.665281,37.924822],[-87.665571,37.924597],[-87.666106,37.924167],[-87.666398,37.923895],[-87.666547,37.923678],[-87.666591,37.92354],[-87.66667,37.923159],[-87.666691,37.922915],[-87.666726,37.922705],[-87.666777,37.922607],[-87.666855,37.922519],[-87.667036,37.92241],[-87.667156,37.922359],[-87.667381,37.922324],[-87.667518,37.922316],[-87.667746,37.922335],[-87.667955,37.922405],[-87.668035,37.922441],[-87.668122,37.922461],[-87.668393,37.922493],[-87.668531,37.922495],[-87.668895,37.922471],[-87.669257,37.92242],[-87.66974,37.922309],[-87.67019,37.922135],[-87.670306,37.922077],[-87.670607,37.921858],[-87.670974,37.921542],[-87.671131,37.921367],[-87.671364,37.92106],[-87.671441,37.920932],[-87.671889,37.920104],[-87.672063,37.919896],[-87.67215,37.919813],[-87.672329,37.919703],[-87.672406,37.919664],[-87.672574,37.919609],[-87.672753,37.919581],[-87.672844,37.919574],[-87.672935,37.919578],[-87.673116,37.919603],[-87.673314,37.91969],[-87.673454,37.919782],[-87.673486,37.919808],[-87.673535,37.919868],[-87.673618,37.919994],[-87.673676,37.920202],[-87.673665,37.920415],[-87.673644,37.920485],[-87.673565,37.920689],[-87.673489,37.920818],[-87.673209,37.921223],[-87.673064,37.921483],[-87.672981,37.92161],[-87.672893,37.921885],[-87.672875,37.92199],[-87.672872,37.922132],[-87.67291,37.922308],[-87.672961,37.922406],[-87.673019,37.922462],[-87.673165,37.922547],[-87.673281,37.922588],[-87.673463,37.922606],[-87.6736,37.922604],[-87.673864,37.922549],[-87.674277,37.922324],[-87.674892,37.921902],[-87.675252,37.921682],[-87.675645,37.921502],[-87.67629,37.921239],[-87.676445,37.921164],[-87.676703,37.921016],[-87.677166,37.920677],[-87.677644,37.9203],[-87.678062,37.919926],[-87.678526,37.919539],[-87.678877,37.919212],[-87.678985,37.919097],[-87.679286,37.918741],[-87.679438,37.918482],[-87.67949,37.918345],[-87.67951,37.918314],[-87.679523,37.918243],[-87.679528,37.917853],[-87.679548,37.917506],[-87.679595,37.917406],[-87.679686,37.917282],[-87.679715,37.917255],[-87.679824,37.917191],[-87.679943,37.917138],[-87.680357,37.917004],[-87.680718,37.916857],[-87.681049,37.916751],[-87.681333,37.916641],[-87.681848,37.916359],[-87.682004,37.916286],[-87.682533,37.916098],[-87.682837,37.916043],[-87.683512,37.916018],[-87.683692,37.91603],[-87.683866,37.916054],[-87.684285,37.916155],[-87.684318,37.916178],[-87.684361,37.916182],[-87.684432,37.916212],[-87.684476,37.916219],[-87.684505,37.916245],[-87.684546,37.916252],[-87.684614,37.916292],[-87.684653,37.916303],[-87.68468,37.916332],[-87.68472,37.916341],[-87.684785,37.916382],[-87.684823,37.916392],[-87.68485,37.916422],[-87.68489,37.916429],[-87.684918,37.916455],[-87.684996,37.916481],[-87.685024,37.916508],[-87.685065,37.916515],[-87.6851,37.916537],[-87.685227,37.916562],[-87.685273,37.916558],[-87.685399,37.916518],[-87.685428,37.916491],[-87.685447,37.91646],[-87.68547,37.916391],[-87.685477,37.916356],[-87.685459,37.916287],[-87.685329,37.916099],[-87.685103,37.915834],[-87.684924,37.915549],[-87.684887,37.915449],[-87.68486,37.915275],[-87.684866,37.915206],[-87.6849,37.915144],[-87.684895,37.91511],[-87.684934,37.915051],[-87.685003,37.914971],[-87.68507,37.914926],[-87.685148,37.914888],[-87.68519,37.914886],[-87.685273,37.914861],[-87.685317,37.914864],[-87.685358,37.914852],[-87.685404,37.914851],[-87.685581,37.914882],[-87.685735,37.914954],[-87.685824,37.915034],[-87.685903,37.915119],[-87.685917,37.915153],[-87.686172,37.915441],[-87.686309,37.91558],[-87.686439,37.915679],[-87.686477,37.915697],[-87.686521,37.915703],[-87.686556,37.915723],[-87.686643,37.915739],[-87.686682,37.915754],[-87.687074,37.915826],[-87.687574,37.915864],[-87.687891,37.915866],[-87.688162,37.915836],[-87.688491,37.915725],[-87.688552,37.915696],[-87.688792,37.915543],[-87.688885,37.915471],[-87.68896,37.915394],[-87.688994,37.915293],[-87.689012,37.915051],[-87.688979,37.914986],[-87.68891,37.914894],[-87.688857,37.914837],[-87.68879,37.914792],[-87.688766,37.914763],[-87.688728,37.914746],[-87.688613,37.91465],[-87.688572,37.914638],[-87.688546,37.914611],[-87.688475,37.914574],[-87.68845,37.914546],[-87.688378,37.914508],[-87.68831,37.914465],[-87.688251,37.914415],[-87.688213,37.914398],[-87.68819,37.914367],[-87.688122,37.914325],[-87.687967,37.914205],[-87.687853,37.914102],[-87.687817,37.914083],[-87.687761,37.914029],[-87.687638,37.913936],[-87.687474,37.913775],[-87.687345,37.913588],[-87.687303,37.913455],[-87.687302,37.913421],[-87.687281,37.91339],[-87.687264,37.913186],[-87.687275,37.913151],[-87.687251,37.913019],[-87.687258,37.912984],[-87.687241,37.912919],[-87.687249,37.912884],[-87.687225,37.912751],[-87.687221,37.912475],[-87.687228,37.912404],[-87.687281,37.912197],[-87.687323,37.912098],[-87.687421,37.911981],[-87.687459,37.911921],[-87.687802,37.911597],[-87.688314,37.911039],[-87.688675,37.910674],[-87.688793,37.910565],[-87.689015,37.910389],[-87.689289,37.910215],[-87.689434,37.910141],[-87.689455,37.91011],[-87.689492,37.910093],[-87.689549,37.910043],[-87.689588,37.910027],[-87.689707,37.909926],[-87.689772,37.909881],[-87.689849,37.909796],[-87.690016,37.909586],[-87.69008,37.909494],[-87.690276,37.909146],[-87.690304,37.909049],[-87.690301,37.909016],[-87.690323,37.908985],[-87.690321,37.908952],[-87.690344,37.908888],[-87.690358,37.908787],[-87.690352,37.908754],[-87.690368,37.908722],[-87.690358,37.908689],[-87.690372,37.908625],[-87.690364,37.908592],[-87.690381,37.90856],[-87.690386,37.908509],[-87.690375,37.908476],[-87.690387,37.90841],[-87.690378,37.908376],[-87.69039,37.908344],[-87.69038,37.908311],[-87.690387,37.908245],[-87.690373,37.908211],[-87.690378,37.908144],[-87.690365,37.90811],[-87.690359,37.907977],[-87.690311,37.907846],[-87.690275,37.907715],[-87.690184,37.907551],[-87.690143,37.907489],[-87.689993,37.907317],[-87.689429,37.906874],[-87.68934,37.906794],[-87.689065,37.906513],[-87.688887,37.906307],[-87.688754,37.906121],[-87.688627,37.905868],[-87.688586,37.90574],[-87.688559,37.905711],[-87.688555,37.905679],[-87.688522,37.905618],[-87.688524,37.905585],[-87.6885,37.905555],[-87.688499,37.905522],[-87.688472,37.905456],[-87.688449,37.905357],[-87.688447,37.905318],[-87.688381,37.90517],[-87.688314,37.905038],[-87.68819,37.90489],[-87.688131,37.904836],[-87.687947,37.904732],[-87.687768,37.904702],[-87.687497,37.904727],[-87.687366,37.904757],[-87.687111,37.904834],[-87.68685,37.90488],[-87.686584,37.904905],[-87.686496,37.904908],[-87.686317,37.904895],[-87.68592,37.904815],[-87.685756,37.904756],[-87.68552,37.904649],[-87.685164,37.904379],[-87.684995,37.904213],[-87.684792,37.903983],[-87.684658,37.903528],[-87.684637,37.903535],[-87.684493,37.903656],[-87.684419,37.903672],[-87.684172,37.90364],[-87.683405,37.903606],[-87.682448,37.903623],[-87.680803,37.903381],[-87.680362,37.90326],[-87.679961,37.903227],[-87.679411,37.903013],[-87.679136,37.902958],[-87.678987,37.902903],[-87.678082,37.902623],[-87.676546,37.902046],[-87.67579,37.901887],[-87.675016,37.90165],[-87.67442,37.901403],[-87.673933,37.901166],[-87.672357,37.900194],[-87.672157,37.900029],[-87.671767,37.899809],[-87.67163,37.899677],[-87.671481,37.899605],[-87.670507,37.89899],[-87.669997,37.898556],[-87.669441,37.898204],[-87.669332,37.898166],[-87.669091,37.897847],[-87.66865,37.897463],[-87.668576,37.897347],[-87.668209,37.897028],[-87.667797,37.896765],[-87.667682,37.8966],[-87.666845,37.89577],[-87.666702,37.895468],[-87.666645,37.89527],[-87.666272,37.894649],[-87.665711,37.893907],[-87.665522,37.893583],[-87.665378,37.893358],[-87.665378,37.893248],[-87.665264,37.892858],[-87.664949,37.892248],[-87.664983,37.89216],[-87.665,37.892001],[-87.664977,37.891891],[-87.664857,37.891803],[-87.664645,37.891055],[-87.664381,37.889737],[-87.664336,37.889077],[-87.664187,37.888325],[-87.664106,37.888083],[-87.664038,37.887484],[-87.66406,37.887347],[-87.664158,37.8871],[-87.664387,37.886743],[-87.664582,37.886226],[-87.664782,37.885809],[-87.665029,37.885127],[-87.665057,37.884699],[-87.665075,37.88466],[-87.665143,37.884385],[-87.665751,37.882781],[-87.665991,37.882017],[-87.666272,37.881375],[-87.66648,37.880727],[-87.666719,37.880045],[-87.666822,37.879858],[-87.667905,37.878057],[-87.668364,37.877326],[-87.668833,37.876375],[-87.668942,37.87609],[-87.669297,37.875337],[-87.66967,37.875081],[-87.669882,37.874848],[-87.670174,37.874244],[-87.670959,37.872822],[-87.671148,37.872497],[-87.671434,37.872179],[-87.67156,37.871909],[-87.671709,37.871739],[-87.671841,37.871508],[-87.671962,37.871355],[-87.672271,37.871052],[-87.672489,37.870508],[-87.67281,37.869997],[-87.673132,37.869625],[-87.673503,37.869124],[-87.673864,37.868437],[-87.674425,37.867701],[-87.674506,37.867563],[-87.674557,37.867404],[-87.674684,37.866702],[-87.675647,37.865551],[-87.676334,37.864647],[-87.676772,37.863879],[-87.677146,37.862836],[-87.677488,37.861838],[-87.677798,37.861187],[-87.678674,37.86018],[-87.679972,37.858996],[-87.68082,37.857977],[-87.68138,37.857032],[-87.681689,37.85628],[-87.681741,37.855414],[-87.681607,37.85425],[-87.681387,37.851208],[-87.681483,37.850494],[-87.681876,37.848575],[-87.68209,37.847606],[-87.682132,37.847312],[-87.682103,37.84679],[-87.682057,37.846543],[-87.68196,37.846312],[-87.681788,37.845982],[-87.681314,37.845239],[-87.681004,37.844557],[-87.680876,37.843695],[-87.680846,37.843164],[-87.680939,37.841664],[-87.680868,37.84096],[-87.680602,37.840032],[-87.679691,37.838184],[-87.679632,37.837745],[-87.679605,37.837192],[-87.679553,37.83695],[-87.679416,37.836532],[-87.679352,37.836439],[-87.679261,37.836351],[-87.678946,37.835972],[-87.678189,37.834879],[-87.677725,37.834164],[-87.676001,37.832203],[-87.674704,37.830922],[-87.673768,37.82963],[-87.672433,37.828896],[-87.671348,37.828419],[-87.670349,37.827969],[-87.669219,37.827794],[-87.668352,37.827726],[-87.667646,37.82757],[-87.666615,37.827405],[-87.664953,37.827327],[-87.663578,37.827162],[-87.662455,37.827102],[-87.661636,37.827036],[-87.660925,37.826915],[-87.658977,37.826711],[-87.657379,37.826447],[-87.653843,37.826094],[-87.653104,37.826045],[-87.651815,37.826056],[-87.650411,37.826148],[-87.649683,37.826143],[-87.649357,37.826115],[-87.649122,37.826164],[-87.64895,37.826175],[-87.646967,37.826126],[-87.645884,37.826147],[-87.645031,37.826223],[-87.644166,37.826196],[-87.643759,37.82625],[-87.643094,37.826283],[-87.64153,37.826403],[-87.640716,37.826447],[-87.640315,37.826535],[-87.638121,37.826836],[-87.637388,37.826954],[-87.63725,37.826979],[-87.636838,37.827098],[-87.636,37.827231],[-87.635708,37.827258],[-87.635273,37.827373],[-87.634213,37.827516],[-87.633605,37.827647],[-87.632792,37.827784],[-87.631067,37.828047],[-87.630735,37.828135],[-87.630196,37.82825],[-87.629933,37.828278],[-87.629182,37.828398],[-87.628735,37.828447],[-87.62728,37.828678],[-87.62567,37.829023],[-87.625017,37.829236],[-87.624486,37.829431],[-87.623475,37.829605],[-87.622982,37.829731],[-87.621899,37.829985],[-87.621447,37.830045],[-87.620994,37.83015],[-87.620582,37.830271],[-87.619843,37.830563],[-87.619521,37.830728],[-87.619155,37.830893],[-87.618817,37.830986],[-87.617602,37.831102],[-87.617264,37.831191],[-87.616261,37.831581],[-87.61535,37.831889],[-87.615098,37.832021],[-87.614674,37.83234],[-87.614457,37.832455],[-87.613884,37.832681],[-87.613259,37.833098],[-87.612451,37.833615],[-87.612245,37.83378],[-87.611357,37.834638],[-87.611002,37.83494],[-87.610589,37.835363],[-87.610515,37.835488],[-87.610119,37.836062],[-87.609891,37.836338],[-87.609274,37.836823],[-87.607716,37.837721],[-87.606558,37.838703],[-87.605283,37.840158],[-87.604221,37.841311],[-87.603266,37.842476],[-87.601772,37.844354],[-87.60145,37.844435],[-87.600923,37.845097],[-87.600837,37.845379],[-87.600785,37.845488],[-87.600659,37.845603],[-87.60039,37.845801],[-87.599193,37.846629],[-87.598562,37.847016],[-87.598127,37.847379],[-87.597846,37.847659],[-87.597537,37.848054],[-87.597164,37.848605],[-87.597106,37.84872],[-87.596935,37.849071],[-87.59674,37.849522],[-87.596373,37.850434],[-87.59607,37.851033],[-87.595846,37.851407],[-87.595577,37.85178],[-87.595376,37.852091],[-87.595136,37.852671],[-87.594746,37.853396],[-87.594259,37.854088],[-87.594001,37.854385],[-87.592109,37.856377],[-87.590272,37.858597],[-87.591202,37.859665],[-87.591462,37.860376],[-87.591437,37.860761],[-87.59112,37.862141],[-87.59026,37.86346],[-87.589207,37.863752],[-87.58809,37.867487],[-87.588041,37.868991],[-87.586397,37.870549],[-87.586309,37.8725],[-87.58393,37.872492],[-87.583812,37.874062],[-87.58401,37.87579],[-87.583742,37.878087],[-87.584259,37.879466],[-87.584995,37.881186],[-87.586713,37.884269],[-87.587146,37.884865],[-87.589164,37.886346],[-87.590794,37.888023],[-87.591939,37.888723],[-87.591998,37.888732],[-87.592043,37.888867],[-87.592702,37.88963],[-87.592948,37.889844],[-87.593762,37.890449],[-87.594289,37.890789],[-87.594844,37.891184],[-87.595893,37.892008],[-87.596518,37.892371],[-87.597257,37.892733],[-87.598025,37.893172],[-87.598489,37.893546],[-87.598924,37.893804],[-87.599113,37.894001],[-87.599612,37.894315],[-87.60015,37.894694],[-87.600695,37.895018],[-87.60117,37.89532],[-87.601651,37.895737],[-87.601892,37.895874],[-87.60199,37.895957],[-87.602356,37.896209],[-87.602803,37.896434],[-87.603537,37.896857],[-87.60384,37.897016],[-87.604396,37.897417],[-87.605284,37.898005],[-87.605846,37.898334],[-87.606923,37.899004],[-87.607867,37.89945],[-87.60827,37.899663],[-87.609077,37.899993],[-87.609668,37.900201],[-87.609954,37.900333],[-87.61098,37.900997],[-87.611289,37.901157],[-87.612326,37.901755],[-87.612484,37.901824],[-87.613064,37.902171],[-87.614334,37.902975],[-87.618158,37.905529],[-87.619505,37.906576],[-87.619829,37.906853],[-87.620102,37.907152],[-87.620371,37.907372],[-87.620589,37.907646],[-87.621403,37.908613],[-87.621511,37.908832],[-87.621844,37.909327],[-87.621953,37.909535],[-87.621976,37.909673],[-87.621884,37.910338],[-87.621758,37.91097],[-87.621741,37.9112],[-87.621792,37.911404],[-87.622053,37.91175],[-87.62245,37.912122],[-87.623447,37.912882],[-87.62397,37.913466],[-87.624439,37.914167],[-87.62456,37.914325],[-87.624686,37.914529],[-87.62502,37.914946],[-87.625024,37.91491],[-87.625373,37.915524],[-87.625558,37.915968],[-87.625597,37.916035],[-87.626559,37.91854],[-87.627322,37.920409],[-87.627244,37.922264],[-87.627302,37.923897],[-87.627274,37.924845],[-87.627123,37.925713],[-87.626854,37.926761],[-87.626416,37.927935],[-87.625901,37.928836],[-87.625279,37.929628],[-87.624602,37.930285],[-87.623526,37.930754],[-87.626062,37.93353],[-87.626357,37.933663],[-87.626981,37.934163],[-87.627252,37.934311],[-87.627376,37.934405],[-87.62748,37.934564],[-87.62755,37.934784],[-87.627556,37.93513],[-87.627542,37.935427],[-87.627368,37.936388],[-87.627208,37.936723],[-87.626965,37.937003],[-87.626861,37.937157],[-87.626791,37.937459],[-87.626576,37.937783],[-87.626375,37.938036],[-87.62643,37.938316],[-87.626707,37.938877],[-87.626707,37.939118],[-87.626665,37.939278],[-87.626324,37.94025],[-87.626157,37.940602],[-87.625879,37.94136],[-87.625595,37.941782],[-87.625143,37.942222],[-87.624916,37.94232],[-87.624853,37.942364],[-87.62477,37.942441],[-87.624749,37.94249],[-87.624742,37.942567],[-87.62475,37.942677],[-87.624847,37.942946],[-87.624847,37.942996],[-87.624812,37.943105],[-87.624778,37.943155],[-87.624577,37.943347],[-87.624466,37.943468],[-87.624327,37.943836],[-87.624036,37.944348],[-87.623919,37.944512],[-87.623523,37.944925],[-87.623149,37.945282],[-87.622047,37.946239],[-87.621728,37.946491],[-87.621485,37.946623],[-87.621339,37.946689],[-87.621124,37.946766],[-87.62102,37.946838],[-87.620993,37.946926],[-87.621021,37.947041],[-87.621125,37.947222],[-87.62125,37.947332],[-87.621472,37.94747],[-87.621639,37.947535],[-87.621784,37.947541],[-87.621923,37.947519],[-87.622207,37.947392],[-87.622346,37.947387],[-87.622422,37.947403]]]}},{"type":"Feature","properties":{"NAME":"WARD 01 PRECINCT 01","WARD_PRECINCT":"1-01","CONGRESS":"08","SENATE":"50","HOUSE":"78","COMMISSION":"01","CO_COUNCIL":"04","TOWNSHIP":"KNIGHT","ChangedPrecincts":"NO","OldPrecinctName":"WARD 01 PRECINCT 01"},"geometry":{"type":"Polygon","coordinates":[[[-87.479482,37.967489],[-87.483316,37.969091],[-87.483837,37.969276],[-87.484232,37.969378],[-87.484625,37.969433],[-87.485083,37.969458],[-87.486697,37.969479],[-87.486691,37.969334],[-87.486712,37.969091],[-87.486874,37.968288],[-87.486903,37.967916],[-87.48725,37.967929],[-87.488192,37.967938],[-87.492681,37.967971],[-87.492694,37.967559],[-87.492684,37.966326],[-87.49269,37.965471],[-87.492659,37.963309],[-87.49266,37.963144],[-87.492693,37.962396],[-87.488224,37.962369],[-87.488044,37.962358],[-87.48699,37.962345],[-87.483483,37.962314],[-87.474387,37.962134],[-87.474348,37.964097],[-87.474311,37.964773],[-87.474313,37.965629],[-87.474794,37.965913],[-87.475003,37.966022],[-87.475467,37.966233],[-87.475742,37.966339],[-87.476616,37.966661],[-87.477059,37.966814],[-87.477427,37.966922],[-87.478759,37.967251],[-87.478997,37.967316],[-87.479273,37.96741],[-87.479482,37.967489]]]}},{"type":"Feature","properties":{"NAME":"WARD 03 PRECINCT 01","WARD_PRECINCT":"3-01","CONGRESS":"08","SENATE":"50","HOUSE":"77","COMMISSION":"01","CO_COUNCIL":"04","TOWNSHIP":"KNIGHT","ChangedPrecincts":"YES","OldPrecinctName":"WARD 01 PRECINCT 04"},"geometry":{"type":"Polygon","coordinates":[[[-87.502073,37.962375],[-87.511177,37.962464],[-87.511202,37.961184],[-87.511229,37.958809],[-87.511229,37.957661],[-87.51124,37.957128],[-87.511258,37.955055],[-87.510445,37.955072],[-87.501956,37.955039],[-87.494076,37.954977],[-87.493945,37.954989],[-87.492853,37.954981],[-87.492796,37.957585],[-87.492765,37.958359],[-87.492741,37.95924],[-87.492738,37.959467],[-87.492759,37.959593],[-87.492755,37.959789],[-87.49271,37.960022],[-87.492699,37.960565],[-87.492738,37.960707],[-87.49271,37.962212],[-87.492693,37.962396],[-87.502073,37.962375]]]}},{"type":"Feature","properties":{"NAME":"WARD 01 PRECINCT 05","WARD_PRECINCT":"1-05","CONGRESS":"08","SENATE":"50","HOUSE":"78","COMMISSION":"01","CO_COUNCIL":"04","TOWNSHIP":"KNIGHT","ChangedPrecincts":"NO","OldPrecinctName":"WARD 01 PRECINCT 05"},"geometry":{"type":"Polygon","coordinates":[[[-87.477909,37.956806],[-87.477796,37.962202],[-87.483483,37.962314],[-87.48699,37.962345],[-87.488044,37.962358],[-87.488224,37.962369],[-87.492693,37.962396],[-87.49271,37.962212],[-87.492738,37.960707],[-87.492699,37.960565],[-87.49271,37.960022],[-87.492755,37.959789],[-87.492759,37.959593],[-87.492738,37.959467],[-87.492741,37.95924],[-87.492765,37.958359],[-87.492796,37.957585],[-87.492852,37.955043],[-87.492816,37.954959],[-87.492496,37.954955],[-87.491985,37.954973],[-87.491524,37.955002],[-87.491169,37.955009],[-87.482912,37.954931],[-87.477934,37.95486],[-87.477909,37.956806]]]}},{"type":"Feature","properties":{"NAME":"WARD 01 PRECINCT 06","WARD_PRECINCT":"1-06","CONGRESS":"08","SENATE":"50","HOUSE":"78","COMMISSION":"01","CO_COUNCIL":"04","TOWNSHIP":"KNIGHT","ChangedPrecincts":"NO","OldPrecinctName":"WARD 01 PRECINCT 06"},"geometry":{"type":"Polygon","coordinates":[[[-87.459578,37.976666],[-87.474079,37.976547],[-87.474222,37.974164],[-87.474306,37.970698],[-87.474288,37.970327],[-87.474285,37.969875],[-87.474298,37.969362],[-87.467289,37.969383],[-87.462878,37.969413],[-87.462757,37.969421],[-87.461324,37.969437],[-87.46099,37.96943],[-87.459647,37.969435],[-87.459626,37.969616],[-87.459634,37.970821],[-87.459627,37.971855],[-87.4596,37.975608],[-87.459578,37.976666]]]}},{"type":"Feature","properties":{"NAME":"WARD 01 PRECINCT 07","WARD_PRECINCT":"1-07","CONGRESS":"08","SENATE":"50","HOUSE":"78","COMMISSION":"01","CO_COUNCIL":"04","TOWNSHIP":"KNIGHT","ChangedPrecincts":"NO","OldPrecinctName":"WARD 01 PRECINCT 07"},"geometry":{"type":"Polygon","coordinates":[[[-87.459578,37.976666],[-87.4596,37.975608],[-87.459627,37.971855],[-87.459634,37.970821],[-87.459626,37.969616],[-87.459647,37.969435],[-87.451099,37.969479],[-87.450209,37.969478],[-87.450016,37.976686],[-87.451284,37.976686],[-87.451619,37.976676],[-87.452091,37.976684],[-87.459578,37.976666]]]}},{"type":"Feature","properties":{"NAME":"WARD 01 PRECINCT 08","WARD_PRECINCT":"1-08","CONGRESS":"08","SENATE":"50","HOUSE":"77","COMMISSION":"01","CO_COUNCIL":"04","TOWNSHIP":"KNIGHT","ChangedPrecincts":"NO","OldPrecinctName":"WARD 01 PRECINCT 08"},"geometry":{"type":"Polygon","coordinates":[[[-87.474285,37.969875],[-87.474288,37.970327],[-87.474306,37.970698],[-87.474222,37.974164],[-87.474079,37.976547],[-87.474058,37.97668],[-87.477384,37.976732],[-87.480285,37.976728],[-87.485168,37.976771],[-87.485166,37.976686],[-87.485153,37.97659],[-87.485176,37.976325],[-87.485195,37.975215],[-87.485188,37.975135],[-87.485155,37.97498],[-87.485087,37.974755],[-87.485051,37.974546],[-87.485053,37.974142],[-87.485123,37.971046],[-87.485111,37.970797],[-87.485067,37.970588],[-87.485062,37.970529],[-87.485064,37.970006],[-87.485083,37.969458],[-87.484625,37.969433],[-87.484232,37.969378],[-87.483837,37.969276],[-87.483583,37.96919],[-87.483561,37.969232],[-87.483469,37.969336],[-87.483374,37.969387],[-87.483296,37.969409],[-87.483208,37.969421],[-87.483022,37.969431],[-87.479284,37.969378],[-87.474298,37.969362],[-87.474285,37.969875]]]}},{"type":"Feature","properties":{"NAME":"WARD 01 PRECINCT 09","WARD_PRECINCT":"1-09","CONGRESS":"08","SENATE":"50","HOUSE":"78","COMMISSION":"01","CO_COUNCIL":"04","TOWNSHIP":"KNIGHT","ChangedPrecincts":"NO","OldPrecinctName":"WARD 01 PRECINCT 09"},"geometry":{"type":"Polygon","coordinates":[[[-87.456722,37.962987],[-87.457367,37.962991],[-87.457357,37.963445],[-87.457326,37.963541],[-87.45721,37.963738],[-87.457191,37.96381],[-87.457174,37.965661],[-87.457159,37.965749],[-87.457097,37.965903],[-87.457464,37.965997],[-87.458466,37.966222],[-87.458609,37.966247],[-87.459078,37.966298],[-87.459307,37.966309],[-87.459683,37.96631],[-87.459723,37.965477],[-87.45975,37.964287],[-87.459736,37.963813],[-87.459759,37.962197],[-87.462345,37.962182],[-87.462791,37.962182],[-87.46297,37.962196],[-87.463008,37.959915],[-87.463021,37.959667],[-87.463925,37.959737],[-87.464564,37.959804],[-87.464569,37.959468],[-87.464619,37.958288],[-87.464618,37.95811],[-87.46522,37.958124],[-87.465501,37.958122],[-87.46569,37.958111],[-87.465908,37.958086],[-87.466077,37.958053],[-87.46626,37.958004],[-87.466356,37.957961],[-87.466452,37.957896],[-87.466546,37.957799],[-87.466575,37.957754],[-87.466616,37.957642],[-87.466638,37.957504],[-87.466644,37.957395],[-87.466639,37.95726],[-87.466565,37.956784],[-87.466557,37.956576],[-87.466568,37.956349],[-87.466637,37.955955],[-87.466658,37.955719],[-87.466681,37.955075],[-87.466711,37.95485],[-87.461701,37.954872],[-87.461193,37.954881],[-87.460153,37.954932],[-87.459422,37.95495],[-87.45621,37.954963],[-87.455513,37.95498],[-87.454612,37.955026],[-87.454099,37.955044],[-87.452294,37.955052],[-87.451902,37.955065],[-87.451354,37.955066],[-87.451157,37.955044],[-87.450981,37.955039],[-87.450575,37.955044],[-87.450515,37.95605],[-87.450515,37.957535],[-87.450759,37.957535],[-87.450864,37.957515],[-87.450879,37.957594],[-87.45092,37.957693],[-87.450974,37.957776],[-87.451086,37.95788],[-87.451156,37.957926],[-87.451607,37.958132],[-87.452012,37.958297],[-87.45237,37.95841],[-87.452752,37.958498],[-87.454762,37.958845],[-87.455307,37.95893],[-87.455868,37.959008],[-87.457856,37.959233],[-87.457745,37.959868],[-87.457702,37.960058],[-87.457652,37.960183],[-87.457563,37.960349],[-87.457428,37.96053],[-87.457318,37.960641],[-87.456986,37.960943],[-87.45689,37.961085],[-87.456829,37.961197],[-87.456785,37.9613],[-87.45675,37.961415],[-87.456733,37.961514],[-87.456724,37.961634],[-87.456722,37.962987]]]}},{"type":"Feature","properties":{"NAME":"WARD 01 PRECINCT 10","WARD_PRECINCT":"1-10","CONGRESS":"08","SENATE":"50","HOUSE":"78","COMMISSION":"01","CO_COUNCIL":"04","TOWNSHIP":"KNIGHT","ChangedPrecincts":"NO","OldPrecinctName":"WARD 01 PRECINCT 10"},"geometry":{"type":"Polygon","coordinates":[[[-87.474298,37.969362],[-87.479284,37.969378],[-87.483022,37.969431],[-87.483208,37.969421],[-87.483296,37.969409],[-87.483374,37.969387],[-87.483469,37.969336],[-87.483561,37.969232],[-87.483583,37.96919],[-87.483316,37.969091],[-87.479482,37.967489],[-87.479273,37.96741],[-87.478997,37.967316],[-87.478759,37.967251],[-87.477427,37.966922],[-87.477059,37.966814],[-87.476616,37.966661],[-87.475742,37.966339],[-87.475467,37.966233],[-87.475003,37.966022],[-87.474794,37.965913],[-87.474384,37.965676],[-87.473031,37.964788],[-87.469204,37.962398],[-87.46846,37.961923],[-87.465939,37.960278],[-87.465681,37.960126],[-87.465396,37.959995],[-87.465181,37.959921],[-87.464858,37.959844],[-87.464564,37.959804],[-87.463925,37.959737],[-87.463021,37.959667],[-87.463008,37.959915],[-87.46297,37.962196],[-87.462791,37.962182],[-87.462345,37.962182],[-87.459759,37.962197],[-87.459736,37.963813],[-87.45975,37.964287],[-87.459723,37.965477],[-87.459683,37.96631],[-87.459713,37.967142],[-87.459706,37.968655],[-87.459647,37.969435],[-87.46099,37.96943],[-87.461324,37.969437],[-87.462757,37.969421],[-87.462878,37.969413],[-87.467289,37.969383],[-87.474298,37.969362]]]}},{"type":"Feature","properties":{"NAME":"WARD 01 PRECINCT 13","WARD_PRECINCT":"1-13","CONGRESS":"08","SENATE":"50","HOUSE":"78","COMMISSION":"01","CO_COUNCIL":"04","TOWNSHIP":"KNIGHT","ChangedPrecincts":"NO","OldPrecinctName":"WARD 01 PRECINCT 13"},"geometry":{"type":"Polygon","coordinates":[[[-87.450209,37.969478],[-87.451099,37.969479],[-87.459647,37.969435],[-87.459706,37.968655],[-87.459713,37.967142],[-87.459683,37.96631],[-87.459307,37.966309],[-87.459078,37.966298],[-87.458609,37.966247],[-87.458466,37.966222],[-87.457464,37.965997],[-87.457097,37.965903],[-87.457159,37.965749],[-87.457174,37.965661],[-87.457191,37.96381],[-87.45721,37.963738],[-87.457326,37.963541],[-87.457357,37.963445],[-87.457367,37.962991],[-87.456722,37.962987],[-87.456724,37.961634],[-87.456733,37.961514],[-87.45675,37.961415],[-87.456785,37.9613],[-87.456829,37.961197],[-87.45689,37.961085],[-87.456986,37.960943],[-87.457318,37.960641],[-87.457428,37.96053],[-87.457563,37.960349],[-87.457652,37.960183],[-87.457702,37.960058],[-87.457745,37.959868],[-87.457856,37.959233],[-87.455868,37.959008],[-87.455307,37.95893],[-87.454762,37.958845],[-87.452648,37.958476],[-87.45237,37.95841],[-87.452012,37.958297],[-87.451607,37.958132],[-87.451156,37.957926],[-87.451086,37.95788],[-87.450974,37.957776],[-87.45092,37.957693],[-87.450879,37.957594],[-87.450864,37.957515],[-87.450759,37.957535],[-87.450515,37.957535],[-87.450484,37.958032],[-87.450484,37.958854],[-87.450209,37.969478]]]}},{"type":"Feature","properties":{"NAME":"WARD 01 PRECINCT 14","WARD_PRECINCT":"1-14","CONGRESS":"08","SENATE":"50","HOUSE":"77","COMMISSION":"01","CO_COUNCIL":"04","TOWNSHIP":"KNIGHT","ChangedPrecincts":"NO","OldPrecinctName":"WARD 01 PRECINCT 14"},"geometry":{"type":"Polygon","coordinates":[[[-87.492816,37.954959],[-87.492852,37.955043],[-87.492869,37.953688],[-87.492933,37.951012],[-87.488362,37.950988],[-87.48837,37.950072],[-87.488393,37.94926],[-87.488387,37.948615],[-87.48744,37.948605],[-87.487452,37.947781],[-87.486591,37.947775],[-87.48658,37.948656],[-87.486432,37.948656],[-87.486019,37.948649],[-87.486041,37.94777],[-87.48497,37.947763],[-87.484945,37.949491],[-87.483281,37.949466],[-87.483285,37.948988],[-87.481725,37.948981],[-87.481731,37.948857],[-87.481728,37.948565],[-87.480824,37.94856],[-87.480827,37.947742],[-87.480713,37.947741],[-87.480706,37.94867],[-87.481592,37.948674],[-87.481588,37.949175],[-87.481928,37.949365],[-87.482059,37.949505],[-87.482232,37.94958],[-87.48257,37.949365],[-87.482962,37.94975],[-87.483096,37.949653],[-87.483116,37.949696],[-87.48338,37.949943],[-87.483546,37.949838],[-87.483719,37.950009],[-87.483917,37.94988],[-87.4841,37.950082],[-87.484235,37.949996],[-87.484518,37.950274],[-87.484624,37.950206],[-87.484777,37.950356],[-87.485602,37.950944],[-87.485779,37.951265],[-87.485769,37.951783],[-87.486289,37.951789],[-87.486293,37.952016],[-87.486274,37.952641],[-87.486776,37.952646],[-87.487149,37.953013],[-87.487447,37.953328],[-87.488245,37.953337],[-87.488211,37.954982],[-87.491169,37.955009],[-87.491524,37.955002],[-87.491985,37.954973],[-87.492496,37.954955],[-87.492816,37.954959]]]}},{"type":"Feature","properties":{"NAME":"WARD 01 PRECINCT 15","WARD_PRECINCT":"1-15","CONGRESS":"08","SENATE":"50","HOUSE":"78","COMMISSION":"01","CO_COUNCIL":"04","TOWNSHIP":"KNIGHT","ChangedPrecincts":"NO","OldPrecinctName":"WARD 01 PRECINCT 15"},"geometry":{"type":"Polygon","coordinates":[[[-87.468827,37.962156],[-87.469804,37.962774],[-87.473031,37.964788],[-87.474313,37.965629],[-87.474311,37.964773],[-87.474348,37.964097],[-87.474387,37.962134],[-87.477796,37.962202],[-87.477909,37.956806],[-87.477934,37.95486],[-87.47541,37.954824],[-87.473953,37.954819],[-87.466711,37.95485],[-87.466681,37.955075],[-87.466658,37.955719],[-87.466637,37.955955],[-87.466568,37.956349],[-87.466557,37.956576],[-87.466565,37.956784],[-87.466639,37.95726],[-87.466644,37.957395],[-87.466638,37.957504],[-87.466616,37.957642],[-87.466575,37.957754],[-87.466546,37.957799],[-87.466452,37.957896],[-87.466356,37.957961],[-87.46626,37.958004],[-87.466077,37.958053],[-87.465908,37.958086],[-87.46569,37.958111],[-87.465501,37.958122],[-87.46522,37.958124],[-87.464618,37.95811],[-87.464619,37.958288],[-87.464569,37.959468],[-87.464564,37.959804],[-87.464858,37.959844],[-87.465181,37.959921],[-87.465396,37.959995],[-87.465681,37.960126],[-87.465939,37.960278],[-87.468827,37.962156]]]}},{"type":"Feature","properties":{"NAME":"WARD 01 PRECINCT 16","WARD_PRECINCT":"1-16","CONGRESS":"08","SENATE":"50","HOUSE":"78","COMMISSION":"01","CO_COUNCIL":"04","TOWNSHIP":"KNIGHT","ChangedPrecincts":"NO","OldPrecinctName":"WARD 01 PRECINCT 16"},"geometry":{"type":"Polygon","coordinates":[[[-87.449516,38.003048],[-87.449516,38.003448],[-87.449416,38.003852],[-87.44945,38.004537],[-87.454428,38.002016],[-87.460116,37.998915],[-87.460906,37.998438],[-87.461849,37.99805],[-87.462761,37.997707],[-87.468351,37.996472],[-87.468409,37.996473],[-87.470274,37.995983],[-87.47372,37.995295],[-87.474117,37.99509],[-87.47845,37.994337],[-87.47855,37.994262],[-87.478975,37.994112],[-87.482854,37.993342],[-87.482848,37.993202],[-87.482941,37.993183],[-87.482913,37.993071],[-87.482921,37.992982],[-87.482943,37.992881],[-87.482975,37.992816],[-87.483074,37.992663],[-87.483096,37.992583],[-87.483095,37.991879],[-87.483107,37.991391],[-87.483098,37.991326],[-87.48307,37.99127],[-87.483101,37.991166],[-87.483136,37.990399],[-87.483107,37.988038],[-87.483137,37.987669],[-87.483334,37.986533],[-87.483395,37.985902],[-87.483353,37.985299],[-87.482905,37.981243],[-87.482903,37.980735],[-87.482656,37.980737],[-87.478718,37.98066],[-87.477414,37.980651],[-87.475516,37.980609],[-87.475557,37.978021],[-87.474052,37.977986],[-87.474039,37.978],[-87.474048,37.977883],[-87.47405,37.976727],[-87.474079,37.976547],[-87.459793,37.976665],[-87.452091,37.976684],[-87.451619,37.976676],[-87.451284,37.976686],[-87.450016,37.976686],[-87.450038,37.977683],[-87.450157,37.978601],[-87.450064,37.980451],[-87.450306,37.981574],[-87.450288,37.983682],[-87.449911,37.991211],[-87.449516,38.003048]]]}},{"type":"Feature","properties":{"NAME":"WARD 01 PRECINCT 17","WARD_PRECINCT":"1-17","CONGRESS":"08","SENATE":"50","HOUSE":"78","COMMISSION":"01","CO_COUNCIL":"04","TOWNSHIP":"KNIGHT","ChangedPrecincts":"NO","OldPrecinctName":"WARD 01 PRECINCT 17"},"geometry":{"type":"Polygon","coordinates":[[[-87.482905,37.981243],[-87.483353,37.985299],[-87.483395,37.985902],[-87.483334,37.986533],[-87.483137,37.987669],[-87.483107,37.988038],[-87.483136,37.990399],[-87.483101,37.991166],[-87.48307,37.99127],[-87.483098,37.991326],[-87.483107,37.991391],[-87.483095,37.991879],[-87.483096,37.992583],[-87.483346,37.99258],[-87.48368,37.992519],[-87.492296,37.990831],[-87.492436,37.99081],[-87.492597,37.990805],[-87.492643,37.987668],[-87.492634,37.987508],[-87.492645,37.987349],[-87.492649,37.986756],[-87.492662,37.986546],[-87.492674,37.985922],[-87.492669,37.985665],[-87.492688,37.983939],[-87.492684,37.983621],[-87.492703,37.983035],[-87.492697,37.982299],[-87.492643,37.981112],[-87.492648,37.980445],[-87.49262,37.979519],[-87.492619,37.979066],[-87.492601,37.978507],[-87.492607,37.978218],[-87.492587,37.976917],[-87.492599,37.976777],[-87.488489,37.976774],[-87.488141,37.976786],[-87.487371,37.976789],[-87.48682,37.976777],[-87.485168,37.976771],[-87.480285,37.976728],[-87.477384,37.976732],[-87.474058,37.97668],[-87.47405,37.976727],[-87.474048,37.977883],[-87.474039,37.978],[-87.474052,37.977986],[-87.475557,37.978021],[-87.475516,37.980609],[-87.477414,37.980651],[-87.478718,37.98066],[-87.482656,37.980737],[-87.482903,37.980735],[-87.482905,37.981243]]]}},{"type":"Feature","properties":{"NAME":"WARD 05 PRECINCT 07","WARD_PRECINCT":"5-07","CONGRESS":"08","SENATE":"50","HOUSE":"78","COMMISSION":"01","CO_COUNCIL":"04","TOWNSHIP":"KNIGHT","ChangedPrecincts":"YES","OldPrecinctName":"WARD 01 PRECINCT 18"},"geometry":{"type":"Polygon","coordinates":[[[-87.492222,38.020353],[-87.492211,38.027078],[-87.492288,38.026989],[-87.492642,38.026641],[-87.492862,38.026362],[-87.492968,38.025973],[-87.492979,38.025729],[-87.492802,38.025093],[-87.492682,38.024799],[-87.492655,38.024487],[-87.49274,38.024247],[-87.493052,38.024045],[-87.493639,38.023718],[-87.493853,38.023495],[-87.493873,38.023225],[-87.493801,38.023012],[-87.49357,38.022752],[-87.493102,38.022314],[-87.492863,38.022007],[-87.492777,38.021725],[-87.492725,38.021226],[-87.492737,38.020585],[-87.492748,38.020364],[-87.492775,38.019845],[-87.492915,38.018968],[-87.493136,38.017989],[-87.49381,38.015904],[-87.493951,38.015489],[-87.494595,38.013674],[-87.495163,38.012493],[-87.495474,38.012098],[-87.495805,38.011775],[-87.496399,38.011342],[-87.496925,38.011075],[-87.497209,38.010992],[-87.497926,38.010934],[-87.498522,38.010967],[-87.499151,38.011118],[-87.49951,38.011229],[-87.499794,38.011295],[-87.500015,38.011387],[-87.500394,38.011574],[-87.50136,38.012124],[-87.501348,38.011996],[-87.501341,38.011549],[-87.501386,38.009197],[-87.501358,38.009056],[-87.49673,38.009046],[-87.496028,38.009104],[-87.492272,38.00935],[-87.492287,38.005902],[-87.492553,38.005896],[-87.496863,38.005933],[-87.49703,37.998647],[-87.492436,37.998568],[-87.492359,38.002236],[-87.487691,38.002195],[-87.487692,38.00168],[-87.486424,38.001666],[-87.483006,38.001666],[-87.483033,37.997067],[-87.482854,37.993342],[-87.478975,37.994112],[-87.478981,37.994266],[-87.478884,37.995431],[-87.478671,37.998409],[-87.478636,37.998661],[-87.478671,37.998876],[-87.478838,37.99937],[-87.47912,38.000051],[-87.479113,38.000177],[-87.479141,38.000364],[-87.480066,38.002874],[-87.480149,38.003166],[-87.480192,38.004578],[-87.480449,38.004852],[-87.480511,38.004929],[-87.480525,38.004968],[-87.480706,38.005127],[-87.480775,38.005204],[-87.480928,38.005402],[-87.48097,38.0055],[-87.481012,38.005544],[-87.481053,38.005632],[-87.48129,38.00583],[-87.481498,38.005962],[-87.481553,38.005973],[-87.481776,38.006082],[-87.48181,38.006088],[-87.481922,38.006154],[-87.482269,38.006428],[-87.482338,38.006505],[-87.482345,38.006549],[-87.482332,38.00695],[-87.48229,38.007033],[-87.482235,38.007247],[-87.482193,38.007368],[-87.482089,38.007599],[-87.482082,38.007632],[-87.482041,38.007681],[-87.482027,38.007725],[-87.481881,38.008027],[-87.481742,38.008258],[-87.481736,38.008291],[-87.481694,38.008335],[-87.481486,38.008731],[-87.481361,38.008874],[-87.481319,38.00894],[-87.481222,38.009017],[-87.481111,38.009083],[-87.481055,38.009127],[-87.480639,38.009347],[-87.480597,38.009402],[-87.48059,38.009489],[-87.480646,38.009687],[-87.481049,38.009995],[-87.481091,38.010044],[-87.481063,38.010291],[-87.481063,38.010665],[-87.481015,38.010797],[-87.480862,38.010918],[-87.480807,38.01094],[-87.480626,38.010973],[-87.480265,38.010885],[-87.47989,38.010852],[-87.479765,38.010852],[-87.479626,38.010973],[-87.479577,38.011089],[-87.479598,38.011391],[-87.479682,38.011479],[-87.479758,38.011753],[-87.479717,38.011847],[-87.479675,38.012127],[-87.479738,38.012171],[-87.479877,38.012248],[-87.480356,38.012577],[-87.480564,38.01261],[-87.480759,38.012764],[-87.480829,38.012841],[-87.480849,38.013022],[-87.48085,38.013147],[-87.479232,38.013143],[-87.478725,38.013115],[-87.478269,38.013068],[-87.477922,38.013022],[-87.476041,38.012753],[-87.47507,38.012681],[-87.473678,38.012637],[-87.471704,38.012598],[-87.471286,38.012598],[-87.469237,38.012561],[-87.470729,38.020128],[-87.472207,38.020272],[-87.473598,38.020272],[-87.473598,38.020376],[-87.473967,38.020368],[-87.475476,38.020365],[-87.481635,38.020382],[-87.492015,38.020345],[-87.492222,38.020353]]]}},{"type":"Feature","properties":{"NAME":"WARD 05 PRECINCT 10","WARD_PRECINCT":"5-10","CONGRESS":"08","SENATE":"50","HOUSE":"78","COMMISSION":"01","CO_COUNCIL":"04","TOWNSHIP":"KNIGHT","ChangedPrecincts":"YES","OldPrecinctName":"WARD 01 PRECINCT 19"},"geometry":{"type":"Polygon","coordinates":[[[-87.468942,38.012582],[-87.470431,38.020133],[-87.470729,38.020128],[-87.469237,38.012561],[-87.471286,38.012598],[-87.471704,38.012598],[-87.473678,38.012637],[-87.47507,38.012681],[-87.476041,38.012753],[-87.477922,38.013022],[-87.478269,38.013068],[-87.478725,38.013115],[-87.479232,38.013143],[-87.48085,38.013147],[-87.480849,38.013022],[-87.480829,38.012841],[-87.480759,38.012764],[-87.480564,38.01261],[-87.480356,38.012577],[-87.479877,38.012248],[-87.479738,38.012171],[-87.479675,38.012127],[-87.479717,38.011847],[-87.479758,38.011753],[-87.479682,38.011479],[-87.479598,38.011391],[-87.479577,38.011089],[-87.479626,38.010973],[-87.479765,38.010852],[-87.47989,38.010852],[-87.480265,38.010885],[-87.480626,38.010973],[-87.480807,38.01094],[-87.480862,38.010918],[-87.481015,38.010797],[-87.481063,38.010665],[-87.481063,38.010291],[-87.481091,38.010044],[-87.481049,38.009995],[-87.480646,38.009687],[-87.48059,38.009489],[-87.480597,38.009402],[-87.480639,38.009347],[-87.481055,38.009127],[-87.481111,38.009083],[-87.481222,38.009017],[-87.481319,38.00894],[-87.481361,38.008874],[-87.481486,38.008731],[-87.481694,38.008335],[-87.481736,38.008291],[-87.481742,38.008258],[-87.481881,38.008027],[-87.482027,38.007725],[-87.482041,38.007681],[-87.482082,38.007632],[-87.482089,38.007599],[-87.482193,38.007368],[-87.482235,38.007247],[-87.48229,38.007033],[-87.482332,38.00695],[-87.482345,38.006549],[-87.482338,38.006505],[-87.482269,38.006428],[-87.481922,38.006154],[-87.48181,38.006088],[-87.481776,38.006082],[-87.481553,38.005973],[-87.481498,38.005962],[-87.48129,38.00583],[-87.481053,38.005632],[-87.481012,38.005544],[-87.48097,38.0055],[-87.480928,38.005402],[-87.480775,38.005204],[-87.480706,38.005127],[-87.480525,38.004968],[-87.480511,38.004929],[-87.480449,38.004852],[-87.480192,38.004578],[-87.480149,38.003166],[-87.480066,38.002874],[-87.479141,38.000364],[-87.479113,38.000177],[-87.47912,38.000051],[-87.478838,37.99937],[-87.478671,37.998876],[-87.478636,37.998661],[-87.478671,37.998409],[-87.478884,37.995431],[-87.478981,37.994266],[-87.478975,37.994112],[-87.47855,37.994262],[-87.47845,37.994337],[-87.474117,37.99509],[-87.47372,37.995295],[-87.470274,37.995983],[-87.468409,37.996473],[-87.468351,37.996472],[-87.462761,37.997707],[-87.461849,37.99805],[-87.460906,37.998438],[-87.460116,37.998915],[-87.454428,38.002016],[-87.44945,38.004537],[-87.449516,38.005849],[-87.449562,38.012769],[-87.461932,38.01255],[-87.462421,38.012567],[-87.462815,38.012548],[-87.463622,38.012558],[-87.464465,38.012585],[-87.465721,38.012594],[-87.466729,38.012585],[-87.467134,38.01253],[-87.467719,38.012557],[-87.468942,38.012582]]]}},{"type":"Feature","properties":{"NAME":"WARD 02 PRECINCT 01","WARD_PRECINCT":"2-01","CONGRESS":"08","SENATE":"50","HOUSE":"77","COMMISSION":"01","CO_COUNCIL":"03","TOWNSHIP":"KNIGHT","ChangedPrecincts":"NO","OldPrecinctName":"WARD 02 PRECINCT 01"},"geometry":{"type":"Polygon","coordinates":[[[-87.500886,37.94789],[-87.507315,37.947957],[-87.507333,37.947694],[-87.50735,37.947176],[-87.507372,37.946101],[-87.508514,37.946108],[-87.508551,37.945373],[-87.508554,37.94524],[-87.508537,37.945159],[-87.508675,37.945151],[-87.509225,37.945156],[-87.509658,37.945169],[-87.511385,37.945181],[-87.511418,37.943508],[-87.511414,37.943319],[-87.51146,37.94118],[-87.51146,37.94099],[-87.511438,37.940682],[-87.511372,37.940679],[-87.511235,37.94065],[-87.511046,37.940641],[-87.506109,37.940621],[-87.504352,37.9406],[-87.502857,37.940595],[-87.497453,37.940614],[-87.494989,37.940604],[-87.494639,37.940619],[-87.494455,37.940632],[-87.494298,37.940657],[-87.49423,37.940673],[-87.494062,37.94074],[-87.493926,37.940819],[-87.493849,37.940876],[-87.493776,37.940944],[-87.493716,37.941011],[-87.493468,37.941347],[-87.493379,37.941437],[-87.493307,37.941467],[-87.493234,37.941484],[-87.492963,37.941498],[-87.49296,37.946912],[-87.492952,37.947819],[-87.500886,37.94789]]]}},{"type":"Feature","properties":{"NAME":"WARD 02 PRECINCT 02","WARD_PRECINCT":"2-02","CONGRESS":"08","SENATE":"50","HOUSE":"77","COMMISSION":"01","CO_COUNCIL":"03","TOWNSHIP":"KNIGHT","ChangedPrecincts":"NO","OldPrecinctName":"WARD 02 PRECINCT 02"},"geometry":{"type":"Polygon","coordinates":[[[-87.49873,37.947872],[-87.498659,37.951862],[-87.498601,37.954179],[-87.498592,37.955016],[-87.501956,37.955039],[-87.508967,37.955067],[-87.508962,37.954998],[-87.508983,37.953948],[-87.508975,37.953338],[-87.50899,37.952743],[-87.508985,37.952454],[-87.509007,37.951733],[-87.508998,37.951592],[-87.509001,37.950694],[-87.509034,37.948933],[-87.509033,37.947976],[-87.508489,37.947965],[-87.49873,37.947872]]]}},{"type":"Feature","properties":{"NAME":"WARD 02 PRECINCT 03","WARD_PRECINCT":"2-03","CONGRESS":"08","SENATE":"50","HOUSE":"77","COMMISSION":"01","CO_COUNCIL":"03","TOWNSHIP":"KNIGHT","ChangedPrecincts":"NO","OldPrecinctName":"WARD 02 PRECINCT 03"},"geometry":{"type":"Polygon","coordinates":[[[-87.494076,37.954977],[-87.498592,37.955016],[-87.498601,37.954179],[-87.498659,37.951862],[-87.49873,37.947872],[-87.492952,37.947819],[-87.492953,37.947797],[-87.492741,37.947791],[-87.492496,37.947793],[-87.492225,37.947809],[-87.48837,37.947787],[-87.488373,37.948271],[-87.488392,37.948727],[-87.488393,37.94926],[-87.48837,37.950072],[-87.488362,37.950988],[-87.492933,37.951012],[-87.492869,37.953688],[-87.492853,37.954981],[-87.493945,37.954989],[-87.494076,37.954977]]]}},{"type":"Feature","properties":{"NAME":"WARD 02 PRECINCT 04","WARD_PRECINCT":"2-04","CONGRESS":"08","SENATE":"50","HOUSE":"77","COMMISSION":"01","CO_COUNCIL":"03","TOWNSHIP":"KNIGHT","ChangedPrecincts":"NO","OldPrecinctName":"WARD 02 PRECINCT 04"},"geometry":{"type":"Polygon","coordinates":[[[-87.511258,37.955055],[-87.51124,37.957128],[-87.511229,37.957661],[-87.511229,37.958809],[-87.511202,37.961184],[-87.511177,37.962464],[-87.520383,37.962683],[-87.520472,37.955176],[-87.515784,37.955127],[-87.511258,37.955055]]]}},{"type":"Feature","properties":{"NAME":"WARD 02 PRECINCT 05","WARD_PRECINCT":"2-05","CONGRESS":"08","SENATE":"49","HOUSE":"77","COMMISSION":"01","CO_COUNCIL":"03","TOWNSHIP":"KNIGHT","ChangedPrecincts":"NO","OldPrecinctName":"WARD 02 PRECINCT 05"},"geometry":{"type":"Polygon","coordinates":[[[-87.538597,37.962742],[-87.538647,37.96097],[-87.538655,37.960288],[-87.538675,37.959802],[-87.538686,37.959128],[-87.538738,37.957327],[-87.538745,37.956429],[-87.538779,37.955538],[-87.530593,37.955485],[-87.530344,37.955459],[-87.529978,37.955376],[-87.529758,37.955311],[-87.529591,37.955302],[-87.527028,37.955267],[-87.527018,37.956245],[-87.527006,37.956667],[-87.526993,37.956796],[-87.526978,37.957492],[-87.526959,37.957589],[-87.526934,37.957651],[-87.526888,37.957737],[-87.526811,37.957836],[-87.526763,37.95788],[-87.525495,37.958846],[-87.525437,37.958913],[-87.525412,37.958956],[-87.525377,37.959052],[-87.527382,37.959072],[-87.527383,37.959923],[-87.52728,37.959964],[-87.5272,37.960056],[-87.52702,37.960301],[-87.526941,37.960421],[-87.526757,37.960634],[-87.526699,37.960684],[-87.526278,37.960916],[-87.526181,37.9609],[-87.52603,37.960895],[-87.524827,37.960918],[-87.524734,37.960997],[-87.524691,37.961065],[-87.524628,37.961209],[-87.524615,37.961262],[-87.524603,37.962486],[-87.524644,37.962697],[-87.538597,37.962742]]]}},{"type":"Feature","properties":{"NAME":"WARD 03 PRECINCT 05","WARD_PRECINCT":"3-05","CONGRESS":"08","SENATE":"49","HOUSE":"77","COMMISSION":"01","CO_COUNCIL":"03","TOWNSHIP":"KNIGHT","ChangedPrecincts":"YES","OldPrecinctName":"WARD 02 PRECINCT 07"},"geometry":{"type":"Polygon","coordinates":[[[-87.534637,37.966355],[-87.537448,37.966353],[-87.537873,37.966338],[-87.537123,37.966192],[-87.536689,37.966082],[-87.536511,37.966025],[-87.536047,37.965851],[-87.535817,37.965746],[-87.535594,37.965632],[-87.535211,37.965406],[-87.534687,37.965023],[-87.534603,37.964981],[-87.534573,37.964913],[-87.534554,37.964845],[-87.534092,37.964862],[-87.534135,37.96273],[-87.524606,37.962697],[-87.524521,37.966252],[-87.527463,37.966279],[-87.529416,37.966321],[-87.529534,37.966316],[-87.531348,37.96634],[-87.532284,37.966336],[-87.534637,37.966355]]]}},{"type":"Feature","properties":{"NAME":"WARD 03 PRECINCT 15","WARD_PRECINCT":"3-15","CONGRESS":"08","SENATE":"50","HOUSE":"77","COMMISSION":"01","CO_COUNCIL":"03","TOWNSHIP":"KNIGHT","ChangedPrecincts":"YES","OldPrecinctName":"WARD 02 PRECINCT 08"},"geometry":{"type":"Polygon","coordinates":[[[-87.520314,37.965312],[-87.520197,37.969844],[-87.528402,37.969927],[-87.532404,37.969952],[-87.532459,37.968033],[-87.532498,37.96634],[-87.531348,37.96634],[-87.529534,37.966316],[-87.529416,37.966321],[-87.527463,37.966279],[-87.524521,37.966252],[-87.524606,37.962697],[-87.520544,37.962686],[-87.517401,37.962614],[-87.517365,37.963989],[-87.517362,37.964402],[-87.517334,37.965289],[-87.520314,37.965312]]]}},{"type":"Feature","properties":{"NAME":"WARD 02 PRECINCT 09","WARD_PRECINCT":"2-09","CONGRESS":"08","SENATE":"50","HOUSE":"77","COMMISSION":"01","CO_COUNCIL":"03","TOWNSHIP":"KNIGHT","ChangedPrecincts":"NO","OldPrecinctName":"WARD 02 PRECINCT 09"},"geometry":{"type":"Polygon","coordinates":[[[-87.52051,37.948037],[-87.520466,37.951345],[-87.520469,37.951574],[-87.520499,37.951618],[-87.520545,37.95165],[-87.520592,37.951743],[-87.520608,37.951835],[-87.520584,37.952774],[-87.520586,37.953043],[-87.520558,37.954693],[-87.520557,37.955177],[-87.524537,37.955253],[-87.527028,37.955267],[-87.529591,37.955302],[-87.529758,37.955311],[-87.529831,37.948136],[-87.52051,37.948037]]]}},{"type":"Feature","properties":{"NAME":"WARD 02 PRECINCT 10","WARD_PRECINCT":"2-10","CONGRESS":"08","SENATE":"50","HOUSE":"77","COMMISSION":"01","CO_COUNCIL":"03","TOWNSHIP":"KNIGHT","ChangedPrecincts":"NO","OldPrecinctName":"WARD 02 PRECINCT 10"},"geometry":{"type":"Polygon","coordinates":[[[-87.520383,37.962683],[-87.524644,37.962697],[-87.524603,37.962486],[-87.524611,37.96132],[-87.524628,37.961209],[-87.524691,37.961065],[-87.524734,37.960997],[-87.524827,37.960918],[-87.52603,37.960895],[-87.526181,37.9609],[-87.526278,37.960916],[-87.526699,37.960684],[-87.526757,37.960634],[-87.526861,37.960518],[-87.526941,37.960421],[-87.52702,37.960301],[-87.5272,37.960056],[-87.52728,37.959964],[-87.527383,37.959923],[-87.527382,37.959072],[-87.525377,37.959052],[-87.525412,37.958956],[-87.525437,37.958913],[-87.525495,37.958846],[-87.526763,37.95788],[-87.526811,37.957836],[-87.526888,37.957737],[-87.526934,37.957651],[-87.526959,37.957589],[-87.526978,37.957492],[-87.526993,37.956796],[-87.527006,37.956667],[-87.527018,37.956245],[-87.527028,37.955267],[-87.524537,37.955253],[-87.520472,37.955176],[-87.520383,37.962683]]]}},{"type":"Feature","properties":{"NAME":"WARD 02 PRECINCT 12","WARD_PRECINCT":"2-12","CONGRESS":"08","SENATE":"50","HOUSE":"77","COMMISSION":"01","CO_COUNCIL":"03","TOWNSHIP":"KNIGHT","ChangedPrecincts":"NO","OldPrecinctName":"WARD 02 PRECINCT 12"},"geometry":{"type":"Polygon","coordinates":[[[-87.511384,37.955054],[-87.515784,37.955127],[-87.520557,37.955177],[-87.520558,37.954693],[-87.520586,37.953043],[-87.520584,37.952774],[-87.520608,37.951835],[-87.520592,37.951743],[-87.520545,37.95165],[-87.520499,37.951618],[-87.520469,37.951574],[-87.520466,37.951345],[-87.520488,37.950086],[-87.52051,37.948037],[-87.51173,37.948003],[-87.509033,37.947976],[-87.509034,37.948933],[-87.509001,37.950694],[-87.508998,37.951592],[-87.509007,37.951733],[-87.508985,37.952454],[-87.50899,37.952743],[-87.508975,37.953338],[-87.508983,37.953948],[-87.508962,37.954998],[-87.508967,37.955067],[-87.510445,37.955072],[-87.511384,37.955054]]]}},{"type":"Feature","properties":{"NAME":"WARD 03 PRECINCT 18","WARD_PRECINCT":"3-18","CONGRESS":"08","SENATE":"49","HOUSE":"77","COMMISSION":"01","CO_COUNCIL":"03","TOWNSHIP":"KNIGHT","ChangedPrecincts":"YES","OldPrecinctName":"WARD 02 PRECINCT 13"},"geometry":{"type":"Polygon","coordinates":[[[-87.52937,37.973862],[-87.52936,37.975939],[-87.529355,37.976256],[-87.529335,37.976684],[-87.529334,37.976995],[-87.533876,37.977001],[-87.533988,37.976279],[-87.534002,37.975625],[-87.534003,37.975027],[-87.533993,37.974476],[-87.535156,37.974469],[-87.537442,37.974481],[-87.537444,37.973505],[-87.539342,37.973509],[-87.539335,37.96999],[-87.535249,37.969972],[-87.528789,37.96993],[-87.524415,37.969884],[-87.524402,37.971462],[-87.524406,37.972736],[-87.524419,37.972853],[-87.524745,37.973511],[-87.529379,37.973552],[-87.52937,37.973862]]]}},{"type":"Feature","properties":{"NAME":"WARD 02 PRECINCT 14","WARD_PRECINCT":"2-14","CONGRESS":"08","SENATE":"50","HOUSE":"77","COMMISSION":"01","CO_COUNCIL":"03","TOWNSHIP":"KNIGHT","ChangedPrecincts":"NO","OldPrecinctName":"WARD 02 PRECINCT 14"},"geometry":{"type":"Polygon","coordinates":[[[-87.51173,37.948003],[-87.520563,37.948037],[-87.52057,37.947616],[-87.520571,37.946199],[-87.52059,37.945281],[-87.520581,37.944377],[-87.520612,37.944066],[-87.52063,37.943418],[-87.520629,37.942539],[-87.52065,37.940701],[-87.52068,37.939294],[-87.520716,37.938901],[-87.520713,37.938462],[-87.521309,37.938303],[-87.520595,37.938315],[-87.519507,37.938654],[-87.517372,37.939341],[-87.516742,37.939535],[-87.516072,37.939711],[-87.51519,37.93987],[-87.514377,37.939968],[-87.513941,37.939997],[-87.513503,37.940013],[-87.512352,37.940002],[-87.506667,37.939528],[-87.505083,37.939384],[-87.503074,37.939162],[-87.502826,37.939146],[-87.499512,37.939532],[-87.498759,37.939569],[-87.494622,37.938948],[-87.493233,37.939164],[-87.492964,37.93919],[-87.492963,37.941498],[-87.493234,37.941484],[-87.493307,37.941467],[-87.493379,37.941437],[-87.493468,37.941347],[-87.493716,37.941011],[-87.493776,37.940944],[-87.493849,37.940876],[-87.493926,37.940819],[-87.494062,37.94074],[-87.49423,37.940673],[-87.494298,37.940657],[-87.494455,37.940632],[-87.494639,37.940619],[-87.494989,37.940604],[-87.497453,37.940614],[-87.502857,37.940595],[-87.504352,37.9406],[-87.506109,37.940621],[-87.511046,37.940641],[-87.511235,37.94065],[-87.511372,37.940679],[-87.511438,37.940682],[-87.51146,37.94099],[-87.51146,37.94118],[-87.511414,37.943319],[-87.511418,37.943508],[-87.511385,37.945181],[-87.509658,37.945169],[-87.509225,37.945156],[-87.508675,37.945151],[-87.508537,37.945159],[-87.508554,37.94524],[-87.508551,37.945373],[-87.508514,37.946108],[-87.507372,37.946101],[-87.50735,37.947176],[-87.507333,37.947694],[-87.507315,37.947957],[-87.51173,37.948003]]]}},{"type":"Feature","properties":{"NAME":"WARD 02 PRECINCT 15","WARD_PRECINCT":"2-15","CONGRESS":"08","SENATE":"50","HOUSE":"77","COMMISSION":"01","CO_COUNCIL":"03","TOWNSHIP":"KNIGHT","ChangedPrecincts":"NO","OldPrecinctName":"WARD 02 PRECINCT 15"},"geometry":{"type":"Polygon","coordinates":[[[-87.520563,37.948037],[-87.529831,37.948136],[-87.52986,37.946296],[-87.529867,37.944798],[-87.529875,37.944475],[-87.530743,37.94449],[-87.532365,37.9445],[-87.532561,37.944524],[-87.532656,37.944549],[-87.532807,37.944618],[-87.533187,37.944863],[-87.534427,37.945696],[-87.534437,37.945433],[-87.534445,37.944577],[-87.534382,37.942462],[-87.534388,37.942317],[-87.53435,37.941248],[-87.534339,37.940455],[-87.534341,37.940165],[-87.534373,37.939569],[-87.534388,37.938993],[-87.534416,37.938411],[-87.534419,37.938077],[-87.534403,37.938067],[-87.534421,37.93712],[-87.534652,37.93657],[-87.534713,37.936456],[-87.53479,37.936282],[-87.534844,37.936095],[-87.533548,37.935818],[-87.531947,37.935929],[-87.531543,37.93598],[-87.531103,37.935987],[-87.529905,37.936102],[-87.529146,37.936194],[-87.527142,37.937598],[-87.523375,37.938269],[-87.521309,37.938303],[-87.520713,37.938462],[-87.520716,37.938901],[-87.52068,37.939294],[-87.52065,37.940701],[-87.520629,37.942539],[-87.52063,37.943418],[-87.520612,37.944066],[-87.520581,37.944377],[-87.52059,37.945281],[-87.520571,37.946199],[-87.52057,37.947616],[-87.520563,37.948037]]]}},{"type":"Feature","properties":{"NAME":"WARD 03 PRECINCT 19","WARD_PRECINCT":"3-19","CONGRESS":"08","SENATE":"50","HOUSE":"77","COMMISSION":"01","CO_COUNCIL":"04","TOWNSHIP":"KNIGHT","ChangedPrecincts":"YES","OldPrecinctName":"WARD 02 PRECINCT 17"},"geometry":{"type":"Polygon","coordinates":[[[-87.511177,37.962464],[-87.51105,37.968817],[-87.511021,37.969766],[-87.516226,37.969809],[-87.516227,37.973443],[-87.518878,37.973459],[-87.524745,37.973511],[-87.524419,37.972853],[-87.524406,37.972736],[-87.524402,37.971462],[-87.524415,37.969884],[-87.520197,37.969844],[-87.520314,37.965312],[-87.517334,37.965289],[-87.517362,37.964402],[-87.517365,37.963989],[-87.517401,37.962614],[-87.511177,37.962464]]]}},{"type":"Feature","properties":{"NAME":"WARD 04 PRECINCT 18","WARD_PRECINCT":"4-18","CONGRESS":"08","SENATE":"49","HOUSE":"77","COMMISSION":"03","CO_COUNCIL":"03","TOWNSHIP":"PIGEON","ChangedPrecincts":"YES","OldPrecinctName":"WARD 03 PRECINCT 02"},"geometry":{"type":"Polygon","coordinates":[[[-87.54741,37.993885],[-87.555482,37.993867],[-87.555823,37.993872],[-87.556299,37.99386],[-87.556612,37.993183],[-87.556625,37.992245],[-87.556638,37.984714],[-87.556941,37.984723],[-87.561157,37.984731],[-87.562309,37.984745],[-87.56384,37.984746],[-87.563947,37.977709],[-87.56397,37.97742],[-87.563997,37.977306],[-87.564054,37.977157],[-87.562581,37.97713],[-87.561635,37.977128],[-87.5606,37.977101],[-87.556693,37.977038],[-87.556684,37.977797],[-87.556399,37.977931],[-87.556223,37.977992],[-87.556063,37.978034],[-87.555779,37.978087],[-87.555263,37.978157],[-87.555007,37.978176],[-87.554447,37.978977],[-87.554372,37.979074],[-87.554371,37.979163],[-87.554331,37.979158],[-87.553988,37.97921],[-87.553212,37.979605],[-87.55322,37.979977],[-87.552491,37.979967],[-87.552012,37.980223],[-87.55176,37.980387],[-87.55162,37.98049],[-87.551435,37.980637],[-87.551268,37.980787],[-87.551167,37.980888],[-87.550969,37.981108],[-87.550823,37.981299],[-87.550686,37.981511],[-87.550569,37.981711],[-87.548954,37.984696],[-87.548835,37.984694],[-87.548688,37.985187],[-87.547919,37.986249],[-87.545924,37.990551],[-87.545208,37.991874],[-87.545121,37.992068],[-87.545324,37.992089],[-87.545835,37.991941],[-87.545961,37.992019],[-87.546002,37.992034],[-87.546088,37.992048],[-87.547361,37.992069],[-87.547416,37.992081],[-87.547443,37.9921],[-87.54746,37.99213],[-87.54741,37.993885]]]}},{"type":"Feature","properties":{"NAME":"WARD 04 PRECINCT 19","WARD_PRECINCT":"4-19","CONGRESS":"08","SENATE":"49","HOUSE":"78","COMMISSION":"03","CO_COUNCIL":"02","TOWNSHIP":"PIGEON","ChangedPrecincts":"YES","OldPrecinctName":"WARD 03 PRECINCT 03"},"geometry":{"type":"Polygon","coordinates":[[[-87.547021,38.006132],[-87.549148,38.006152],[-87.549816,38.006119],[-87.551365,38.006123],[-87.551645,38.006117],[-87.551682,38.005095],[-87.551691,38.004459],[-87.551718,38.00358],[-87.551732,38.0026],[-87.551729,38.002249],[-87.551747,38.001759],[-87.551765,38.000748],[-87.551804,37.999326],[-87.55385,37.999388],[-87.554312,37.998153],[-87.554399,37.997947],[-87.555514,37.995546],[-87.555884,37.994767],[-87.555932,37.994643],[-87.556299,37.99386],[-87.555823,37.993872],[-87.555482,37.993867],[-87.54741,37.993885],[-87.54735,37.99485],[-87.547379,37.994916],[-87.547388,37.994983],[-87.547375,37.995682],[-87.547276,37.998307],[-87.54721,37.9994],[-87.547021,38.006132]]]}},{"type":"Feature","properties":{"NAME":"WARD 04 PRECINCT 20","WARD_PRECINCT":"4-20","CONGRESS":"08","SENATE":"49","HOUSE":"78","COMMISSION":"03","CO_COUNCIL":"02","TOWNSHIP":"PIGEON","ChangedPrecincts":"YES","OldPrecinctName":"WARD 03 PRECINCT 04"},"geometry":{"type":"Polygon","coordinates":[[[-87.547006,38.006688],[-87.547014,38.006791],[-87.547079,38.006939],[-87.546626,38.007346],[-87.546871,38.00762],[-87.54712,38.008076],[-87.547315,38.008464],[-87.547677,38.00876],[-87.548169,38.009055],[-87.548924,38.009287],[-87.549626,38.009485],[-87.550156,38.009607],[-87.55049,38.009654],[-87.550971,38.009673],[-87.551618,38.009538],[-87.552745,38.0092],[-87.55346,38.00883],[-87.554236,38.008362],[-87.554868,38.007999],[-87.555505,38.007615],[-87.556158,38.007196],[-87.556611,38.006861],[-87.556959,38.006575],[-87.557238,38.006408],[-87.557657,38.006253],[-87.558304,38.006167],[-87.558826,38.006234],[-87.559757,38.006638],[-87.560407,38.006968],[-87.560534,38.006998],[-87.560621,38.005259],[-87.560644,38.005055],[-87.560636,38.004886],[-87.560652,38.004215],[-87.560637,38.004179],[-87.560606,38.004144],[-87.560601,38.004125],[-87.560634,38.004069],[-87.560668,38.003974],[-87.560688,38.003416],[-87.560783,37.999603],[-87.555015,37.999522],[-87.553809,37.999496],[-87.55385,37.999388],[-87.551804,37.999326],[-87.551765,38.000748],[-87.551747,38.001759],[-87.551729,38.002249],[-87.551732,38.0026],[-87.551718,38.00358],[-87.551691,38.004459],[-87.551682,38.005095],[-87.551645,38.006117],[-87.551365,38.006123],[-87.549816,38.006119],[-87.549148,38.006152],[-87.547021,38.006132],[-87.547006,38.006688]]]}},{"type":"Feature","properties":{"NAME":"WARD 03 PRECINCT 06","WARD_PRECINCT":"3-06","CONGRESS":"08","SENATE":"50","HOUSE":"77","COMMISSION":"01","CO_COUNCIL":"04","TOWNSHIP":"KNIGHT","ChangedPrecincts":"NO","OldPrecinctName":"WARD 03 PRECINCT 06"},"geometry":{"type":"Polygon","coordinates":[[[-87.510898,37.976894],[-87.514518,37.976918],[-87.514888,37.976926],[-87.520223,37.976949],[-87.52023,37.976802],[-87.529333,37.976845],[-87.52936,37.975939],[-87.52937,37.973862],[-87.529379,37.973552],[-87.518878,37.973459],[-87.516227,37.973443],[-87.516226,37.969809],[-87.511021,37.969766],[-87.510898,37.976894]]]}},{"type":"Feature","properties":{"NAME":"WARD 04 PRECINCT 21","WARD_PRECINCT":"4-21","CONGRESS":"08","SENATE":"49","HOUSE":"77","COMMISSION":"03","CO_COUNCIL":"03","TOWNSHIP":"PIGEON","ChangedPrecincts":"YES","OldPrecinctName":"WARD 03 PRECINCT 07"},"geometry":{"type":"Polygon","coordinates":[[[-87.5385,37.984766],[-87.538477,37.984842],[-87.538459,37.985046],[-87.538393,37.989518],[-87.538342,37.991844],[-87.539863,37.991889],[-87.544475,37.991994],[-87.545121,37.992068],[-87.545208,37.991874],[-87.545924,37.990551],[-87.547919,37.986249],[-87.548688,37.985187],[-87.548835,37.984694],[-87.548954,37.984696],[-87.550569,37.981711],[-87.550686,37.981511],[-87.550823,37.981299],[-87.550969,37.981108],[-87.551167,37.980888],[-87.551435,37.980637],[-87.55176,37.980387],[-87.552012,37.980223],[-87.552491,37.979967],[-87.55322,37.979977],[-87.553212,37.979605],[-87.553988,37.97921],[-87.554331,37.979158],[-87.554371,37.979163],[-87.554372,37.979074],[-87.554447,37.978977],[-87.555007,37.978176],[-87.555263,37.978157],[-87.555779,37.978087],[-87.556063,37.978034],[-87.556223,37.977992],[-87.556399,37.977931],[-87.556684,37.977797],[-87.556693,37.977038],[-87.555341,37.977013],[-87.553984,37.976998],[-87.550895,37.977044],[-87.549547,37.977101],[-87.547756,37.977267],[-87.54775,37.977201],[-87.545129,37.977204],[-87.545099,37.977198],[-87.543473,37.977197],[-87.543225,37.97719],[-87.543092,37.977195],[-87.54286,37.977141],[-87.54225,37.977175],[-87.540939,37.977198],[-87.540852,37.977191],[-87.538737,37.97719],[-87.538681,37.977198],[-87.538599,37.977224],[-87.538586,37.977317],[-87.5385,37.981486],[-87.538505,37.981637],[-87.5385,37.984766]]]}},{"type":"Feature","properties":{"NAME":"WARD 04 PRECINCT 22","WARD_PRECINCT":"4-22","CONGRESS":"08","SENATE":"49","HOUSE":"78","COMMISSION":"03","CO_COUNCIL":"04","TOWNSHIP":"KNIGHT","ChangedPrecincts":"YES","OldPrecinctName":"WARD 03 PRECINCT 08"},"geometry":{"type":"Polygon","coordinates":[[[-87.539446,38.0039],[-87.540146,38.003959],[-87.540682,38.004137],[-87.541096,38.004488],[-87.541646,38.005476],[-87.54184,38.005683],[-87.542136,38.005966],[-87.54268,38.006171],[-87.543407,38.006285],[-87.544222,38.006386],[-87.545643,38.006642],[-87.546047,38.006821],[-87.546439,38.007137],[-87.546626,38.007346],[-87.547079,38.006939],[-87.547014,38.006791],[-87.547006,38.006688],[-87.54721,37.9994],[-87.547276,37.998307],[-87.547375,37.995682],[-87.547388,37.994983],[-87.547379,37.994916],[-87.54735,37.99485],[-87.54741,37.993885],[-87.54746,37.99213],[-87.547443,37.9921],[-87.547416,37.992081],[-87.547361,37.992069],[-87.546088,37.992048],[-87.546002,37.992034],[-87.545961,37.992019],[-87.545835,37.991941],[-87.545324,37.992089],[-87.544475,37.991994],[-87.539863,37.991889],[-87.538781,37.991855],[-87.538381,37.992544],[-87.538279,37.992736],[-87.538208,37.992889],[-87.538135,37.993079],[-87.538075,37.99327],[-87.538031,37.993449],[-87.537949,37.993905],[-87.537619,37.99902],[-87.537775,37.999026],[-87.537767,37.999137],[-87.537614,37.999133],[-87.537606,37.999297],[-87.537604,37.999575],[-87.537579,37.999966],[-87.537568,38.000357],[-87.537587,38.000897],[-87.537615,38.001218],[-87.537656,38.001533],[-87.537659,38.001676],[-87.537708,38.00197],[-87.537791,38.00232],[-87.537913,38.002709],[-87.538332,38.004184],[-87.538423,38.00414],[-87.538851,38.003986],[-87.539446,38.0039]]]}},{"type":"Feature","properties":{"NAME":"WARD 03 PRECINCT 09","WARD_PRECINCT":"3-09","CONGRESS":"08","SENATE":"50","HOUSE":"78","COMMISSION":"03","CO_COUNCIL":"04","TOWNSHIP":"KNIGHT","ChangedPrecincts":"NO","OldPrecinctName":"WARD 03 PRECINCT 09"},"geometry":{"type":"Polygon","coordinates":[[[-87.522393,37.995429],[-87.522766,37.995454],[-87.523157,37.995527],[-87.523825,37.995718],[-87.526348,37.996624],[-87.526583,37.996729],[-87.526896,37.996909],[-87.527098,37.997093],[-87.527216,37.997234],[-87.527318,37.997493],[-87.52741,37.997788],[-87.527437,37.997954],[-87.529725,37.998065],[-87.529524,37.997917],[-87.52944,37.997839],[-87.529341,37.997724],[-87.52927,37.997625],[-87.529211,37.997522],[-87.529162,37.997412],[-87.529105,37.99719],[-87.529098,37.997034],[-87.529117,37.994766],[-87.529147,37.991979],[-87.529163,37.9917],[-87.526392,37.991661],[-87.526659,37.991084],[-87.52681,37.990782],[-87.526858,37.990727],[-87.526939,37.990649],[-87.529139,37.98884],[-87.52924,37.98875],[-87.529244,37.988098],[-87.520099,37.987976],[-87.520117,37.986418],[-87.520126,37.986253],[-87.520124,37.98578],[-87.502289,37.989243],[-87.50229,37.989264],[-87.502415,37.989369],[-87.503518,37.989902],[-87.503789,37.989979],[-87.504351,37.990166],[-87.505489,37.990716],[-87.506197,37.991019],[-87.506308,37.991052],[-87.506378,37.991107],[-87.506343,37.991376],[-87.507487,37.991382],[-87.51135,37.991436],[-87.513616,37.991474],[-87.515928,37.991538],[-87.52004,37.991589],[-87.520032,37.992107],[-87.519978,37.993191],[-87.519981,37.993391],[-87.520025,37.994178],[-87.520008,37.995738],[-87.520274,37.995681],[-87.521395,37.995469],[-87.521852,37.995427],[-87.522393,37.995429]]]}},{"type":"Feature","properties":{"NAME":"WARD 04 PRECINCT 23","WARD_PRECINCT":"4-23","CONGRESS":"08","SENATE":"49","HOUSE":"77","COMMISSION":"03","CO_COUNCIL":"03","TOWNSHIP":"PIGEON","ChangedPrecincts":"YES","OldPrecinctName":"WARD 03 PRECINCT 10"},"geometry":{"type":"Polygon","coordinates":[[[-87.564356,37.991202],[-87.565592,37.991209],[-87.565661,37.988388],[-87.566052,37.988402],[-87.567421,37.988425],[-87.567957,37.988427],[-87.570939,37.988473],[-87.571,37.985738],[-87.571035,37.984836],[-87.570627,37.984828],[-87.570624,37.983947],[-87.570701,37.983339],[-87.570714,37.982368],[-87.570749,37.981194],[-87.569646,37.981181],[-87.568459,37.981147],[-87.568488,37.979282],[-87.568534,37.977229],[-87.570818,37.977266],[-87.570803,37.977112],[-87.57007,37.977085],[-87.568782,37.977065],[-87.568373,37.977073],[-87.568007,37.977067],[-87.567921,37.976972],[-87.567375,37.976935],[-87.56681,37.976918],[-87.566764,37.976816],[-87.565247,37.976793],[-87.56502,37.976817],[-87.564833,37.976799],[-87.564518,37.976734],[-87.564331,37.976674],[-87.564273,37.97667],[-87.564184,37.976835],[-87.563997,37.977306],[-87.56397,37.97742],[-87.563947,37.977709],[-87.563856,37.983821],[-87.56384,37.984746],[-87.563811,37.985655],[-87.563813,37.986121],[-87.56378,37.987043],[-87.563726,37.989391],[-87.563675,37.99121],[-87.564356,37.991202]]]}},{"type":"Feature","properties":{"NAME":"WARD 03 PRECINCT 11","WARD_PRECINCT":"3-11","CONGRESS":"08","SENATE":"50","HOUSE":"77","COMMISSION":"03","CO_COUNCIL":"04","TOWNSHIP":"KNIGHT","ChangedPrecincts":"NO","OldPrecinctName":"WARD 03 PRECINCT 11"},"geometry":{"type":"Polygon","coordinates":[[[-87.501774,37.987756],[-87.50179,37.988887],[-87.501787,37.989341],[-87.520124,37.98578],[-87.520126,37.986253],[-87.520117,37.986418],[-87.520099,37.987976],[-87.529244,37.988098],[-87.52934,37.984487],[-87.529352,37.977989],[-87.529334,37.977696],[-87.529333,37.976845],[-87.52023,37.976802],[-87.520223,37.976949],[-87.514888,37.976926],[-87.514518,37.976918],[-87.511384,37.976901],[-87.502421,37.976757],[-87.502433,37.977113],[-87.502414,37.977499],[-87.50239,37.977653],[-87.502335,37.977784],[-87.502255,37.977906],[-87.501787,37.978517],[-87.501735,37.978618],[-87.501699,37.978724],[-87.50168,37.978872],[-87.501699,37.97975],[-87.501737,37.983118],[-87.501774,37.987756]]]}},{"type":"Feature","properties":{"NAME":"WARD 03 PRECINCT 12","WARD_PRECINCT":"3-12","CONGRESS":"08","SENATE":"49","HOUSE":"77","COMMISSION":"03","CO_COUNCIL":"03","TOWNSHIP":"KNIGHT","ChangedPrecincts":"NO","OldPrecinctName":"WARD 03 PRECINCT 12"},"geometry":{"type":"Polygon","coordinates":[[[-87.529334,37.976995],[-87.529334,37.977696],[-87.529352,37.977989],[-87.52934,37.984487],[-87.529259,37.987702],[-87.529248,37.987877],[-87.52924,37.98875],[-87.529696,37.988363],[-87.530292,37.987894],[-87.531705,37.986729],[-87.531949,37.986509],[-87.532113,37.986337],[-87.532248,37.986173],[-87.534162,37.983739],[-87.534397,37.983455],[-87.534615,37.983231],[-87.534925,37.982959],[-87.535399,37.982562],[-87.53559,37.982426],[-87.535757,37.982326],[-87.536528,37.981958],[-87.536731,37.981874],[-87.536844,37.981839],[-87.536963,37.981812],[-87.537144,37.981785],[-87.538096,37.981689],[-87.538505,37.981637],[-87.5385,37.981486],[-87.538586,37.977317],[-87.538599,37.977224],[-87.538602,37.977005],[-87.529334,37.976995]]]}},{"type":"Feature","properties":{"NAME":"WARD 04 PRECINCT 24","WARD_PRECINCT":"4-24","CONGRESS":"08","SENATE":"49","HOUSE":"77","COMMISSION":"03","CO_COUNCIL":"03","TOWNSHIP":"PIGEON","ChangedPrecincts":"YES","OldPrecinctName":"WARD 03 PRECINCT 13"},"geometry":{"type":"Polygon","coordinates":[[[-87.560901,37.992134],[-87.560982,37.992447],[-87.560985,37.99175],[-87.560999,37.991203],[-87.563675,37.99121],[-87.563726,37.989391],[-87.56378,37.987043],[-87.563813,37.986121],[-87.563811,37.985655],[-87.56384,37.984746],[-87.562309,37.984745],[-87.561157,37.984731],[-87.556941,37.984723],[-87.556638,37.984714],[-87.556625,37.992245],[-87.557048,37.99225],[-87.557126,37.992079],[-87.559849,37.992068],[-87.559889,37.992127],[-87.560041,37.992118],[-87.560901,37.992134]]]}},{"type":"Feature","properties":{"NAME":"WARD 03 PRECINCT 14","WARD_PRECINCT":"3-14","CONGRESS":"08","SENATE":"49","HOUSE":"78","COMMISSION":"03","CO_COUNCIL":"04","TOWNSHIP":"KNIGHT","ChangedPrecincts":"NO","OldPrecinctName":"WARD 03 PRECINCT 14"},"geometry":{"type":"Polygon","coordinates":[[[-87.5272,37.999205],[-87.527151,37.999479],[-87.527134,37.999748],[-87.52714,38.000242],[-87.527485,38.000774],[-87.528975,38.002236],[-87.529329,38.002713],[-87.529948,38.003597],[-87.530424,38.004066],[-87.531041,38.00452],[-87.531709,38.004974],[-87.53271,38.005358],[-87.533589,38.005783],[-87.534273,38.005988],[-87.535027,38.006109],[-87.53564,38.006106],[-87.536374,38.005923],[-87.536949,38.005477],[-87.537417,38.004921],[-87.537734,38.004573],[-87.538056,38.004315],[-87.538332,38.004184],[-87.537913,38.002709],[-87.537791,38.00232],[-87.537708,38.00197],[-87.537659,38.001676],[-87.537656,38.001533],[-87.537615,38.001218],[-87.537587,38.000897],[-87.537568,38.000357],[-87.537579,37.999966],[-87.537604,37.999575],[-87.537614,37.999133],[-87.537767,37.999137],[-87.537775,37.999026],[-87.537619,37.99902],[-87.537949,37.993905],[-87.538031,37.993449],[-87.538075,37.99327],[-87.538135,37.993079],[-87.538208,37.992889],[-87.538279,37.992736],[-87.538381,37.992544],[-87.538781,37.991855],[-87.538342,37.991844],[-87.538393,37.989518],[-87.538459,37.985046],[-87.538477,37.984842],[-87.5385,37.984766],[-87.538505,37.981637],[-87.538096,37.981689],[-87.537144,37.981785],[-87.536963,37.981812],[-87.536844,37.981839],[-87.536731,37.981874],[-87.536528,37.981958],[-87.535757,37.982326],[-87.53559,37.982426],[-87.535399,37.982562],[-87.534925,37.982959],[-87.534615,37.983231],[-87.534397,37.983455],[-87.534162,37.983739],[-87.532248,37.986173],[-87.532113,37.986337],[-87.531949,37.986509],[-87.531705,37.986729],[-87.530292,37.987894],[-87.529696,37.988363],[-87.529397,37.988611],[-87.529139,37.98884],[-87.526939,37.990649],[-87.52681,37.990782],[-87.526659,37.991084],[-87.526392,37.991661],[-87.529163,37.9917],[-87.529147,37.991979],[-87.529117,37.994766],[-87.529098,37.997034],[-87.529105,37.99719],[-87.529162,37.997412],[-87.529211,37.997522],[-87.52927,37.997625],[-87.529341,37.997724],[-87.52944,37.997839],[-87.529524,37.997917],[-87.529725,37.998065],[-87.527437,37.997954],[-87.527468,37.99815],[-87.527462,37.998415],[-87.527408,37.998666],[-87.527298,37.998936],[-87.5272,37.999205]]]}},{"type":"Feature","properties":{"NAME":"WARD 03 PRECINCT 16","WARD_PRECINCT":"3-16","CONGRESS":"08","SENATE":"50","HOUSE":"77","COMMISSION":"01","CO_COUNCIL":"04","TOWNSHIP":"KNIGHT","ChangedPrecincts":"NO","OldPrecinctName":"WARD 03 PRECINCT 16"},"geometry":{"type":"Polygon","coordinates":[[[-87.501082,37.988917],[-87.501298,37.988973],[-87.501789,37.988947],[-87.501737,37.983118],[-87.501699,37.97975],[-87.50168,37.978872],[-87.501699,37.978724],[-87.501735,37.978618],[-87.501787,37.978517],[-87.502255,37.977906],[-87.502335,37.977784],[-87.50239,37.977653],[-87.502414,37.977499],[-87.502433,37.977113],[-87.502421,37.976757],[-87.510898,37.976894],[-87.511021,37.969766],[-87.497824,37.969601],[-87.492816,37.969525],[-87.492704,37.969525],[-87.492681,37.969533],[-87.492685,37.968792],[-87.492665,37.968309],[-87.492681,37.967971],[-87.488192,37.967938],[-87.48725,37.967929],[-87.486903,37.967916],[-87.486874,37.968288],[-87.486712,37.969091],[-87.486691,37.969334],[-87.486697,37.969479],[-87.485083,37.969458],[-87.485064,37.970006],[-87.485062,37.970529],[-87.485067,37.970588],[-87.485111,37.970797],[-87.485123,37.971046],[-87.485053,37.974142],[-87.485051,37.974546],[-87.485087,37.974755],[-87.485155,37.97498],[-87.485188,37.975135],[-87.485195,37.975215],[-87.485176,37.976325],[-87.485153,37.97659],[-87.485166,37.976686],[-87.485168,37.976771],[-87.48682,37.976777],[-87.487371,37.976789],[-87.488141,37.976786],[-87.488489,37.976774],[-87.492599,37.976777],[-87.492587,37.976917],[-87.492607,37.978218],[-87.492601,37.978507],[-87.492619,37.979066],[-87.49262,37.979519],[-87.492648,37.980445],[-87.492643,37.981112],[-87.492697,37.982299],[-87.492703,37.983035],[-87.492684,37.983621],[-87.492688,37.983939],[-87.492679,37.984768],[-87.492904,37.985012],[-87.493137,37.985237],[-87.493565,37.985498],[-87.494135,37.985772],[-87.494425,37.986122],[-87.494651,37.986326],[-87.495056,37.986651],[-87.4955,37.986842],[-87.495802,37.986988],[-87.49756,37.987671],[-87.500215,37.988477],[-87.500847,37.98878],[-87.501082,37.988917]]]}},{"type":"Feature","properties":{"NAME":"WARD 03 PRECINCT 17","WARD_PRECINCT":"3-17","CONGRESS":"08","SENATE":"50","HOUSE":"77","COMMISSION":"01","CO_COUNCIL":"04","TOWNSHIP":"KNIGHT","ChangedPrecincts":"NO","OldPrecinctName":"WARD 03 PRECINCT 17"},"geometry":{"type":"Polygon","coordinates":[[[-87.492704,37.969525],[-87.497824,37.969601],[-87.511021,37.969766],[-87.51105,37.968817],[-87.511177,37.962464],[-87.50192,37.962373],[-87.492693,37.962396],[-87.49266,37.963144],[-87.492659,37.963309],[-87.49269,37.965471],[-87.492684,37.966326],[-87.492694,37.967559],[-87.492665,37.968309],[-87.492685,37.968792],[-87.492677,37.969456],[-87.492681,37.969533],[-87.492704,37.969525]]]}},{"type":"Feature","properties":{"NAME":"WARD 04 PRECINCT 01","WARD_PRECINCT":"4-01","CONGRESS":"08","SENATE":"49","HOUSE":"77","COMMISSION":"03","CO_COUNCIL":"03","TOWNSHIP":"PIGEON","ChangedPrecincts":"NO","OldPrecinctName":"WARD 04 PRECINCT 01"},"geometry":{"type":"Polygon","coordinates":[[[-87.579943,37.97796],[-87.580414,37.977966],[-87.58125,37.977938],[-87.581271,37.976724],[-87.581291,37.974486],[-87.58126,37.974308],[-87.581228,37.974222],[-87.581129,37.974042],[-87.581044,37.973935],[-87.58095,37.973846],[-87.580871,37.973778],[-87.580786,37.97372],[-87.580585,37.973615],[-87.579394,37.973056],[-87.579158,37.972928],[-87.577903,37.972128],[-87.577753,37.972017],[-87.577588,37.971878],[-87.577489,37.971781],[-87.577347,37.971708],[-87.577162,37.971501],[-87.576923,37.971193],[-87.576788,37.971046],[-87.576559,37.970743],[-87.575607,37.969561],[-87.574075,37.96768],[-87.571899,37.968771],[-87.571506,37.968298],[-87.570551,37.967108],[-87.569553,37.967613],[-87.569472,37.967669],[-87.567536,37.968653],[-87.567106,37.968861],[-87.566228,37.969315],[-87.564507,37.9672],[-87.564194,37.966828],[-87.564051,37.96664],[-87.563998,37.966545],[-87.563984,37.966461],[-87.564037,37.962948],[-87.556896,37.962937],[-87.5569,37.963397],[-87.556889,37.963844],[-87.556885,37.964726],[-87.556869,37.965186],[-87.556865,37.965671],[-87.556871,37.965945],[-87.556851,37.966606],[-87.556824,37.968449],[-87.559119,37.968469],[-87.559112,37.969324],[-87.559099,37.969522],[-87.559077,37.97123],[-87.559022,37.97382],[-87.55898,37.977073],[-87.5606,37.977101],[-87.561635,37.977128],[-87.562581,37.97713],[-87.564054,37.977157],[-87.564184,37.976835],[-87.564273,37.97667],[-87.564331,37.976674],[-87.564518,37.976734],[-87.564833,37.976799],[-87.56502,37.976817],[-87.565247,37.976793],[-87.566764,37.976816],[-87.56681,37.976918],[-87.567375,37.976935],[-87.567921,37.976972],[-87.568007,37.977067],[-87.568373,37.977073],[-87.568782,37.977065],[-87.57007,37.977085],[-87.570803,37.977112],[-87.570788,37.976951],[-87.570772,37.976877],[-87.573512,37.976926],[-87.574072,37.976961],[-87.5746,37.977016],[-87.57478,37.97705],[-87.57502,37.977077],[-87.575084,37.977444],[-87.575396,37.977476],[-87.575312,37.977609],[-87.575574,37.977629],[-87.576994,37.977802],[-87.577737,37.977875],[-87.578648,37.977924],[-87.579038,37.977938],[-87.579448,37.977941],[-87.579943,37.97796]]]}},{"type":"Feature","properties":{"NAME":"WARD 04 PRECINCT 02","WARD_PRECINCT":"4-02","CONGRESS":"08","SENATE":"49","HOUSE":"77","COMMISSION":"03","CO_COUNCIL":"03","TOWNSHIP":"PIGEON","ChangedPrecincts":"NO","OldPrecinctName":"WARD 04 PRECINCT 02"},"geometry":{"type":"Polygon","coordinates":[[[-87.564507,37.9672],[-87.566228,37.969315],[-87.567106,37.968861],[-87.567536,37.968653],[-87.569472,37.967669],[-87.569553,37.967613],[-87.570551,37.967108],[-87.571506,37.968298],[-87.571899,37.968771],[-87.574189,37.967625],[-87.57373,37.967058],[-87.573856,37.967087],[-87.574252,37.967335],[-87.574369,37.967438],[-87.574425,37.967509],[-87.57444,37.967502],[-87.57459,37.967491],[-87.575258,37.966421],[-87.575051,37.965916],[-87.574619,37.96458],[-87.574409,37.963584],[-87.574238,37.961153],[-87.574423,37.959462],[-87.574441,37.959006],[-87.574518,37.958303],[-87.574682,37.957438],[-87.575146,37.955496],[-87.575438,37.954918],[-87.575885,37.954213],[-87.576537,37.952965],[-87.576993,37.952294],[-87.577516,37.951668],[-87.573572,37.951729],[-87.573278,37.950432],[-87.573215,37.950234],[-87.57219,37.95021],[-87.572207,37.950411],[-87.572221,37.950826],[-87.566476,37.951013],[-87.564704,37.950299],[-87.560829,37.948768],[-87.572155,37.953448],[-87.572092,37.954459],[-87.572065,37.955227],[-87.572065,37.955504],[-87.572102,37.957122],[-87.572132,37.9578],[-87.572247,37.959894],[-87.572237,37.959991],[-87.5722,37.960094],[-87.572104,37.960235],[-87.572028,37.960305],[-87.571949,37.96036],[-87.571805,37.960435],[-87.571217,37.96066],[-87.570343,37.960957],[-87.570185,37.961004],[-87.568913,37.961476],[-87.567751,37.961747],[-87.567279,37.961775],[-87.56644,37.961841],[-87.566322,37.961866],[-87.56634,37.961897],[-87.566004,37.962057],[-87.566001,37.962927],[-87.56589,37.962945],[-87.56575,37.96295],[-87.564037,37.962948],[-87.563984,37.966461],[-87.563998,37.966545],[-87.564051,37.96664],[-87.564194,37.966828],[-87.564507,37.9672]]]}},{"type":"Feature","properties":{"NAME":"WARD 04 PRECINCT 03","WARD_PRECINCT":"4-03","CONGRESS":"08","SENATE":"49","HOUSE":"77","COMMISSION":"01","CO_COUNCIL":"03","TOWNSHIP":"PIGEON","ChangedPrecincts":"NO","OldPrecinctName":"WARD 04 PRECINCT 03"},"geometry":{"type":"Polygon","coordinates":[[[-87.556745,37.973659],[-87.557351,37.973678],[-87.559029,37.973702],[-87.559077,37.97123],[-87.559099,37.969522],[-87.559112,37.969324],[-87.559119,37.968469],[-87.554998,37.968439],[-87.549621,37.968423],[-87.547693,37.968409],[-87.547669,37.969213],[-87.54766,37.970211],[-87.547688,37.972263],[-87.548474,37.972268],[-87.549116,37.972283],[-87.549114,37.971854],[-87.551428,37.971876],[-87.551404,37.973607],[-87.553761,37.973621],[-87.554743,37.973619],[-87.556745,37.973659]]]}},{"type":"Feature","properties":{"NAME":"WARD 04 PRECINCT 04","WARD_PRECINCT":"4-04","CONGRESS":"08","SENATE":"49","HOUSE":"77","COMMISSION":"03","CO_COUNCIL":"03","TOWNSHIP":"PIGEON","ChangedPrecincts":"NO","OldPrecinctName":"WARD 04 PRECINCT 04"},"geometry":{"type":"Polygon","coordinates":[[[-87.547754,37.963436],[-87.547743,37.964146],[-87.547747,37.964608],[-87.547739,37.965507],[-87.547718,37.966353],[-87.547722,37.966544],[-87.547708,37.96707],[-87.547693,37.968409],[-87.549621,37.968423],[-87.552439,37.968428],[-87.556824,37.968449],[-87.556851,37.966606],[-87.556871,37.965945],[-87.556865,37.965671],[-87.556869,37.965186],[-87.556885,37.964726],[-87.556889,37.963844],[-87.5569,37.963397],[-87.556896,37.962937],[-87.548892,37.962831],[-87.547779,37.962809],[-87.547754,37.963436]]]}},{"type":"Feature","properties":{"NAME":"WARD 04 PRECINCT 05","WARD_PRECINCT":"4-05","CONGRESS":"08","SENATE":"49","HOUSE":"77","COMMISSION":"01","CO_COUNCIL":"03","TOWNSHIP":"PIGEON","ChangedPrecincts":"NO","OldPrecinctName":"WARD 04 PRECINCT 05"},"geometry":{"type":"Polygon","coordinates":[[[-87.547755,37.977034],[-87.547741,37.977098],[-87.547756,37.977267],[-87.549547,37.977101],[-87.55001,37.977077],[-87.550485,37.977066],[-87.550895,37.977044],[-87.552859,37.97701],[-87.55437,37.977],[-87.55898,37.977073],[-87.558993,37.9757],[-87.559029,37.973702],[-87.557351,37.973678],[-87.556745,37.973659],[-87.554743,37.973619],[-87.553761,37.973621],[-87.551404,37.973607],[-87.551428,37.971876],[-87.549114,37.971854],[-87.549116,37.972283],[-87.548474,37.972268],[-87.547688,37.972263],[-87.547742,37.976629],[-87.547751,37.976687],[-87.547755,37.977034]]]}},{"type":"Feature","properties":{"NAME":"WARD 04 PRECINCT 06","WARD_PRECINCT":"4-06","CONGRESS":"08","SENATE":"49","HOUSE":"77","COMMISSION":"03","CO_COUNCIL":"03","TOWNSHIP":"PIGEON","ChangedPrecincts":"NO","OldPrecinctName":"WARD 04 PRECINCT 06"},"geometry":{"type":"Polygon","coordinates":[[[-87.547876,37.959192],[-87.547779,37.962809],[-87.548892,37.962831],[-87.5563,37.962932],[-87.557258,37.962941],[-87.559522,37.962939],[-87.559578,37.960581],[-87.559575,37.96048],[-87.55951,37.960478],[-87.559503,37.960402],[-87.559497,37.960192],[-87.559504,37.959581],[-87.55952,37.959252],[-87.557003,37.959245],[-87.557001,37.95928],[-87.55647,37.95928],[-87.554122,37.959255],[-87.552213,37.959245],[-87.547876,37.959192]]]}},{"type":"Feature","properties":{"NAME":"WARD 03 PRECINCT 20","WARD_PRECINCT":"3-20","CONGRESS":"08","SENATE":"49","HOUSE":"77","COMMISSION":"01","CO_COUNCIL":"03","TOWNSHIP":"KNIGHT","ChangedPrecincts":"YES","OldPrecinctName":"WARD 04 PRECINCT 07"},"geometry":{"type":"Polygon","coordinates":[[[-87.543664,37.973521],[-87.543804,37.973527],[-87.544028,37.973553],[-87.544526,37.973557],[-87.544665,37.973545],[-87.544866,37.973544],[-87.544857,37.972249],[-87.546161,37.972265],[-87.546254,37.972258],[-87.547688,37.972263],[-87.54766,37.970282],[-87.547663,37.970037],[-87.539335,37.96999],[-87.539342,37.973509],[-87.542948,37.973531],[-87.543664,37.973521]]]}},{"type":"Feature","properties":{"NAME":"WARD 03 PRECINCT 21","WARD_PRECINCT":"3-21","CONGRESS":"08","SENATE":"49","HOUSE":"77","COMMISSION":"01","CO_COUNCIL":"03","TOWNSHIP":"KNIGHT","ChangedPrecincts":"YES","OldPrecinctName":"WARD 04 PRECINCT 08"},"geometry":{"type":"Polygon","coordinates":[[[-87.54775,37.977201],[-87.547741,37.977098],[-87.547755,37.977034],[-87.547751,37.976687],[-87.547742,37.976629],[-87.547688,37.972263],[-87.546254,37.972258],[-87.546161,37.972265],[-87.544857,37.972249],[-87.544866,37.973544],[-87.544665,37.973545],[-87.544526,37.973557],[-87.544028,37.973553],[-87.543804,37.973527],[-87.543664,37.973521],[-87.542948,37.973531],[-87.541244,37.973516],[-87.537444,37.973505],[-87.537442,37.974481],[-87.535156,37.974469],[-87.533993,37.974476],[-87.534003,37.975027],[-87.534002,37.975625],[-87.533988,37.976279],[-87.533876,37.977001],[-87.538602,37.977005],[-87.538599,37.977224],[-87.538681,37.977198],[-87.538737,37.97719],[-87.540852,37.977191],[-87.540939,37.977198],[-87.54225,37.977175],[-87.54286,37.977141],[-87.543092,37.977195],[-87.543225,37.97719],[-87.543473,37.977197],[-87.545099,37.977198],[-87.545129,37.977204],[-87.54775,37.977201]]]}},{"type":"Feature","properties":{"NAME":"WARD 04 PRECINCT 09","WARD_PRECINCT":"4-09","CONGRESS":"08","SENATE":"49","HOUSE":"77","COMMISSION":"03","CO_COUNCIL":"03","TOWNSHIP":"PIGEON","ChangedPrecincts":"NO","OldPrecinctName":"WARD 04 PRECINCT 09"},"geometry":{"type":"Polygon","coordinates":[[[-87.554686,37.959265],[-87.557001,37.95928],[-87.557003,37.959245],[-87.55952,37.959252],[-87.559582,37.956808],[-87.55962,37.955657],[-87.559715,37.955533],[-87.559406,37.955407],[-87.558452,37.954982],[-87.557287,37.954487],[-87.55711,37.954423],[-87.557121,37.954257],[-87.557186,37.952029],[-87.555512,37.952011],[-87.554915,37.951991],[-87.554931,37.951073],[-87.554943,37.950815],[-87.554947,37.95021],[-87.553414,37.950184],[-87.553416,37.949908],[-87.553459,37.94861],[-87.553457,37.948417],[-87.553448,37.94838],[-87.553429,37.948347],[-87.553407,37.948327],[-87.553346,37.948304],[-87.55247,37.948288],[-87.551581,37.948254],[-87.551607,37.947185],[-87.551691,37.946524],[-87.551707,37.946008],[-87.554071,37.946034],[-87.554098,37.946038],[-87.55414,37.946059],[-87.554676,37.94611],[-87.554578,37.946034],[-87.552143,37.943965],[-87.552343,37.944485],[-87.55229,37.944442],[-87.552193,37.944396],[-87.551735,37.944049],[-87.550979,37.943533],[-87.550429,37.943214],[-87.549969,37.942982],[-87.549639,37.942833],[-87.54952,37.942785],[-87.549317,37.942719],[-87.549108,37.942674],[-87.548954,37.942651],[-87.548793,37.94264],[-87.548196,37.942652],[-87.54819,37.943734],[-87.54817,37.944824],[-87.548196,37.944845],[-87.548168,37.945687],[-87.548164,37.947116],[-87.548147,37.948263],[-87.548112,37.948858],[-87.548093,37.949531],[-87.548068,37.950958],[-87.548077,37.951261],[-87.548057,37.952307],[-87.547984,37.9551],[-87.547979,37.955568],[-87.547938,37.957219],[-87.547898,37.958283],[-87.547876,37.959192],[-87.552213,37.959245],[-87.554122,37.959255],[-87.554686,37.959265]]]}},{"type":"Feature","properties":{"NAME":"WARD 02 PRECINCT 06","WARD_PRECINCT":"2-06","CONGRESS":"08","SENATE":"49","HOUSE":"77","COMMISSION":"01","CO_COUNCIL":"03","TOWNSHIP":"KNIGHT","ChangedPrecincts":"YES","OldPrecinctName":"WARD 04 PRECINCT 10"},"geometry":{"type":"Polygon","coordinates":[[[-87.53479,37.936282],[-87.534713,37.936456],[-87.534652,37.93657],[-87.534421,37.93712],[-87.534403,37.938067],[-87.534419,37.938077],[-87.534416,37.938411],[-87.534388,37.938993],[-87.534373,37.939569],[-87.534341,37.940165],[-87.534339,37.940455],[-87.53435,37.941248],[-87.534388,37.942317],[-87.534382,37.942462],[-87.534445,37.944577],[-87.534437,37.945433],[-87.534427,37.945696],[-87.535483,37.946411],[-87.53736,37.94766],[-87.538953,37.94874],[-87.538968,37.948171],[-87.538974,37.946481],[-87.538966,37.945981],[-87.538955,37.945893],[-87.538977,37.944459],[-87.538972,37.944108],[-87.53898,37.942719],[-87.53899,37.94236],[-87.538982,37.940903],[-87.538966,37.940829],[-87.539048,37.939646],[-87.539088,37.937965],[-87.539085,37.937532],[-87.538807,37.937413],[-87.537168,37.936796],[-87.535717,37.936328],[-87.534844,37.936095],[-87.53479,37.936282]]]}},{"type":"Feature","properties":{"NAME":"WARD 04 PRECINCT 11","WARD_PRECINCT":"4-11","CONGRESS":"08","SENATE":"49","HOUSE":"77","COMMISSION":"03","CO_COUNCIL":"03","TOWNSHIP":"PIGEON","ChangedPrecincts":"NO","OldPrecinctName":"WARD 04 PRECINCT 11"},"geometry":{"type":"Polygon","coordinates":[[[-87.56024,37.955658],[-87.564576,37.955706],[-87.564737,37.955725],[-87.564867,37.955756],[-87.564973,37.955795],[-87.56505,37.955841],[-87.565194,37.955974],[-87.5658,37.956645],[-87.566081,37.956971],[-87.56714,37.958036],[-87.567255,37.958143],[-87.567566,37.958464],[-87.567614,37.958532],[-87.567678,37.958654],[-87.568116,37.959559],[-87.568871,37.961168],[-87.569029,37.961434],[-87.570185,37.961004],[-87.570343,37.960957],[-87.571217,37.96066],[-87.571805,37.960435],[-87.571949,37.96036],[-87.572028,37.960305],[-87.572104,37.960235],[-87.5722,37.960094],[-87.572237,37.959991],[-87.572247,37.959894],[-87.572132,37.9578],[-87.572102,37.957122],[-87.572065,37.955504],[-87.572065,37.955227],[-87.572092,37.954459],[-87.572155,37.953448],[-87.558816,37.947939],[-87.557378,37.947405],[-87.556036,37.94672],[-87.555159,37.946172],[-87.55431,37.945433],[-87.553365,37.944652],[-87.552187,37.94357],[-87.551393,37.943008],[-87.550064,37.94194],[-87.549051,37.941105],[-87.548865,37.940904],[-87.548249,37.940851],[-87.548245,37.941498],[-87.548217,37.941625],[-87.548245,37.94224],[-87.548234,37.942652],[-87.548793,37.94264],[-87.548954,37.942651],[-87.549108,37.942674],[-87.549317,37.942719],[-87.54952,37.942785],[-87.549639,37.942833],[-87.549969,37.942982],[-87.550429,37.943214],[-87.550979,37.943533],[-87.551735,37.944049],[-87.552193,37.944396],[-87.55229,37.944442],[-87.552343,37.944485],[-87.552143,37.943965],[-87.554578,37.946034],[-87.554676,37.94611],[-87.55414,37.946059],[-87.554098,37.946038],[-87.554071,37.946034],[-87.551707,37.946008],[-87.551691,37.946524],[-87.551607,37.947185],[-87.551581,37.948254],[-87.55247,37.948288],[-87.553346,37.948304],[-87.55338,37.948312],[-87.553429,37.948347],[-87.553448,37.94838],[-87.553457,37.948417],[-87.553459,37.94861],[-87.553416,37.949908],[-87.553414,37.950184],[-87.554947,37.95021],[-87.554943,37.950815],[-87.554931,37.951073],[-87.554915,37.951991],[-87.555512,37.952011],[-87.557186,37.952029],[-87.557121,37.954257],[-87.55711,37.954423],[-87.557287,37.954487],[-87.558452,37.954982],[-87.559406,37.955407],[-87.559807,37.955574],[-87.56,37.955632],[-87.56024,37.955658]]]}},{"type":"Feature","properties":{"NAME":"WARD 02 PRECINCT 11","WARD_PRECINCT":"2-11","CONGRESS":"08","SENATE":"49","HOUSE":"77","COMMISSION":"01","CO_COUNCIL":"03","TOWNSHIP":"KNIGHT","ChangedPrecincts":"YES","OldPrecinctName":"WARD 04 PRECINCT 12"},"geometry":{"type":"Polygon","coordinates":[[[-87.538745,37.956429],[-87.538738,37.957327],[-87.538686,37.959128],[-87.538675,37.959802],[-87.538655,37.960288],[-87.538647,37.96097],[-87.538597,37.962742],[-87.541974,37.962768],[-87.543034,37.962783],[-87.543101,37.95967],[-87.543099,37.959403],[-87.543079,37.958907],[-87.543002,37.958119],[-87.542909,37.957501],[-87.542827,37.95707],[-87.542468,37.955568],[-87.542239,37.955569],[-87.542168,37.955297],[-87.542073,37.954859],[-87.542023,37.954566],[-87.541968,37.954084],[-87.541958,37.953907],[-87.541955,37.953454],[-87.541967,37.95318],[-87.541985,37.953001],[-87.542058,37.95248],[-87.542153,37.952061],[-87.542246,37.951727],[-87.542438,37.951094],[-87.542632,37.951225],[-87.542917,37.950292],[-87.543028,37.949859],[-87.543074,37.949649],[-87.543146,37.949222],[-87.543197,37.948796],[-87.543216,37.948554],[-87.543246,37.947799],[-87.543348,37.943401],[-87.543384,37.942034],[-87.543395,37.941898],[-87.543447,37.941522],[-87.543494,37.941411],[-87.543525,37.941257],[-87.543561,37.941129],[-87.543669,37.940809],[-87.54381,37.940483],[-87.544124,37.939886],[-87.54419,37.939794],[-87.540621,37.938147],[-87.539085,37.937532],[-87.539088,37.937965],[-87.539048,37.939646],[-87.538966,37.940829],[-87.538982,37.940903],[-87.53899,37.94236],[-87.53898,37.942719],[-87.538972,37.944108],[-87.538977,37.944459],[-87.538955,37.945893],[-87.538966,37.945981],[-87.538974,37.946481],[-87.538968,37.948171],[-87.538953,37.94874],[-87.538923,37.949372],[-87.538909,37.950645],[-87.538853,37.953105],[-87.53883,37.953646],[-87.535715,37.953622],[-87.535665,37.955518],[-87.538779,37.955538],[-87.538745,37.956429]]]}},{"type":"Feature","properties":{"NAME":"WARD 03 PRECINCT 22","WARD_PRECINCT":"3-22","CONGRESS":"08","SENATE":"49","HOUSE":"77","COMMISSION":"01","CO_COUNCIL":"03","TOWNSHIP":"KNIGHT","ChangedPrecincts":"YES","OldPrecinctName":"WARD 04 PRECINCT 13"},"geometry":{"type":"Polygon","coordinates":[[[-87.5433,37.968193],[-87.543799,37.969627],[-87.543902,37.970017],[-87.547663,37.970037],[-87.547669,37.969213],[-87.547693,37.968409],[-87.547708,37.96707],[-87.547722,37.966544],[-87.547718,37.966353],[-87.547739,37.965507],[-87.547747,37.964608],[-87.547743,37.964146],[-87.547754,37.963436],[-87.547779,37.962809],[-87.547117,37.962811],[-87.54408,37.962787],[-87.543585,37.962792],[-87.542809,37.96278],[-87.54272,37.966618],[-87.542753,37.967004],[-87.54281,37.967341],[-87.54286,37.967546],[-87.542921,37.967766],[-87.543072,37.968197],[-87.5433,37.968193]]]}},{"type":"Feature","properties":{"NAME":"WARD 02 PRECINCT 16","WARD_PRECINCT":"2-16","CONGRESS":"08","SENATE":"49","HOUSE":"77","COMMISSION":"01","CO_COUNCIL":"03","TOWNSHIP":"KNIGHT","ChangedPrecincts":"YES","OldPrecinctName":"WARD 04 PRECINCT 14"},"geometry":{"type":"Polygon","coordinates":[[[-87.529818,37.949106],[-87.529758,37.955311],[-87.529978,37.955376],[-87.530344,37.955459],[-87.530593,37.955485],[-87.535665,37.955518],[-87.535715,37.953622],[-87.53883,37.953646],[-87.538853,37.953105],[-87.538909,37.950645],[-87.538923,37.949372],[-87.538953,37.94874],[-87.53736,37.94766],[-87.535483,37.946411],[-87.533187,37.944863],[-87.532807,37.944618],[-87.532719,37.944574],[-87.532561,37.944524],[-87.532365,37.9445],[-87.530743,37.94449],[-87.529875,37.944475],[-87.529867,37.944798],[-87.52986,37.946296],[-87.529818,37.949106]]]}},{"type":"Feature","properties":{"NAME":"WARD 02 PRECINCT 18","WARD_PRECINCT":"2-18","CONGRESS":"08","SENATE":"49","HOUSE":"77","COMMISSION":"01","CO_COUNCIL":"03","TOWNSHIP":"KNIGHT","ChangedPrecincts":"YES","OldPrecinctName":"WARD 04 PRECINCT 15"},"geometry":{"type":"Polygon","coordinates":[[[-87.547117,37.962811],[-87.547779,37.962809],[-87.547898,37.958283],[-87.547938,37.957219],[-87.547979,37.955568],[-87.547984,37.9551],[-87.548057,37.952307],[-87.548077,37.951261],[-87.548068,37.950958],[-87.548093,37.949531],[-87.548112,37.948858],[-87.548147,37.948263],[-87.548164,37.947116],[-87.548168,37.945687],[-87.548196,37.944845],[-87.54817,37.944824],[-87.54819,37.943734],[-87.548196,37.942652],[-87.548234,37.942652],[-87.548245,37.94224],[-87.548217,37.941625],[-87.548245,37.941498],[-87.548249,37.940851],[-87.547751,37.940836],[-87.546815,37.940848],[-87.54644,37.940843],[-87.546092,37.940735],[-87.544581,37.939975],[-87.54419,37.939794],[-87.544124,37.939886],[-87.54381,37.940483],[-87.543669,37.940809],[-87.543561,37.941129],[-87.543525,37.941257],[-87.543494,37.941411],[-87.543447,37.941522],[-87.543395,37.941898],[-87.543384,37.942034],[-87.543348,37.943401],[-87.543246,37.947799],[-87.543216,37.948554],[-87.543197,37.948796],[-87.543146,37.949222],[-87.543074,37.949649],[-87.543028,37.949859],[-87.542917,37.950292],[-87.542632,37.951225],[-87.542438,37.951094],[-87.542246,37.951727],[-87.542153,37.952061],[-87.542058,37.95248],[-87.541985,37.953001],[-87.541967,37.95318],[-87.541955,37.953454],[-87.541958,37.953907],[-87.541968,37.954084],[-87.542023,37.954566],[-87.542073,37.954859],[-87.542168,37.955297],[-87.542239,37.955569],[-87.542468,37.955568],[-87.542827,37.95707],[-87.542909,37.957501],[-87.543002,37.958119],[-87.543079,37.958907],[-87.543099,37.959403],[-87.543101,37.95967],[-87.543034,37.962783],[-87.543585,37.962792],[-87.54408,37.962787],[-87.545617,37.962795],[-87.547117,37.962811]]]}},{"type":"Feature","properties":{"NAME":"WARD 03 PRECINCT 23","WARD_PRECINCT":"3-23","CONGRESS":"08","SENATE":"49","HOUSE":"77","COMMISSION":"01","CO_COUNCIL":"03","TOWNSHIP":"KNIGHT","ChangedPrecincts":"YES","OldPrecinctName":"WARD 04 PRECINCT 16"},"geometry":{"type":"Polygon","coordinates":[[[-87.532404,37.969952],[-87.541983,37.97],[-87.543902,37.970017],[-87.543799,37.969627],[-87.5433,37.968193],[-87.543072,37.968197],[-87.542921,37.967766],[-87.54286,37.967546],[-87.54281,37.967341],[-87.542753,37.967004],[-87.54272,37.966618],[-87.542809,37.96278],[-87.537728,37.962736],[-87.534135,37.96273],[-87.534092,37.964862],[-87.534554,37.964845],[-87.534573,37.964913],[-87.534603,37.964981],[-87.534687,37.965023],[-87.535211,37.965406],[-87.535594,37.965632],[-87.535817,37.965746],[-87.536047,37.965851],[-87.536511,37.966025],[-87.536689,37.966082],[-87.537123,37.966192],[-87.537873,37.966338],[-87.537448,37.966353],[-87.536891,37.96636],[-87.534637,37.966355],[-87.532498,37.96634],[-87.532459,37.968033],[-87.532404,37.969952]]]}},{"type":"Feature","properties":{"NAME":"WARD 04 PRECINCT 17","WARD_PRECINCT":"4-17","CONGRESS":"08","SENATE":"49","HOUSE":"77","COMMISSION":"03","CO_COUNCIL":"03","TOWNSHIP":"PIGEON","ChangedPrecincts":"NO","OldPrecinctName":"WARD 04 PRECINCT 17"},"geometry":{"type":"Polygon","coordinates":[[[-87.55962,37.955657],[-87.55952,37.959252],[-87.559504,37.959581],[-87.559497,37.960192],[-87.559503,37.960402],[-87.55951,37.960478],[-87.559575,37.96048],[-87.559578,37.960581],[-87.559522,37.962939],[-87.561483,37.962946],[-87.56589,37.962945],[-87.566001,37.962927],[-87.566004,37.962057],[-87.56634,37.961897],[-87.566322,37.961866],[-87.56644,37.961841],[-87.567279,37.961775],[-87.567751,37.961747],[-87.568913,37.961476],[-87.569029,37.961434],[-87.568871,37.961168],[-87.568116,37.959559],[-87.567678,37.958654],[-87.567614,37.958532],[-87.567566,37.958464],[-87.567255,37.958143],[-87.56714,37.958036],[-87.566081,37.956971],[-87.5658,37.956645],[-87.565194,37.955974],[-87.56505,37.955841],[-87.564973,37.955795],[-87.564867,37.955756],[-87.564737,37.955725],[-87.564576,37.955706],[-87.56024,37.955658],[-87.56,37.955632],[-87.559807,37.955574],[-87.559715,37.955533],[-87.55962,37.955657]]]}},{"type":"Feature","properties":{"NAME":"WARD 05 PRECINCT 01","WARD_PRECINCT":"5-01","CONGRESS":"08","SENATE":"49","HOUSE":"76","COMMISSION":"02","CO_COUNCIL":"02","TOWNSHIP":"CENTER","ChangedPrecincts":"NO","OldPrecinctName":"WARD 05 PRECINCT 01"},"geometry":{"type":"Polygon","coordinates":[[[-87.564209,38.028876],[-87.564188,38.02987],[-87.564209,38.030348],[-87.564148,38.031096],[-87.564728,38.031109],[-87.564827,38.031104],[-87.56495,38.031074],[-87.565082,38.030992],[-87.565169,38.029299],[-87.565185,38.029165],[-87.565204,38.029124],[-87.565254,38.029055],[-87.565329,38.028979],[-87.565384,38.028941],[-87.565466,38.0289],[-87.565584,38.028871],[-87.565737,38.028859],[-87.566285,38.028886],[-87.566457,38.028882],[-87.567005,38.028902],[-87.567801,38.028917],[-87.568254,38.028939],[-87.56851,38.02896],[-87.569231,38.02904],[-87.570877,38.029085],[-87.57092,38.028147],[-87.570932,38.027676],[-87.570922,38.027444],[-87.570844,38.026805],[-87.570835,38.026604],[-87.570837,38.026107],[-87.570863,38.02526],[-87.568742,38.025092],[-87.568751,38.024865],[-87.568731,38.024704],[-87.568673,38.024544],[-87.568623,38.024457],[-87.568523,38.024333],[-87.568455,38.024265],[-87.567854,38.023829],[-87.567762,38.023737],[-87.567734,38.023706],[-87.567653,38.023562],[-87.567631,38.023506],[-87.567607,38.023369],[-87.567637,38.022317],[-87.56766,38.022115],[-87.567718,38.021916],[-87.567733,38.021836],[-87.567765,38.021048],[-87.567751,38.020701],[-87.567727,38.020414],[-87.567588,38.019069],[-87.567591,38.018903],[-87.567616,38.018745],[-87.567699,38.018496],[-87.567762,38.018373],[-87.567878,38.018202],[-87.567926,38.018141],[-87.568054,38.018011],[-87.568341,38.017766],[-87.568602,38.017514],[-87.568772,38.017331],[-87.569096,38.016955],[-87.569218,38.016784],[-87.569305,38.016636],[-87.569398,38.016452],[-87.569448,38.016317],[-87.569533,38.015995],[-87.569562,38.015688],[-87.569561,38.015554],[-87.569523,38.015295],[-87.569475,38.015113],[-87.569306,38.014625],[-87.569274,38.01446],[-87.569257,38.014308],[-87.569253,38.014178],[-87.569261,38.014078],[-87.565062,38.013987],[-87.560894,38.01392],[-87.560923,38.013977],[-87.560962,38.014103],[-87.561015,38.014315],[-87.561153,38.015004],[-87.561724,38.018069],[-87.561886,38.0189],[-87.562106,38.020158],[-87.562143,38.020415],[-87.562165,38.020608],[-87.562175,38.02084],[-87.56221,38.021158],[-87.562262,38.021501],[-87.562308,38.021966],[-87.562377,38.023198],[-87.562391,38.02353],[-87.562358,38.024967],[-87.563472,38.02505],[-87.566655,38.02293],[-87.566758,38.023003],[-87.56666,38.023025],[-87.566494,38.023167],[-87.566431,38.023321],[-87.566383,38.023607],[-87.566285,38.023684],[-87.566216,38.023684],[-87.566007,38.023706],[-87.565882,38.023783],[-87.565744,38.023893],[-87.565674,38.02397],[-87.565632,38.024189],[-87.565646,38.024332],[-87.565632,38.024409],[-87.565674,38.024717],[-87.565702,38.024766],[-87.565751,38.024964],[-87.565716,38.025579],[-87.565647,38.025942],[-87.565584,38.026211],[-87.565535,38.026486],[-87.565501,38.026552],[-87.565292,38.026717],[-87.565001,38.026904],[-87.564723,38.027261],[-87.564667,38.027447],[-87.564521,38.027744],[-87.564438,38.028129],[-87.56441,38.028173],[-87.564403,38.028316],[-87.564251,38.028733],[-87.564209,38.028876]]]}},{"type":"Feature","properties":{"NAME":"WARD 05 PRECINCT 02","WARD_PRECINCT":"5-02","CONGRESS":"08","SENATE":"50","HOUSE":"78","COMMISSION":"02","CO_COUNCIL":"02","TOWNSHIP":"CENTER","ChangedPrecincts":"NO","OldPrecinctName":"WARD 05 PRECINCT 02"},"geometry":{"type":"Polygon","coordinates":[[[-87.507071,38.057006],[-87.50887,38.057025],[-87.513367,38.057101],[-87.514865,38.054838],[-87.521129,38.054934],[-87.521233,38.054927],[-87.521206,38.054814],[-87.521133,38.054669],[-87.521054,38.054574],[-87.520977,38.054493],[-87.520832,38.054383],[-87.520778,38.054324],[-87.519952,38.053579],[-87.519855,38.053474],[-87.519729,38.053476],[-87.520236,38.053964],[-87.520255,38.054081],[-87.520253,38.05415],[-87.518491,38.054141],[-87.518491,38.053565],[-87.518089,38.053561],[-87.518096,38.053204],[-87.51964,38.053206],[-87.519531,38.05304],[-87.519428,38.052847],[-87.519314,38.052674],[-87.51925,38.052558],[-87.519148,38.052324],[-87.519102,38.052178],[-87.518914,38.051425],[-87.518893,38.051386],[-87.518857,38.051275],[-87.519438,38.051285],[-87.519452,38.050753],[-87.519899,38.05077],[-87.519891,38.050647],[-87.520611,38.050658],[-87.520587,38.049926],[-87.523509,38.049951],[-87.523788,38.049974],[-87.52401,38.049962],[-87.530182,38.050036],[-87.530377,38.050047],[-87.531229,38.050061],[-87.531205,38.050575],[-87.530102,38.050552],[-87.530026,38.051052],[-87.529988,38.051232],[-87.52992,38.051404],[-87.529785,38.051629],[-87.529689,38.051764],[-87.530987,38.05181],[-87.530963,38.052954],[-87.531554,38.052985],[-87.531548,38.053709],[-87.533068,38.05376],[-87.534217,38.053786],[-87.534829,38.053788],[-87.535161,38.053779],[-87.536902,38.05379],[-87.536935,38.051585],[-87.536475,38.051585],[-87.536519,38.050208],[-87.536955,38.050214],[-87.536955,38.0503],[-87.537745,38.0503],[-87.53775,38.05012],[-87.538294,38.050133],[-87.538385,38.050159],[-87.539877,38.050182],[-87.538656,38.050017],[-87.53698,38.049286],[-87.537107,38.044229],[-87.53844,38.044267],[-87.538483,38.041949],[-87.539453,38.041575],[-87.54009,38.041342],[-87.539664,38.040414],[-87.540868,38.039982],[-87.541205,38.040916],[-87.541636,38.040671],[-87.542411,38.040101],[-87.542125,38.039852],[-87.541966,38.039692],[-87.541861,38.039572],[-87.541806,38.039473],[-87.541736,38.039396],[-87.54166,38.039231],[-87.541618,38.039039],[-87.541639,38.038572],[-87.54198,38.036841],[-87.542029,38.036726],[-87.54207,38.036566],[-87.542432,38.036039],[-87.542613,38.035797],[-87.543043,38.03527],[-87.543328,38.035001],[-87.543391,38.034918],[-87.543446,38.034539],[-87.543551,38.034336],[-87.543634,38.034138],[-87.543676,38.034094],[-87.543731,38.033995],[-87.543773,38.033951],[-87.543842,38.03383],[-87.543884,38.033786],[-87.543912,38.033732],[-87.543981,38.033644],[-87.544051,38.033578],[-87.544051,38.033545],[-87.54412,38.033479],[-87.54412,38.033446],[-87.544176,38.033391],[-87.544301,38.033138],[-87.544343,38.033094],[-87.544412,38.032951],[-87.544496,38.032853],[-87.544523,38.032787],[-87.544607,38.032677],[-87.545329,38.032034],[-87.545399,38.03193],[-87.546163,38.031018],[-87.546663,38.030194],[-87.546733,38.030062],[-87.546914,38.029644],[-87.546941,38.029348],[-87.54681,38.028573],[-87.546629,38.027793],[-87.546553,38.027578],[-87.546471,38.027414],[-87.546508,38.027333],[-87.546544,38.02721],[-87.546571,38.027062],[-87.546583,38.026895],[-87.546558,38.026059],[-87.54658,38.025444],[-87.546727,38.022543],[-87.546804,38.020352],[-87.54683,38.019177],[-87.546869,38.015732],[-87.546957,38.015645],[-87.548126,38.014969],[-87.548638,38.014736],[-87.549013,38.014577],[-87.549676,38.014228],[-87.549873,38.014098],[-87.550065,38.013949],[-87.550109,38.013876],[-87.550125,38.013716],[-87.550032,38.013538],[-87.549753,38.013208],[-87.549525,38.012895],[-87.549395,38.012668],[-87.54941,38.012499],[-87.549494,38.012292],[-87.549604,38.011922],[-87.549769,38.011152],[-87.549846,38.010979],[-87.55013,38.010509],[-87.550563,38.010119],[-87.5508,38.009953],[-87.550971,38.009673],[-87.55049,38.009654],[-87.550156,38.009607],[-87.549626,38.009485],[-87.548924,38.009287],[-87.548169,38.009055],[-87.547677,38.00876],[-87.547315,38.008464],[-87.54712,38.008076],[-87.546871,38.00762],[-87.546439,38.007137],[-87.546047,38.006821],[-87.545643,38.006642],[-87.544222,38.006386],[-87.543407,38.006285],[-87.54268,38.006171],[-87.542136,38.005966],[-87.54184,38.005683],[-87.541646,38.005476],[-87.541096,38.004488],[-87.540682,38.004137],[-87.540146,38.003959],[-87.539446,38.0039],[-87.538851,38.003986],[-87.538423,38.00414],[-87.538056,38.004315],[-87.537734,38.004573],[-87.537417,38.004921],[-87.536949,38.005477],[-87.536374,38.005923],[-87.53564,38.006106],[-87.535027,38.006109],[-87.534273,38.005988],[-87.533589,38.005783],[-87.53271,38.005358],[-87.531709,38.004974],[-87.531041,38.00452],[-87.530424,38.004066],[-87.529948,38.003597],[-87.529329,38.002713],[-87.528975,38.002236],[-87.527485,38.000774],[-87.52714,38.000242],[-87.527134,37.999748],[-87.527151,37.999479],[-87.5272,37.999205],[-87.527298,37.998936],[-87.527408,37.998666],[-87.527462,37.998415],[-87.527468,37.99815],[-87.52741,37.997788],[-87.527318,37.997493],[-87.527216,37.997234],[-87.527098,37.997093],[-87.526896,37.996909],[-87.526583,37.996729],[-87.526348,37.996624],[-87.52493,37.996115],[-87.52477,37.996379],[-87.524569,37.99663],[-87.522955,37.99837],[-87.52271,37.998621],[-87.521487,37.999926],[-87.520972,38.000462],[-87.520472,38.001005],[-87.520196,38.001348],[-87.520011,38.001648],[-87.519903,38.001887],[-87.519733,38.002319],[-87.519624,38.002539],[-87.519418,38.002835],[-87.51926,38.003015],[-87.518271,38.003974],[-87.516711,38.005546],[-87.516407,38.005865],[-87.516157,38.006159],[-87.515924,38.006462],[-87.512164,38.011619],[-87.511764,38.012155],[-87.511004,38.013109],[-87.510936,38.013208],[-87.510647,38.013579],[-87.510605,38.013648],[-87.510547,38.013781],[-87.510512,38.013894],[-87.510499,38.013967],[-87.510488,38.01413],[-87.510491,38.014362],[-87.510483,38.014689],[-87.512745,38.014719],[-87.512744,38.015073],[-87.51505,38.015116],[-87.515074,38.019169],[-87.514991,38.020527],[-87.51492,38.022201],[-87.514934,38.02244],[-87.519481,38.022486],[-87.519363,38.027935],[-87.523374,38.027951],[-87.527299,38.027944],[-87.528637,38.027953],[-87.532179,38.028013],[-87.532421,38.028004],[-87.532635,38.027983],[-87.532532,38.028199],[-87.53248,38.028261],[-87.532193,38.028679],[-87.530024,38.031975],[-87.529696,38.032444],[-87.528967,38.03356],[-87.528905,38.033587],[-87.528446,38.034277],[-87.528156,38.03416],[-87.52789,38.03449],[-87.527415,38.034963],[-87.52678,38.035443],[-87.526607,38.035436],[-87.526504,38.035505],[-87.523221,38.035417],[-87.519078,38.035365],[-87.516821,38.03531],[-87.516791,38.036726],[-87.515597,38.036711],[-87.514663,38.036726],[-87.514587,38.036737],[-87.514535,38.036767],[-87.514515,38.036787],[-87.514505,38.036812],[-87.514459,38.037315],[-87.514402,38.037997],[-87.514394,38.038172],[-87.514374,38.038626],[-87.514378,38.039363],[-87.514358,38.040274],[-87.514335,38.04042],[-87.514264,38.040539],[-87.514244,38.04255],[-87.513543,38.042544],[-87.513474,38.046231],[-87.51263,38.046216],[-87.51259,38.049284],[-87.51244,38.049423],[-87.509584,38.049407],[-87.509561,38.049819],[-87.504946,38.04965],[-87.504939,38.053355],[-87.504918,38.054456],[-87.504859,38.056055],[-87.50709,38.056073],[-87.507071,38.057006]]]}},{"type":"Feature","properties":{"NAME":"WARD 05 PRECINCT 03","WARD_PRECINCT":"5-03","CONGRESS":"08","SENATE":"50","HOUSE":"78","COMMISSION":"03","CO_COUNCIL":"04","TOWNSHIP":"KNIGHT","ChangedPrecincts":"NO","OldPrecinctName":"WARD 05 PRECINCT 03"},"geometry":{"type":"Polygon","coordinates":[[[-87.501341,38.011549],[-87.501348,38.011996],[-87.50136,38.012124],[-87.501834,38.012418],[-87.50222,38.012526],[-87.502744,38.012534],[-87.503184,38.012402],[-87.503761,38.012127],[-87.504145,38.011852],[-87.50446,38.011546],[-87.504858,38.011293],[-87.50549,38.010996],[-87.506039,38.010645],[-87.506608,38.010228],[-87.506908,38.009801],[-87.507194,38.009222],[-87.507313,38.008513],[-87.507446,38.007825],[-87.507442,38.007334],[-87.507315,38.006833],[-87.50705,38.006322],[-87.50649,38.005665],[-87.505907,38.004964],[-87.505684,38.004665],[-87.505496,38.004339],[-87.505251,38.003849],[-87.505111,38.003512],[-87.505009,38.003229],[-87.504952,38.002863],[-87.504956,38.002416],[-87.505042,38.001963],[-87.50515,38.00163],[-87.505336,38.001182],[-87.505582,38.000783],[-87.505951,38.000313],[-87.506202,38.000051],[-87.506709,37.999494],[-87.507058,37.999153],[-87.507799,37.99847],[-87.507935,37.998377],[-87.508197,37.998217],[-87.508542,37.998057],[-87.508781,37.997968],[-87.508965,37.997943],[-87.509162,37.997931],[-87.509377,37.997939],[-87.509882,37.998082],[-87.510595,37.998328],[-87.511201,37.998564],[-87.511606,37.998699],[-87.512094,37.998802],[-87.512401,37.998847],[-87.512707,37.998875],[-87.512986,37.998874],[-87.513715,37.998833],[-87.514171,37.998754],[-87.514391,37.9987],[-87.514737,37.998592],[-87.515101,37.998465],[-87.51541,37.998316],[-87.516211,37.997851],[-87.517949,37.996787],[-87.519088,37.996065],[-87.519286,37.995954],[-87.519483,37.995863],[-87.520008,37.995738],[-87.520025,37.994178],[-87.519981,37.993391],[-87.519978,37.993191],[-87.520032,37.992107],[-87.52004,37.991589],[-87.515928,37.991538],[-87.513216,37.991466],[-87.508594,37.991396],[-87.507487,37.991382],[-87.504385,37.991362],[-87.504314,37.991598],[-87.504159,37.991999],[-87.503938,37.992492],[-87.502729,37.995326],[-87.502676,37.99544],[-87.502601,37.995574],[-87.502538,37.995657],[-87.502475,37.995714],[-87.502407,37.995761],[-87.502327,37.995798],[-87.502182,37.99584],[-87.501682,37.995938],[-87.501656,37.997432],[-87.501628,37.998349],[-87.501555,38.001602],[-87.501576,38.001708],[-87.501623,38.001796],[-87.501695,38.001873],[-87.501902,38.002018],[-87.501941,38.002055],[-87.501959,38.002083],[-87.501998,38.002208],[-87.502002,38.002285],[-87.501949,38.004552],[-87.501957,38.00461],[-87.50199,38.00468],[-87.502013,38.00471],[-87.502263,38.004931],[-87.502,38.005156],[-87.501959,38.005215],[-87.501936,38.005269],[-87.501919,38.005415],[-87.501886,38.007088],[-87.501835,38.00906],[-87.501839,38.009252],[-87.501386,38.009197],[-87.501341,38.011549]]]}},{"type":"Feature","properties":{"NAME":"WARD 01 PRECINCT 02","WARD_PRECINCT":"1-02","CONGRESS":"08","SENATE":"50","HOUSE":"78","COMMISSION":"01","CO_COUNCIL":"04","TOWNSHIP":"KNIGHT","ChangedPrecincts":"YES","OldPrecinctName":"WARD 05 PRECINCT 04"},"geometry":{"type":"Polygon","coordinates":[[[-87.483033,37.997067],[-87.483006,38.001666],[-87.486424,38.001666],[-87.487692,38.00168],[-87.487691,38.002195],[-87.492359,38.002236],[-87.492418,37.999655],[-87.492499,37.99554],[-87.493459,37.995547],[-87.493705,37.995588],[-87.493873,37.995626],[-87.49413,37.99571],[-87.494789,37.995998],[-87.495202,37.996157],[-87.496739,37.996672],[-87.497042,37.996758],[-87.497233,37.996793],[-87.497411,37.996806],[-87.497599,37.996808],[-87.497959,37.996796],[-87.498751,37.99674],[-87.499189,37.996698],[-87.499593,37.996633],[-87.499854,37.99657],[-87.500109,37.996492],[-87.500491,37.996347],[-87.50125,37.996033],[-87.501363,37.996],[-87.501601,37.99595],[-87.502182,37.99584],[-87.502327,37.995798],[-87.502407,37.995761],[-87.502475,37.995714],[-87.502538,37.995657],[-87.502601,37.995574],[-87.502676,37.99544],[-87.502729,37.995326],[-87.503938,37.992492],[-87.504159,37.991999],[-87.504314,37.991598],[-87.504385,37.991362],[-87.506343,37.991376],[-87.506378,37.991107],[-87.506308,37.991052],[-87.506197,37.991019],[-87.505489,37.990716],[-87.504351,37.990166],[-87.503789,37.989979],[-87.503518,37.989902],[-87.502415,37.989369],[-87.50229,37.989264],[-87.502289,37.989243],[-87.501787,37.989341],[-87.501789,37.988947],[-87.501298,37.988973],[-87.501082,37.988917],[-87.500847,37.98878],[-87.500215,37.988477],[-87.49756,37.987671],[-87.495802,37.986988],[-87.4955,37.986842],[-87.495056,37.986651],[-87.494651,37.986326],[-87.494425,37.986122],[-87.494135,37.985772],[-87.493565,37.985498],[-87.493137,37.985237],[-87.492904,37.985012],[-87.492679,37.984768],[-87.492669,37.985665],[-87.492674,37.985922],[-87.492662,37.986546],[-87.492649,37.986756],[-87.492645,37.987349],[-87.492634,37.987508],[-87.492643,37.987668],[-87.492597,37.990805],[-87.492436,37.99081],[-87.492296,37.990831],[-87.48368,37.992519],[-87.483346,37.99258],[-87.483096,37.992583],[-87.483074,37.992663],[-87.482975,37.992816],[-87.482943,37.992881],[-87.482921,37.992982],[-87.482913,37.993071],[-87.482941,37.993183],[-87.482848,37.993202],[-87.483033,37.997067]]]}},{"type":"Feature","properties":{"NAME":"WARD 05 PRECINCT 05","WARD_PRECINCT":"5-05","CONGRESS":"08","SENATE":"50","HOUSE":"78","COMMISSION":"02","CO_COUNCIL":"04","TOWNSHIP":"CENTER","ChangedPrecincts":"NO","OldPrecinctName":"WARD 05 PRECINCT 05"},"geometry":{"type":"Polygon","coordinates":[[[-87.508091,38.013171],[-87.510936,38.013208],[-87.511004,38.013109],[-87.511764,38.012155],[-87.512164,38.011619],[-87.515924,38.006462],[-87.516157,38.006159],[-87.516407,38.005865],[-87.516711,38.005546],[-87.518271,38.003974],[-87.51926,38.003015],[-87.519418,38.002835],[-87.519624,38.002539],[-87.519733,38.002319],[-87.519903,38.001887],[-87.520011,38.001648],[-87.520196,38.001348],[-87.520472,38.001005],[-87.520972,38.000462],[-87.521487,37.999926],[-87.52271,37.998621],[-87.522955,37.99837],[-87.524569,37.99663],[-87.52477,37.996379],[-87.52493,37.996115],[-87.523825,37.995718],[-87.523157,37.995527],[-87.522766,37.995454],[-87.522393,37.995429],[-87.521852,37.995427],[-87.521395,37.995469],[-87.520274,37.995681],[-87.519773,37.995789],[-87.519483,37.995863],[-87.519286,37.995954],[-87.519088,37.996065],[-87.517949,37.996787],[-87.516211,37.997851],[-87.51541,37.998316],[-87.515101,37.998465],[-87.514737,37.998592],[-87.514391,37.9987],[-87.514171,37.998754],[-87.513715,37.998833],[-87.512986,37.998874],[-87.512707,37.998875],[-87.512401,37.998847],[-87.512094,37.998802],[-87.511606,37.998699],[-87.511201,37.998564],[-87.510595,37.998328],[-87.509882,37.998082],[-87.509377,37.997939],[-87.509162,37.997931],[-87.508965,37.997943],[-87.508781,37.997968],[-87.508542,37.998057],[-87.508197,37.998217],[-87.507935,37.998377],[-87.507799,37.99847],[-87.507058,37.999153],[-87.506709,37.999494],[-87.506202,38.000051],[-87.505951,38.000313],[-87.505582,38.000783],[-87.505336,38.001182],[-87.50515,38.00163],[-87.505042,38.001963],[-87.504956,38.002416],[-87.504952,38.002863],[-87.505009,38.003229],[-87.505111,38.003512],[-87.505251,38.003849],[-87.505496,38.004339],[-87.505684,38.004665],[-87.505907,38.004964],[-87.50649,38.005665],[-87.50705,38.006322],[-87.507315,38.006833],[-87.507442,38.007334],[-87.507446,38.007825],[-87.507313,38.008513],[-87.507194,38.009222],[-87.506908,38.009801],[-87.506608,38.010228],[-87.506039,38.010645],[-87.50549,38.010996],[-87.504858,38.011293],[-87.50446,38.011546],[-87.504145,38.011852],[-87.503761,38.012127],[-87.503184,38.012402],[-87.502744,38.012534],[-87.50222,38.012526],[-87.501834,38.012418],[-87.50136,38.012124],[-87.501364,38.012435],[-87.501401,38.013131],[-87.502068,38.013142],[-87.505644,38.013152],[-87.507747,38.013174],[-87.508091,38.013171]]]}},{"type":"Feature","properties":{"NAME":"WARD 01 PRECINCT 03","WARD_PRECINCT":"1-03","CONGRESS":"08","SENATE":"50","HOUSE":"78","COMMISSION":"03","CO_COUNCIL":"04","TOWNSHIP":"KNIGHT","ChangedPrecincts":"YES","OldPrecinctName":"WARD 05 PRECINCT 06"},"geometry":{"type":"Polygon","coordinates":[[[-87.492276,38.007431],[-87.492272,38.00935],[-87.496028,38.009104],[-87.49673,38.009046],[-87.501358,38.009056],[-87.501386,38.009197],[-87.501839,38.009252],[-87.501835,38.00906],[-87.501886,38.007088],[-87.501919,38.005415],[-87.501936,38.005269],[-87.501959,38.005215],[-87.502,38.005156],[-87.502263,38.004931],[-87.502013,38.00471],[-87.50199,38.00468],[-87.501957,38.00461],[-87.501949,38.004552],[-87.502002,38.002285],[-87.501998,38.002208],[-87.501959,38.002083],[-87.501941,38.002055],[-87.501902,38.002018],[-87.501695,38.001873],[-87.501623,38.001796],[-87.501576,38.001708],[-87.501555,38.001602],[-87.501628,37.998349],[-87.501656,37.997432],[-87.501682,37.995938],[-87.501363,37.996],[-87.50125,37.996033],[-87.500491,37.996347],[-87.500109,37.996492],[-87.499854,37.99657],[-87.499593,37.996633],[-87.499189,37.996698],[-87.498751,37.99674],[-87.497959,37.996796],[-87.497599,37.996808],[-87.497411,37.996806],[-87.497233,37.996793],[-87.497042,37.996758],[-87.496739,37.996672],[-87.495202,37.996157],[-87.494789,37.995998],[-87.49413,37.99571],[-87.493873,37.995626],[-87.493705,37.995588],[-87.493459,37.995547],[-87.492499,37.99554],[-87.492436,37.998568],[-87.49703,37.998647],[-87.496863,38.005933],[-87.492553,38.005896],[-87.492287,38.005902],[-87.492285,38.007257],[-87.492276,38.007431]]]}},{"type":"Feature","properties":{"NAME":"WARD 05 PRECINCT 08","WARD_PRECINCT":"5-08","CONGRESS":"08","SENATE":"49","HOUSE":"78","COMMISSION":"02","CO_COUNCIL":"02","TOWNSHIP":"CENTER","ChangedPrecincts":"NO","OldPrecinctName":"WARD 05 PRECINCT 08"},"geometry":{"type":"Polygon","coordinates":[[[-87.556538,38.010635],[-87.556934,38.011593],[-87.556987,38.011695],[-87.557088,38.011838],[-87.557135,38.011878],[-87.557257,38.011954],[-87.55811,38.012402],[-87.559396,38.013043],[-87.560508,38.013609],[-87.560769,38.01379],[-87.560834,38.013846],[-87.560894,38.01392],[-87.565062,38.013987],[-87.565064,38.01362],[-87.565132,38.011977],[-87.565137,38.011352],[-87.56513,38.010747],[-87.565137,38.010477],[-87.565535,38.010471],[-87.566809,38.010502],[-87.56735,38.010495],[-87.56753,38.010479],[-87.567814,38.010439],[-87.568082,38.010387],[-87.568299,38.010334],[-87.569398,38.010011],[-87.569551,38.009988],[-87.569869,38.009964],[-87.570315,38.009995],[-87.570365,38.00999],[-87.570483,38.009948],[-87.570571,38.009889],[-87.570729,38.009849],[-87.570891,38.009825],[-87.571311,38.009824],[-87.572869,38.009857],[-87.57311,38.009855],[-87.573349,38.009806],[-87.573547,38.009776],[-87.574256,38.009785],[-87.574322,38.007033],[-87.574333,38.006938],[-87.574369,38.005173],[-87.574396,38.004407],[-87.574415,38.004098],[-87.574417,38.003836],[-87.574401,38.003191],[-87.574489,37.99967],[-87.574566,37.998015],[-87.574634,37.995391],[-87.574263,37.995079],[-87.57406,37.994789],[-87.573587,37.994271],[-87.573229,37.994008],[-87.572983,37.99393],[-87.572559,37.993923],[-87.572169,37.993995],[-87.571619,37.994174],[-87.571052,37.994345],[-87.570684,37.994426],[-87.570373,37.994463],[-87.570083,37.994473],[-87.569079,37.994469],[-87.568812,37.994532],[-87.56859,37.994612],[-87.568257,37.994764],[-87.567326,37.995527],[-87.566828,37.995971],[-87.566579,37.996259],[-87.566464,37.996502],[-87.566433,37.996771],[-87.566404,37.997358],[-87.566394,37.997936],[-87.56636,37.998554],[-87.566258,37.999101],[-87.566249,37.999339],[-87.566341,37.999758],[-87.566261,38.000048],[-87.566384,38.000519],[-87.566705,38.001019],[-87.566906,38.001472],[-87.56701,38.001941],[-87.567089,38.002543],[-87.566986,38.002821],[-87.566743,38.003127],[-87.566377,38.003364],[-87.565853,38.003464],[-87.56531,38.00355],[-87.564892,38.003718],[-87.564561,38.004011],[-87.564354,38.004386],[-87.564415,38.005508],[-87.564386,38.006242],[-87.564231,38.006686],[-87.563832,38.007118],[-87.563413,38.007355],[-87.562696,38.007373],[-87.562232,38.007375],[-87.561442,38.007212],[-87.560407,38.006968],[-87.559757,38.006638],[-87.558826,38.006234],[-87.558304,38.006167],[-87.557657,38.006253],[-87.557238,38.006408],[-87.556959,38.006575],[-87.556611,38.006861],[-87.556158,38.007196],[-87.555505,38.007615],[-87.554988,38.007926],[-87.555224,38.008329],[-87.555666,38.009042],[-87.556236,38.010039],[-87.556429,38.010405],[-87.556538,38.010635]]]}},{"type":"Feature","properties":{"NAME":"WARD 05 PRECINCT 09","WARD_PRECINCT":"5-09","CONGRESS":"08","SENATE":"49","HOUSE":"76","COMMISSION":"02","CO_COUNCIL":"01","TOWNSHIP":"CENTER","ChangedPrecincts":"NO","OldPrecinctName":"WARD 05 PRECINCT 09"},"geometry":{"type":"Polygon","coordinates":[[[-87.587765,38.025747],[-87.586937,38.007636],[-87.587041,38.007636],[-87.586989,38.006405],[-87.58699,38.006177],[-87.587014,38.005602],[-87.587059,38.005181],[-87.587118,38.004788],[-87.587181,38.004472],[-87.587263,38.004137],[-87.587353,38.003817],[-87.587522,38.003316],[-87.588802,38.000128],[-87.588053,38.000113],[-87.587566,38.000949],[-87.587117,38.001653],[-87.586948,38.00209],[-87.586704,38.002553],[-87.586302,38.002929],[-87.58575,38.003121],[-87.585237,38.003211],[-87.584322,38.003175],[-87.583661,38.002986],[-87.582685,38.002638],[-87.581962,38.002434],[-87.581094,38.002148],[-87.578912,38.001592],[-87.578591,38.001364],[-87.578304,38.001028],[-87.578244,38.000432],[-87.578356,37.999893],[-87.578415,37.999364],[-87.578391,37.99902],[-87.578299,37.998685],[-87.578072,37.998157],[-87.57788,37.997867],[-87.577689,37.997656],[-87.577363,37.997331],[-87.577121,37.997112],[-87.576942,37.996998],[-87.5759,37.996271],[-87.574846,37.99557],[-87.574634,37.995391],[-87.574566,37.998015],[-87.574489,37.99967],[-87.574401,38.003191],[-87.574417,38.003836],[-87.574415,38.004098],[-87.574396,38.004407],[-87.574371,38.005103],[-87.574333,38.006938],[-87.574322,38.007033],[-87.574304,38.00789],[-87.57468,38.007898],[-87.581447,38.008163],[-87.581422,38.008941],[-87.581426,38.009033],[-87.581443,38.009084],[-87.58146,38.009109],[-87.581501,38.009136],[-87.581589,38.009156],[-87.581768,38.009165],[-87.582707,38.009171],[-87.58267,38.010811],[-87.58268,38.010929],[-87.582709,38.011062],[-87.582755,38.011205],[-87.582923,38.011676],[-87.583081,38.012052],[-87.583164,38.012205],[-87.58323,38.012297],[-87.583316,38.012397],[-87.583781,38.012879],[-87.584021,38.013136],[-87.584085,38.013216],[-87.584149,38.013312],[-87.584196,38.013408],[-87.584238,38.013524],[-87.584269,38.01366],[-87.584305,38.013937],[-87.584383,38.014878],[-87.584496,38.016439],[-87.584801,38.020307],[-87.584923,38.022088],[-87.584964,38.022361],[-87.585075,38.022949],[-87.585653,38.025755],[-87.587765,38.025747]]]}},{"type":"Feature","properties":{"NAME":"WARD 05 PRECINCT 11","WARD_PRECINCT":"5-11","CONGRESS":"08","SENATE":"49","HOUSE":"76","COMMISSION":"02","CO_COUNCIL":"02","TOWNSHIP":"CENTER","ChangedPrecincts":"NO","OldPrecinctName":"WARD 05 PRECINCT 11"},"geometry":{"type":"Polygon","coordinates":[[[-87.569006,38.039789],[-87.571831,38.03986],[-87.571805,38.041172],[-87.574017,38.041232],[-87.573825,38.040344],[-87.573613,38.039462],[-87.573555,38.039125],[-87.573517,38.038785],[-87.573518,38.037893],[-87.573538,38.037239],[-87.573553,38.036304],[-87.573625,38.033863],[-87.573673,38.033257],[-87.573702,38.032524],[-87.573777,38.029086],[-87.572042,38.029041],[-87.571866,38.029048],[-87.571406,38.029089],[-87.571083,38.029094],[-87.569786,38.02906],[-87.569231,38.02904],[-87.56851,38.02896],[-87.568254,38.028939],[-87.567801,38.028917],[-87.567005,38.028902],[-87.566457,38.028882],[-87.566285,38.028886],[-87.565737,38.028859],[-87.565584,38.028871],[-87.565466,38.0289],[-87.565384,38.028941],[-87.565329,38.028979],[-87.565254,38.029055],[-87.565204,38.029124],[-87.565185,38.029165],[-87.565169,38.029299],[-87.565082,38.030992],[-87.56495,38.031074],[-87.564827,38.031104],[-87.564728,38.031109],[-87.564148,38.031096],[-87.564209,38.030348],[-87.564188,38.02987],[-87.564209,38.028876],[-87.564251,38.028733],[-87.564403,38.028316],[-87.56441,38.028173],[-87.564438,38.028129],[-87.564521,38.027744],[-87.564667,38.027447],[-87.564723,38.027261],[-87.565001,38.026904],[-87.565292,38.026717],[-87.565501,38.026552],[-87.565535,38.026486],[-87.565584,38.026211],[-87.565647,38.025942],[-87.565716,38.025579],[-87.565751,38.024964],[-87.565702,38.024766],[-87.565674,38.024717],[-87.565632,38.024409],[-87.565646,38.024332],[-87.565632,38.024189],[-87.565674,38.02397],[-87.565744,38.023893],[-87.565882,38.023783],[-87.566007,38.023706],[-87.566216,38.023684],[-87.566285,38.023684],[-87.566383,38.023607],[-87.566431,38.023321],[-87.566494,38.023167],[-87.56666,38.023025],[-87.566758,38.023003],[-87.566655,38.02293],[-87.563472,38.02505],[-87.562358,38.024967],[-87.562344,38.025568],[-87.561216,38.025544],[-87.557933,38.02551],[-87.55683,38.025514],[-87.556366,38.025498],[-87.556127,38.025461],[-87.556037,38.025433],[-87.555855,38.025349],[-87.555769,38.02528],[-87.555699,38.025192],[-87.55557,38.025004],[-87.555505,38.024929],[-87.555389,38.024835],[-87.555288,38.024782],[-87.555147,38.024736],[-87.554968,38.024703],[-87.554785,38.024688],[-87.552069,38.024661],[-87.546622,38.024584],[-87.546558,38.026059],[-87.546583,38.026895],[-87.546571,38.027062],[-87.546544,38.02721],[-87.546508,38.027333],[-87.546471,38.027414],[-87.546553,38.027578],[-87.546629,38.027793],[-87.54681,38.028573],[-87.546941,38.029348],[-87.546914,38.029644],[-87.546733,38.030062],[-87.546663,38.030194],[-87.546163,38.031018],[-87.545399,38.03193],[-87.545329,38.032034],[-87.544607,38.032677],[-87.544523,38.032787],[-87.544496,38.032853],[-87.544412,38.032951],[-87.544343,38.033094],[-87.544301,38.033138],[-87.544176,38.033391],[-87.54412,38.033446],[-87.54412,38.033479],[-87.544051,38.033545],[-87.544051,38.033578],[-87.543981,38.033644],[-87.543912,38.033732],[-87.543884,38.033786],[-87.543842,38.03383],[-87.543773,38.033951],[-87.543731,38.033995],[-87.543676,38.034094],[-87.543634,38.034138],[-87.543551,38.034336],[-87.543446,38.034539],[-87.543391,38.034918],[-87.543328,38.035001],[-87.543043,38.03527],[-87.542613,38.035797],[-87.542432,38.036039],[-87.54207,38.036566],[-87.542029,38.036726],[-87.54198,38.036841],[-87.541639,38.038572],[-87.541618,38.039039],[-87.54166,38.039231],[-87.541736,38.039396],[-87.541806,38.039473],[-87.541861,38.039572],[-87.541966,38.039692],[-87.542125,38.039852],[-87.542411,38.040101],[-87.542919,38.039708],[-87.543576,38.039226],[-87.543887,38.039027],[-87.544421,38.038733],[-87.544848,38.038531],[-87.546135,38.038002],[-87.546608,38.037827],[-87.546937,38.037732],[-87.547079,38.037702],[-87.547438,38.037655],[-87.547757,38.037641],[-87.550259,38.037644],[-87.553687,38.037634],[-87.5548,38.03764],[-87.555073,38.037625],[-87.555225,38.037609],[-87.555402,38.037579],[-87.555462,38.037563],[-87.555602,38.037504],[-87.555729,38.03742],[-87.555783,38.037373],[-87.555967,38.037193],[-87.556179,38.03697],[-87.556612,38.036486],[-87.556626,38.036485],[-87.556734,38.036354],[-87.557299,38.035742],[-87.557801,38.035229],[-87.558275,38.03478],[-87.55857,38.034532],[-87.558804,38.034358],[-87.559373,38.033966],[-87.559588,38.033835],[-87.559692,38.033786],[-87.559796,38.033755],[-87.559902,38.033727],[-87.560058,38.033701],[-87.560213,38.033696],[-87.561204,38.033724],[-87.562108,38.03373],[-87.562229,38.033754],[-87.562404,38.033839],[-87.563857,38.034627],[-87.56404,38.034734],[-87.564141,38.034817],[-87.564195,38.034873],[-87.564279,38.034992],[-87.564334,38.035124],[-87.564343,38.035193],[-87.564339,38.035277],[-87.564317,38.035394],[-87.564259,38.035612],[-87.564214,38.035725],[-87.564369,38.035778],[-87.564609,38.035843],[-87.564868,38.035886],[-87.565266,38.035938],[-87.565705,38.035984],[-87.566288,38.036032],[-87.567392,38.036091],[-87.568159,38.036121],[-87.568325,38.036133],[-87.568566,38.036178],[-87.568739,38.036245],[-87.568964,38.036353],[-87.569269,38.036517],[-87.570111,38.036994],[-87.570479,38.037213],[-87.569713,38.037845],[-87.56902,38.03757],[-87.569006,38.039789]]]}},{"type":"Feature","properties":{"NAME":"WARD 05 PRECINCT 12","WARD_PRECINCT":"5-12","CONGRESS":"08","SENATE":"49","HOUSE":"76","COMMISSION":"02","CO_COUNCIL":"02","TOWNSHIP":"CENTER","ChangedPrecincts":"NO","OldPrecinctName":"WARD 05 PRECINCT 12"},"geometry":{"type":"Polygon","coordinates":[[[-87.574304,38.00789],[-87.574213,38.011776],[-87.574165,38.013381],[-87.574079,38.016971],[-87.574059,38.018215],[-87.574019,38.019816],[-87.574004,38.021158],[-87.573994,38.021442],[-87.579274,38.021581],[-87.580261,38.0216],[-87.580486,38.021612],[-87.580602,38.021625],[-87.580695,38.021645],[-87.580885,38.021716],[-87.581059,38.021818],[-87.581254,38.021949],[-87.581331,38.021988],[-87.581518,38.022058],[-87.581676,38.022097],[-87.581747,38.022105],[-87.581738,38.022203],[-87.581673,38.024082],[-87.583674,38.024083],[-87.583793,38.02407],[-87.583844,38.024055],[-87.583932,38.024008],[-87.583997,38.023945],[-87.584032,38.023872],[-87.584046,38.023803],[-87.584068,38.023594],[-87.584078,38.023365],[-87.584068,38.023086],[-87.584039,38.022854],[-87.583893,38.022096],[-87.584923,38.022088],[-87.584801,38.020307],[-87.584496,38.016439],[-87.584383,38.014878],[-87.584305,38.013937],[-87.584269,38.01366],[-87.584238,38.013524],[-87.584196,38.013408],[-87.584149,38.013312],[-87.584021,38.013136],[-87.583316,38.012397],[-87.58323,38.012297],[-87.583164,38.012205],[-87.583081,38.012052],[-87.582923,38.011676],[-87.582709,38.011062],[-87.58268,38.010929],[-87.58267,38.010811],[-87.582707,38.009171],[-87.581768,38.009165],[-87.581589,38.009156],[-87.581501,38.009136],[-87.58146,38.009109],[-87.581443,38.009084],[-87.581426,38.009033],[-87.581422,38.008941],[-87.581447,38.008163],[-87.57468,38.007898],[-87.574304,38.00789]]]}},{"type":"Feature","properties":{"NAME":"WARD 05 PRECINCT 13","WARD_PRECINCT":"5-13","CONGRESS":"08","SENATE":"49","HOUSE":"76","COMMISSION":"02","CO_COUNCIL":"02","TOWNSHIP":"CENTER","ChangedPrecincts":"NO","OldPrecinctName":"WARD 05 PRECINCT 13"},"geometry":{"type":"Polygon","coordinates":[[[-87.567757,38.021275],[-87.571072,38.021361],[-87.57168,38.021361],[-87.57295,38.021397],[-87.573174,38.021418],[-87.573994,38.021442],[-87.574004,38.021158],[-87.574019,38.019816],[-87.574059,38.018215],[-87.574079,38.016971],[-87.574165,38.013381],[-87.574213,38.011776],[-87.574256,38.009785],[-87.573547,38.009776],[-87.573349,38.009806],[-87.57311,38.009855],[-87.572869,38.009857],[-87.571311,38.009824],[-87.570891,38.009825],[-87.570729,38.009849],[-87.570571,38.009889],[-87.570483,38.009948],[-87.570365,38.00999],[-87.570315,38.009995],[-87.569869,38.009964],[-87.569551,38.009988],[-87.569398,38.010011],[-87.568299,38.010334],[-87.568082,38.010387],[-87.567814,38.010439],[-87.56753,38.010479],[-87.56735,38.010495],[-87.566809,38.010502],[-87.565535,38.010471],[-87.565137,38.010477],[-87.56513,38.010747],[-87.565137,38.011352],[-87.565132,38.011977],[-87.565064,38.01362],[-87.565062,38.013987],[-87.569261,38.014078],[-87.569253,38.014178],[-87.569257,38.014308],[-87.569274,38.01446],[-87.569306,38.014625],[-87.569475,38.015113],[-87.569523,38.015295],[-87.569561,38.015554],[-87.569562,38.015688],[-87.569533,38.015995],[-87.569448,38.016317],[-87.569398,38.016452],[-87.569305,38.016636],[-87.569218,38.016784],[-87.569096,38.016955],[-87.568772,38.017331],[-87.568602,38.017514],[-87.568341,38.017766],[-87.568054,38.018011],[-87.567926,38.018141],[-87.567878,38.018202],[-87.567762,38.018373],[-87.567699,38.018496],[-87.567616,38.018745],[-87.567591,38.018903],[-87.567588,38.019069],[-87.567751,38.020701],[-87.567765,38.021048],[-87.567757,38.021275]]]}},{"type":"Feature","properties":{"NAME":"WARD 05 PRECINCT 14","WARD_PRECINCT":"5-14","CONGRESS":"08","SENATE":"49","HOUSE":"76","COMMISSION":"02","CO_COUNCIL":"02","TOWNSHIP":"CENTER","ChangedPrecincts":"NO","OldPrecinctName":"WARD 05 PRECINCT 14"},"geometry":{"type":"Polygon","coordinates":[[[-87.557933,38.02551],[-87.561216,38.025544],[-87.562344,38.025568],[-87.562391,38.02353],[-87.562377,38.023198],[-87.562308,38.021966],[-87.562262,38.021501],[-87.56221,38.021158],[-87.562175,38.02084],[-87.562165,38.020608],[-87.562106,38.020158],[-87.561886,38.0189],[-87.561724,38.018069],[-87.561153,38.015004],[-87.561015,38.014315],[-87.560962,38.014103],[-87.560923,38.013977],[-87.560894,38.01392],[-87.560834,38.013846],[-87.560769,38.01379],[-87.560508,38.013609],[-87.559396,38.013043],[-87.55811,38.012402],[-87.557257,38.011954],[-87.557135,38.011878],[-87.557088,38.011838],[-87.556987,38.011695],[-87.556934,38.011593],[-87.556538,38.010635],[-87.556429,38.010405],[-87.556236,38.010039],[-87.555666,38.009042],[-87.555224,38.008329],[-87.554988,38.007926],[-87.554236,38.008362],[-87.55346,38.00883],[-87.552745,38.0092],[-87.551618,38.009538],[-87.550971,38.009673],[-87.5508,38.009953],[-87.550563,38.010119],[-87.55013,38.010509],[-87.549846,38.010979],[-87.549769,38.011152],[-87.549604,38.011922],[-87.549494,38.012292],[-87.54941,38.012499],[-87.549395,38.012668],[-87.549525,38.012895],[-87.549753,38.013208],[-87.550032,38.013538],[-87.550125,38.013716],[-87.550109,38.013876],[-87.550065,38.013949],[-87.549873,38.014098],[-87.549676,38.014228],[-87.549013,38.014577],[-87.548638,38.014736],[-87.548126,38.014969],[-87.546957,38.015645],[-87.546869,38.015732],[-87.54683,38.019177],[-87.546804,38.020352],[-87.546727,38.022543],[-87.546622,38.024584],[-87.552069,38.024661],[-87.554785,38.024688],[-87.554968,38.024703],[-87.555147,38.024736],[-87.555288,38.024782],[-87.555389,38.024835],[-87.555505,38.024929],[-87.55557,38.025004],[-87.555699,38.025192],[-87.555794,38.025305],[-87.555855,38.025349],[-87.555941,38.025393],[-87.556127,38.025461],[-87.556366,38.025498],[-87.556568,38.025509],[-87.557933,38.02551]]]}},{"type":"Feature","properties":{"NAME":"WARD 05 PRECINCT 15","WARD_PRECINCT":"5-15","CONGRESS":"08","SENATE":"49","HOUSE":"76","COMMISSION":"02","CO_COUNCIL":"02","TOWNSHIP":"CENTER","ChangedPrecincts":"NO","OldPrecinctName":"WARD 05 PRECINCT 15"},"geometry":{"type":"Polygon","coordinates":[[[-87.572042,38.029041],[-87.573777,38.029086],[-87.573741,38.030687],[-87.580341,38.030827],[-87.580388,38.030825],[-87.580489,38.030804],[-87.580605,38.030762],[-87.580742,38.030678],[-87.580787,38.030612],[-87.580808,38.030284],[-87.580831,38.029701],[-87.580829,38.029376],[-87.580811,38.029157],[-87.580789,38.028983],[-87.580745,38.028759],[-87.580546,38.028085],[-87.580484,38.027794],[-87.580465,38.027533],[-87.580524,38.02539],[-87.580722,38.025392],[-87.580909,38.025413],[-87.581272,38.025505],[-87.581413,38.025525],[-87.581663,38.025531],[-87.581735,38.025369],[-87.581764,38.025286],[-87.581778,38.025206],[-87.581784,38.025084],[-87.58176,38.024978],[-87.581707,38.024832],[-87.581679,38.024704],[-87.581664,38.02451],[-87.581673,38.024082],[-87.581738,38.022203],[-87.581747,38.022105],[-87.581676,38.022097],[-87.581518,38.022058],[-87.581331,38.021988],[-87.581254,38.021949],[-87.58097,38.021763],[-87.580885,38.021716],[-87.580761,38.021665],[-87.580602,38.021625],[-87.580486,38.021612],[-87.580261,38.0216],[-87.579274,38.021581],[-87.573994,38.021442],[-87.573174,38.021418],[-87.57295,38.021397],[-87.57168,38.021361],[-87.571072,38.021361],[-87.567757,38.021275],[-87.567733,38.021836],[-87.567718,38.021916],[-87.56766,38.022115],[-87.567637,38.022317],[-87.567607,38.023369],[-87.567631,38.023506],[-87.567653,38.023562],[-87.567734,38.023706],[-87.567821,38.023798],[-87.567854,38.023829],[-87.568455,38.024265],[-87.568523,38.024333],[-87.568623,38.024457],[-87.568673,38.024544],[-87.568731,38.024704],[-87.568751,38.024865],[-87.568742,38.025092],[-87.570863,38.02526],[-87.570837,38.026107],[-87.570835,38.026604],[-87.570844,38.026805],[-87.570922,38.027444],[-87.570932,38.027676],[-87.57092,38.028147],[-87.570877,38.029085],[-87.571083,38.029094],[-87.571406,38.029089],[-87.571866,38.029048],[-87.572042,38.029041]]]}},{"type":"Feature","properties":{"NAME":"WARD 05 PRECINCT 16","WARD_PRECINCT":"5-16","CONGRESS":"08","SENATE":"49","HOUSE":"76","COMMISSION":"02","CO_COUNCIL":"02","TOWNSHIP":"CENTER","ChangedPrecincts":"NO","OldPrecinctName":"WARD 05 PRECINCT 16"},"geometry":{"type":"Polygon","coordinates":[[[-87.573553,38.036304],[-87.573538,38.037239],[-87.573518,38.037893],[-87.573517,38.038785],[-87.573529,38.038935],[-87.573579,38.039289],[-87.573613,38.039462],[-87.573732,38.039962],[-87.574033,38.039936],[-87.574231,38.039906],[-87.574453,38.039851],[-87.575621,38.039533],[-87.577209,38.039086],[-87.57736,38.039021],[-87.577464,38.038951],[-87.577534,38.038888],[-87.578954,38.037397],[-87.579195,38.03718],[-87.579288,38.037112],[-87.579408,38.037043],[-87.579603,38.036948],[-87.580408,38.036612],[-87.581081,38.03636],[-87.581865,38.036095],[-87.582063,38.036021],[-87.582148,38.035966],[-87.582171,38.036053],[-87.582204,38.036415],[-87.58222,38.036469],[-87.582278,38.036535],[-87.582311,38.036554],[-87.582424,38.036589],[-87.582587,38.036607],[-87.583109,38.036622],[-87.58465,38.036628],[-87.587788,38.036695],[-87.588272,38.036695],[-87.587765,38.025747],[-87.585653,38.025755],[-87.585075,38.022949],[-87.584964,38.022361],[-87.584923,38.022088],[-87.583893,38.022096],[-87.584039,38.022854],[-87.584068,38.023086],[-87.584078,38.023365],[-87.584068,38.023594],[-87.584046,38.023803],[-87.584032,38.023872],[-87.583997,38.023945],[-87.583932,38.024008],[-87.583844,38.024055],[-87.583793,38.02407],[-87.583674,38.024083],[-87.581673,38.024082],[-87.581667,38.024603],[-87.581679,38.024704],[-87.581707,38.024832],[-87.581776,38.025035],[-87.581785,38.025125],[-87.581764,38.025286],[-87.581663,38.025531],[-87.581413,38.025525],[-87.581272,38.025505],[-87.580909,38.025413],[-87.580722,38.025392],[-87.580524,38.02539],[-87.580465,38.027533],[-87.580484,38.027794],[-87.580546,38.028085],[-87.580745,38.028759],[-87.580789,38.028983],[-87.580811,38.029157],[-87.580829,38.029376],[-87.580831,38.029701],[-87.580808,38.030284],[-87.580787,38.030612],[-87.580742,38.030678],[-87.580605,38.030762],[-87.580489,38.030804],[-87.580388,38.030825],[-87.580341,38.030827],[-87.573741,38.030687],[-87.573702,38.032524],[-87.573673,38.033257],[-87.573625,38.033863],[-87.573553,38.036304]]]}},{"type":"Feature","properties":{"NAME":"WARD 06 PRECINCT 0 (NV)","WARD_PRECINCT":"6-00","CONGRESS":"08","SENATE":"49","HOUSE":"77","COMMISSION":"03","CO_COUNCIL":"01","TOWNSHIP":"CENTER","ChangedPrecincts":"NO","OldPrecinctName":"WARD 06 PRECINCT 0 (NV)"},"geometry":{"type":"Polygon","coordinates":[[[-87.588297,37.999673],[-87.588053,38.000113],[-87.591029,38.000176],[-87.591389,38.000176],[-87.591445,38.000187],[-87.591543,38.000242],[-87.591598,38.000253],[-87.591668,38.000286],[-87.591932,38.000505],[-87.592029,38.000725],[-87.592071,38.000923],[-87.592168,38.001242],[-87.592251,38.001308],[-87.592321,38.00133],[-87.592723,38.001044],[-87.592973,38.000846],[-87.593001,38.00078],[-87.593056,38.00073],[-87.593084,38.000676],[-87.593112,38.000588],[-87.593098,38.000148],[-87.59309,38.000098],[-87.593021,37.999944],[-87.592965,37.999873],[-87.59284,37.999768],[-87.592771,37.99973],[-87.592618,37.99968],[-87.592153,37.999565],[-87.592034,37.99951],[-87.592,37.999461],[-87.592034,37.999406],[-87.592111,37.999362],[-87.59225,37.999329],[-87.592639,37.999318],[-87.592909,37.999356],[-87.593298,37.999433],[-87.593527,37.999444],[-87.593826,37.999422],[-87.593937,37.999427],[-87.594013,37.99946],[-87.594083,37.999526],[-87.594138,37.999614],[-87.59418,37.999828],[-87.594352,38.00004],[-87.594403,38.000082],[-87.594542,38.000159],[-87.594667,38.000181],[-87.59475,38.00017],[-87.594875,38.000082],[-87.59491,38.000016],[-87.594958,37.999724],[-87.594937,37.999619],[-87.594888,37.999531],[-87.594805,37.999444],[-87.594589,37.999306],[-87.593881,37.998938],[-87.593555,37.998724],[-87.59343,37.998603],[-87.593152,37.998142],[-87.592652,37.99756],[-87.592263,37.997335],[-87.591992,37.997263],[-87.591166,37.996994],[-87.590187,37.996775],[-87.589576,37.996676],[-87.589451,37.996616],[-87.589347,37.996611],[-87.589361,37.996835],[-87.589299,37.997269],[-87.588984,37.998345],[-87.588607,37.999003],[-87.588297,37.999673]]]}},{"type":"Feature","properties":{"NAME":"WARD 06 PRECINCT 01","WARD_PRECINCT":"6-01","CONGRESS":"08","SENATE":"49","HOUSE":"77","COMMISSION":"03","CO_COUNCIL":"01","TOWNSHIP":"PIGEON","ChangedPrecincts":"NO","OldPrecinctName":"WARD 06 PRECINCT 01"},"geometry":{"type":"Polygon","coordinates":[[[-87.574708,37.993049],[-87.574634,37.995391],[-87.574846,37.99557],[-87.5759,37.996271],[-87.576942,37.996998],[-87.577121,37.997112],[-87.577363,37.997331],[-87.577689,37.997656],[-87.57788,37.997867],[-87.578072,37.998157],[-87.578299,37.998685],[-87.578391,37.99902],[-87.578415,37.999364],[-87.578356,37.999893],[-87.578244,38.000432],[-87.578304,38.001028],[-87.578591,38.001364],[-87.578912,38.001592],[-87.581094,38.002148],[-87.581962,38.002434],[-87.582685,38.002638],[-87.583661,38.002986],[-87.584322,38.003175],[-87.585237,38.003211],[-87.58575,38.003121],[-87.586302,38.002929],[-87.586704,38.002553],[-87.586948,38.00209],[-87.587117,38.001653],[-87.587566,38.000949],[-87.58809,38.00005],[-87.588297,37.999673],[-87.588607,37.999003],[-87.588984,37.998345],[-87.589299,37.997269],[-87.589361,37.996835],[-87.589347,37.996611],[-87.589224,37.996068],[-87.589151,37.995647],[-87.589117,37.99533],[-87.589139,37.995082],[-87.589167,37.994906],[-87.589234,37.994555],[-87.589331,37.994137],[-87.589574,37.993564],[-87.589858,37.993043],[-87.590203,37.992466],[-87.590352,37.992246],[-87.590643,37.991844],[-87.590836,37.991601],[-87.59179,37.990474],[-87.592208,37.989963],[-87.592491,37.989519],[-87.592591,37.989246],[-87.592624,37.988964],[-87.592636,37.988751],[-87.592631,37.98843],[-87.59259,37.988291],[-87.592549,37.98819],[-87.592482,37.988057],[-87.592405,37.98797],[-87.592314,37.987891],[-87.592175,37.987799],[-87.591809,37.98762],[-87.591417,37.988364],[-87.591256,37.98863],[-87.591091,37.988852],[-87.59094,37.989022],[-87.590627,37.989317],[-87.590552,37.989271],[-87.590466,37.989265],[-87.590404,37.989349],[-87.590295,37.989591],[-87.590186,37.989683],[-87.589968,37.989844],[-87.589839,37.989925],[-87.587526,37.991164],[-87.587325,37.991263],[-87.586728,37.991506],[-87.586314,37.991708],[-87.586063,37.991807],[-87.585806,37.991897],[-87.585514,37.991981],[-87.584945,37.992128],[-87.584531,37.992221],[-87.584063,37.992304],[-87.583592,37.992346],[-87.583309,37.992355],[-87.580795,37.992327],[-87.579067,37.99229],[-87.577828,37.992291],[-87.574725,37.992255],[-87.574708,37.993049]]]}},{"type":"Feature","properties":{"NAME":"WARD 06 PRECINCT 02","WARD_PRECINCT":"6-02","CONGRESS":"08","SENATE":"49","HOUSE":"77","COMMISSION":"03","CO_COUNCIL":"01","TOWNSHIP":"PIGEON","ChangedPrecincts":"NO","OldPrecinctName":"WARD 06 PRECINCT 02"},"geometry":{"type":"Polygon","coordinates":[[[-87.583309,37.992355],[-87.583592,37.992346],[-87.584063,37.992304],[-87.584531,37.992221],[-87.584945,37.992128],[-87.585514,37.991981],[-87.585806,37.991897],[-87.586063,37.991807],[-87.586314,37.991708],[-87.586728,37.991506],[-87.587325,37.991263],[-87.587526,37.991164],[-87.589839,37.989925],[-87.589968,37.989844],[-87.590186,37.989683],[-87.590295,37.989591],[-87.590404,37.989349],[-87.590466,37.989265],[-87.590552,37.989271],[-87.590627,37.989317],[-87.590752,37.989206],[-87.59094,37.989022],[-87.591091,37.988852],[-87.591256,37.98863],[-87.591417,37.988364],[-87.591809,37.98762],[-87.5916,37.987516],[-87.591443,37.987387],[-87.59136,37.987302],[-87.591245,37.987149],[-87.591159,37.986984],[-87.590775,37.986035],[-87.590719,37.985937],[-87.590538,37.985569],[-87.589406,37.985558],[-87.58818,37.985533],[-87.581264,37.985467],[-87.581095,37.985459],[-87.581113,37.984932],[-87.579409,37.984901],[-87.577747,37.984881],[-87.574958,37.984874],[-87.574901,37.985878],[-87.574725,37.992255],[-87.577828,37.992291],[-87.579067,37.99229],[-87.580795,37.992327],[-87.583309,37.992355]]]}},{"type":"Feature","properties":{"NAME":"WARD 06 PRECINCT 03","WARD_PRECINCT":"6-03","CONGRESS":"08","SENATE":"49","HOUSE":"77","COMMISSION":"03","CO_COUNCIL":"03","TOWNSHIP":"PIGEON","ChangedPrecincts":"NO","OldPrecinctName":"WARD 06 PRECINCT 03"},"geometry":{"type":"Polygon","coordinates":[[[-87.571,37.985738],[-87.570939,37.988473],[-87.570918,37.98901],[-87.570903,37.989879],[-87.570884,37.990311],[-87.571321,37.990315],[-87.572252,37.990345],[-87.573626,37.990375],[-87.57361,37.991284],[-87.574752,37.99131],[-87.574901,37.985878],[-87.574958,37.984874],[-87.577747,37.984881],[-87.579409,37.984901],[-87.581113,37.984932],[-87.581095,37.985459],[-87.581264,37.985467],[-87.58818,37.985533],[-87.589406,37.985558],[-87.590538,37.985569],[-87.590118,37.984783],[-87.589914,37.984347],[-87.589867,37.984286],[-87.589832,37.984221],[-87.589792,37.984119],[-87.589727,37.983912],[-87.589526,37.983182],[-87.589485,37.983118],[-87.589418,37.982948],[-87.589401,37.982807],[-87.589396,37.982629],[-87.589415,37.982524],[-87.589413,37.982453],[-87.589326,37.982139],[-87.58913,37.98174],[-87.588982,37.981479],[-87.588834,37.981299],[-87.588748,37.981216],[-87.588715,37.98115],[-87.588531,37.980904],[-87.5882,37.980519],[-87.588095,37.98036],[-87.587922,37.98015],[-87.58786,37.980097],[-87.587732,37.979909],[-87.587547,37.979705],[-87.587366,37.979545],[-87.587255,37.979432],[-87.587096,37.979215],[-87.586912,37.979012],[-87.586817,37.978891],[-87.586739,37.978723],[-87.586634,37.978052],[-87.586685,37.97759],[-87.58678,37.977207],[-87.586862,37.976929],[-87.586938,37.976762],[-87.587043,37.976603],[-87.58724,37.976406],[-87.587334,37.976328],[-87.587442,37.976262],[-87.587594,37.976202],[-87.588078,37.975499],[-87.588134,37.975306],[-87.587413,37.975283],[-87.586037,37.974956],[-87.584928,37.974538],[-87.582941,37.973593],[-87.581976,37.97304],[-87.5801,37.971824],[-87.579584,37.971506],[-87.578235,37.970547],[-87.577814,37.970205],[-87.576893,37.969141],[-87.576642,37.968791],[-87.575525,37.967003],[-87.575359,37.966668],[-87.575258,37.966421],[-87.57459,37.967491],[-87.57444,37.967502],[-87.574425,37.967509],[-87.574369,37.967438],[-87.574252,37.967335],[-87.573856,37.967087],[-87.57373,37.967058],[-87.574189,37.967625],[-87.574075,37.96768],[-87.575607,37.969561],[-87.576559,37.970743],[-87.576788,37.971046],[-87.576923,37.971193],[-87.577162,37.971501],[-87.577347,37.971708],[-87.577489,37.971781],[-87.577588,37.971878],[-87.577753,37.972017],[-87.577903,37.972128],[-87.579158,37.972928],[-87.579394,37.973056],[-87.580585,37.973615],[-87.580786,37.97372],[-87.580871,37.973778],[-87.58095,37.973846],[-87.581044,37.973935],[-87.581129,37.974042],[-87.581228,37.974222],[-87.58126,37.974308],[-87.581291,37.974486],[-87.581271,37.976724],[-87.58125,37.977938],[-87.580414,37.977966],[-87.579943,37.97796],[-87.579448,37.977941],[-87.579038,37.977938],[-87.578648,37.977924],[-87.577737,37.977875],[-87.576994,37.977802],[-87.575574,37.977629],[-87.575312,37.977609],[-87.575396,37.977476],[-87.575084,37.977444],[-87.57502,37.977077],[-87.57478,37.97705],[-87.5746,37.977016],[-87.573789,37.976939],[-87.573512,37.976926],[-87.570772,37.976877],[-87.570788,37.976951],[-87.570818,37.977266],[-87.568534,37.977229],[-87.568488,37.979282],[-87.568459,37.981147],[-87.569646,37.981181],[-87.570749,37.981194],[-87.570714,37.982368],[-87.570701,37.983339],[-87.570624,37.983947],[-87.570627,37.984828],[-87.571035,37.984836],[-87.571,37.985738]]]}},{"type":"Feature","properties":{"NAME":"WARD 06 PRECINCT 04","WARD_PRECINCT":"6-04","CONGRESS":"08","SENATE":"49","HOUSE":"77","COMMISSION":"03","CO_COUNCIL":"01","TOWNSHIP":"PIGEON","ChangedPrecincts":"NO","OldPrecinctName":"WARD 06 PRECINCT 04"},"geometry":{"type":"Polygon","coordinates":[[[-87.589832,37.984221],[-87.589867,37.984286],[-87.589914,37.984347],[-87.589958,37.984441],[-87.590405,37.984334],[-87.590866,37.984253],[-87.591233,37.984208],[-87.591793,37.984171],[-87.592056,37.984166],[-87.593705,37.984181],[-87.597182,37.984222],[-87.597237,37.9815],[-87.597247,37.980594],[-87.598908,37.980614],[-87.598912,37.980504],[-87.600177,37.980525],[-87.600537,37.980555],[-87.600566,37.979537],[-87.600547,37.978263],[-87.600576,37.977679],[-87.600563,37.977372],[-87.600571,37.976901],[-87.600522,37.976818],[-87.60054,37.976406],[-87.600518,37.975821],[-87.600666,37.975295],[-87.600772,37.971975],[-87.600106,37.972514],[-87.598695,37.97339],[-87.597769,37.973904],[-87.596262,37.974642],[-87.596083,37.974727],[-87.59541,37.97499],[-87.594849,37.975116],[-87.593165,37.975277],[-87.591736,37.975327],[-87.589569,37.975352],[-87.588134,37.975306],[-87.588078,37.975499],[-87.587594,37.976202],[-87.587442,37.976262],[-87.587334,37.976328],[-87.58724,37.976406],[-87.587043,37.976603],[-87.586938,37.976762],[-87.586862,37.976929],[-87.58678,37.977207],[-87.586685,37.97759],[-87.586634,37.978052],[-87.586739,37.978723],[-87.586817,37.978891],[-87.586912,37.979012],[-87.587096,37.979215],[-87.587255,37.979432],[-87.587366,37.979545],[-87.587547,37.979705],[-87.587732,37.979909],[-87.58786,37.980097],[-87.587922,37.98015],[-87.588095,37.98036],[-87.5882,37.980519],[-87.588531,37.980904],[-87.588715,37.98115],[-87.588748,37.981216],[-87.588834,37.981299],[-87.588982,37.981479],[-87.58913,37.98174],[-87.589326,37.982139],[-87.589413,37.982453],[-87.589415,37.982524],[-87.589396,37.982629],[-87.589401,37.982807],[-87.589418,37.982948],[-87.589485,37.983118],[-87.589526,37.983182],[-87.589727,37.983912],[-87.589792,37.984119],[-87.589832,37.984221]]]}},{"type":"Feature","properties":{"NAME":"WARD 06 PRECINCT 05","WARD_PRECINCT":"6-05","CONGRESS":"08","SENATE":"49","HOUSE":"78","COMMISSION":"03","CO_COUNCIL":"02","TOWNSHIP":"PIGEON","ChangedPrecincts":"NO","OldPrecinctName":"WARD 06 PRECINCT 05"},"geometry":{"type":"Polygon","coordinates":[[[-87.555932,37.994643],[-87.555884,37.994767],[-87.555514,37.995546],[-87.554399,37.997947],[-87.554312,37.998153],[-87.553809,37.999496],[-87.555015,37.999522],[-87.560783,37.999603],[-87.560688,38.003416],[-87.560668,38.003974],[-87.560634,38.004069],[-87.560601,38.004125],[-87.560606,38.004144],[-87.560637,38.004179],[-87.560652,38.004215],[-87.560636,38.004886],[-87.560644,38.005055],[-87.560621,38.005259],[-87.560534,38.006998],[-87.561442,38.007212],[-87.562232,38.007375],[-87.562696,38.007373],[-87.563413,38.007355],[-87.563832,38.007118],[-87.564231,38.006686],[-87.564386,38.006242],[-87.564415,38.005508],[-87.564354,38.004386],[-87.564561,38.004011],[-87.564892,38.003718],[-87.56531,38.00355],[-87.565853,38.003464],[-87.566377,38.003364],[-87.566743,38.003127],[-87.566986,38.002821],[-87.567089,38.002543],[-87.56701,38.001941],[-87.566906,38.001472],[-87.566705,38.001019],[-87.566384,38.000519],[-87.566261,38.000048],[-87.566341,37.999758],[-87.566249,37.999339],[-87.566258,37.999101],[-87.56636,37.998554],[-87.566394,37.997936],[-87.566404,37.997358],[-87.566433,37.996771],[-87.566464,37.996502],[-87.566579,37.996259],[-87.566828,37.995971],[-87.567326,37.995527],[-87.568257,37.994764],[-87.56859,37.994612],[-87.568812,37.994532],[-87.569079,37.994469],[-87.570083,37.994473],[-87.570373,37.994463],[-87.570684,37.994426],[-87.571052,37.994345],[-87.571619,37.994174],[-87.572169,37.993995],[-87.572559,37.993923],[-87.572983,37.99393],[-87.573229,37.994008],[-87.573587,37.994271],[-87.57406,37.994789],[-87.574263,37.995079],[-87.574634,37.995391],[-87.574708,37.993049],[-87.574752,37.99131],[-87.57361,37.991284],[-87.573626,37.990375],[-87.572252,37.990345],[-87.571321,37.990315],[-87.570884,37.990311],[-87.570903,37.989879],[-87.570918,37.98901],[-87.570939,37.988473],[-87.567957,37.988427],[-87.567421,37.988425],[-87.566052,37.988402],[-87.565661,37.988388],[-87.565592,37.991209],[-87.565413,37.991203],[-87.564239,37.991202],[-87.563675,37.99121],[-87.560999,37.991203],[-87.560985,37.99175],[-87.560982,37.992447],[-87.560901,37.992134],[-87.560041,37.992118],[-87.559889,37.992127],[-87.559849,37.992068],[-87.557126,37.992079],[-87.557048,37.99225],[-87.556625,37.992245],[-87.556612,37.993183],[-87.555932,37.994643]]]}},{"type":"Feature","properties":{"NAME":"WARD 06 PRECINCT 07","WARD_PRECINCT":"6-07","CONGRESS":"08","SENATE":"49","HOUSE":"76","COMMISSION":"03","CO_COUNCIL":"01","TOWNSHIP":"PERRY","ChangedPrecincts":"NO","OldPrecinctName":"WARD 06 PRECINCT 07"},"geometry":{"type":"Polygon","coordinates":[[[-87.625746,37.967924],[-87.62574,37.968024],[-87.625751,37.968483],[-87.625745,37.969898],[-87.625729,37.970882],[-87.62574,37.971419],[-87.625716,37.971623],[-87.626813,37.971662],[-87.627594,37.971706],[-87.628701,37.971735],[-87.629821,37.971791],[-87.633073,37.971909],[-87.633057,37.972215],[-87.633063,37.972448],[-87.633076,37.972539],[-87.633134,37.972738],[-87.63319,37.972878],[-87.633244,37.972988],[-87.63331,37.973097],[-87.633442,37.973281],[-87.633653,37.973497],[-87.633827,37.973637],[-87.633929,37.973708],[-87.634167,37.973852],[-87.634412,37.973977],[-87.634686,37.974101],[-87.634785,37.974141],[-87.635153,37.974263],[-87.635904,37.974476],[-87.636244,37.97458],[-87.636369,37.974629],[-87.636552,37.974725],[-87.636631,37.974782],[-87.636756,37.974905],[-87.636853,37.975038],[-87.636946,37.974312],[-87.637056,37.97208],[-87.637094,37.969971],[-87.637137,37.969354],[-87.637118,37.968556],[-87.63718,37.968175],[-87.637165,37.968015],[-87.637186,37.966795],[-87.637197,37.965415],[-87.637193,37.965055],[-87.637335,37.959592],[-87.63536,37.959945],[-87.635174,37.959972],[-87.634484,37.960046],[-87.633122,37.960098],[-87.632677,37.960131],[-87.632018,37.960205],[-87.630595,37.960446],[-87.630058,37.960527],[-87.629874,37.960545],[-87.629538,37.960564],[-87.629349,37.960565],[-87.628984,37.960552],[-87.627807,37.960402],[-87.627523,37.960379],[-87.627087,37.960364],[-87.627087,37.961335],[-87.627055,37.962105],[-87.627036,37.9628],[-87.625835,37.962769],[-87.625877,37.961274],[-87.62589,37.960559],[-87.625879,37.960445],[-87.624877,37.960544],[-87.624424,37.960601],[-87.624167,37.960644],[-87.623847,37.960711],[-87.623513,37.960797],[-87.623752,37.961182],[-87.624058,37.961923],[-87.624107,37.961989],[-87.624142,37.962061],[-87.624149,37.962138],[-87.624128,37.962302],[-87.624073,37.962374],[-87.624017,37.962407],[-87.623948,37.962412],[-87.623857,37.962407],[-87.623739,37.962385],[-87.623503,37.96238],[-87.62333,37.962418],[-87.623205,37.962473],[-87.62306,37.962556],[-87.622685,37.962715],[-87.6217,37.96304],[-87.621374,37.963172],[-87.621173,37.963271],[-87.62102,37.963381],[-87.620881,37.963496],[-87.62077,37.963656],[-87.620653,37.964084],[-87.620584,37.964524],[-87.620542,37.965007],[-87.620467,37.966304],[-87.620344,37.967579],[-87.621446,37.967771],[-87.621677,37.967772],[-87.62213,37.967794],[-87.623466,37.96782],[-87.624395,37.96785],[-87.624818,37.967848],[-87.625358,37.967873],[-87.625741,37.967859],[-87.625746,37.967924]]]}},{"type":"Feature","properties":{"NAME":"WARD 06 PRECINCT 08","WARD_PRECINCT":"6-08","CONGRESS":"08","SENATE":"49","HOUSE":"77","COMMISSION":"03","CO_COUNCIL":"01","TOWNSHIP":"PIGEON","ChangedPrecincts":"NO","OldPrecinctName":"WARD 06 PRECINCT 08"},"geometry":{"type":"Polygon","coordinates":[[[-87.60316,37.967657],[-87.60229,37.969758],[-87.601737,37.970782],[-87.601396,37.971313],[-87.600772,37.971975],[-87.600666,37.975295],[-87.600518,37.975821],[-87.60054,37.976406],[-87.600522,37.976818],[-87.600571,37.976901],[-87.600563,37.977372],[-87.600576,37.977679],[-87.600547,37.978263],[-87.600549,37.978432],[-87.607901,37.978524],[-87.609729,37.978556],[-87.60976,37.977053],[-87.609779,37.9765],[-87.609777,37.97619],[-87.609803,37.975814],[-87.6099,37.971522],[-87.609948,37.970212],[-87.60997,37.969193],[-87.610134,37.963427],[-87.610146,37.9632],[-87.609925,37.963296],[-87.609709,37.963418],[-87.609566,37.963521],[-87.609439,37.963635],[-87.609311,37.963777],[-87.609119,37.964061],[-87.608407,37.965173],[-87.608076,37.965715],[-87.608022,37.965776],[-87.607827,37.966084],[-87.607822,37.966102],[-87.607759,37.966161],[-87.607649,37.966358],[-87.607487,37.966593],[-87.607429,37.966735],[-87.607391,37.966804],[-87.607217,37.967075],[-87.603373,37.966938],[-87.60316,37.967657]]]}},{"type":"Feature","properties":{"NAME":"WARD 06 PRECINCT 09","WARD_PRECINCT":"6-09","CONGRESS":"08","SENATE":"49","HOUSE":"76","COMMISSION":"03","CO_COUNCIL":"01","TOWNSHIP":"PERRY","ChangedPrecincts":"NO","OldPrecinctName":"WARD 06 PRECINCT 09"},"geometry":{"type":"Polygon","coordinates":[[[-87.61129,37.97132],[-87.61348,37.971332],[-87.614647,37.971348],[-87.618461,37.971363],[-87.619083,37.97137],[-87.620653,37.971425],[-87.620624,37.971359],[-87.620568,37.971034],[-87.620533,37.970947],[-87.620408,37.970732],[-87.620346,37.970601],[-87.620325,37.970491],[-87.620318,37.970271],[-87.620324,37.970183],[-87.620276,37.969694],[-87.620254,37.9687],[-87.620274,37.968211],[-87.620357,37.967463],[-87.620467,37.966304],[-87.620542,37.965007],[-87.620584,37.964524],[-87.620653,37.964084],[-87.62077,37.963656],[-87.620881,37.963496],[-87.62102,37.963381],[-87.621173,37.963271],[-87.621374,37.963172],[-87.6217,37.96304],[-87.622685,37.962715],[-87.62306,37.962556],[-87.623205,37.962473],[-87.62333,37.962418],[-87.623503,37.96238],[-87.623739,37.962385],[-87.623857,37.962407],[-87.623948,37.962412],[-87.624017,37.962407],[-87.624073,37.962374],[-87.624128,37.962302],[-87.624149,37.962138],[-87.624142,37.962061],[-87.624107,37.961989],[-87.624058,37.961923],[-87.623752,37.961182],[-87.623513,37.960797],[-87.62319,37.960391],[-87.623058,37.960259],[-87.622689,37.959831],[-87.622474,37.959611],[-87.622412,37.95949],[-87.622398,37.959369],[-87.622404,37.959045],[-87.62246,37.95893],[-87.622723,37.958705],[-87.622924,37.958496],[-87.623188,37.958287],[-87.623257,37.958199],[-87.623326,37.958045],[-87.623368,37.957913],[-87.623375,37.957605],[-87.62336,37.957424],[-87.623187,37.957078],[-87.623166,37.956919],[-87.623131,37.956798],[-87.622978,37.956655],[-87.622777,37.956562],[-87.622548,37.956534],[-87.622215,37.956524],[-87.622222,37.956326],[-87.622235,37.956238],[-87.622284,37.956194],[-87.622395,37.956166],[-87.622506,37.956166],[-87.622999,37.956281],[-87.623137,37.956287],[-87.62329,37.956254],[-87.623498,37.956193],[-87.623609,37.956122],[-87.623783,37.956001],[-87.624011,37.955803],[-87.62406,37.955737],[-87.624067,37.955655],[-87.624039,37.955578],[-87.623969,37.955495],[-87.62381,37.955364],[-87.623754,37.955298],[-87.623726,37.955226],[-87.623719,37.955122],[-87.623893,37.954891],[-87.62399,37.954726],[-87.624038,37.954567],[-87.624079,37.954166],[-87.624038,37.954072],[-87.62392,37.953935],[-87.62385,37.953809],[-87.623788,37.953649],[-87.623704,37.953507],[-87.623683,37.953413],[-87.623678,37.953353],[-87.622511,37.95332],[-87.622467,37.953325],[-87.61704,37.953167],[-87.616571,37.953447],[-87.616319,37.953607],[-87.615343,37.954299],[-87.615074,37.9545],[-87.614546,37.954937],[-87.613634,37.955532],[-87.612879,37.95605],[-87.611977,37.956592],[-87.611569,37.956849],[-87.611187,37.957071],[-87.610283,37.957575],[-87.610258,37.957787],[-87.610248,37.958368],[-87.610255,37.958429],[-87.61024,37.95863],[-87.610242,37.958791],[-87.610252,37.958895],[-87.610173,37.962377],[-87.610134,37.963427],[-87.60997,37.969193],[-87.609948,37.970212],[-87.609908,37.971335],[-87.61129,37.97132]]]}},{"type":"Feature","properties":{"NAME":"WARD 06 PRECINCT 11","WARD_PRECINCT":"6-11","CONGRESS":"08","SENATE":"49","HOUSE":"76","COMMISSION":"03","CO_COUNCIL":"01","TOWNSHIP":"PERRY","ChangedPrecincts":"NO","OldPrecinctName":"WARD 06 PRECINCT 11"},"geometry":{"type":"Polygon","coordinates":[[[-87.619582,37.976449],[-87.621002,37.977629],[-87.622402,37.978813],[-87.627835,37.979028],[-87.629466,37.97912],[-87.631406,37.979254],[-87.632322,37.979275],[-87.63683,37.979547],[-87.63687,37.979201],[-87.636907,37.978615],[-87.636949,37.978317],[-87.636951,37.978012],[-87.636979,37.977187],[-87.636969,37.976708],[-87.636936,37.976409],[-87.636934,37.975449],[-87.636906,37.975187],[-87.636878,37.975088],[-87.636811,37.974973],[-87.636699,37.974843],[-87.636631,37.974782],[-87.636476,37.974681],[-87.636244,37.97458],[-87.635904,37.974476],[-87.635153,37.974263],[-87.634785,37.974141],[-87.634686,37.974101],[-87.634412,37.973977],[-87.634167,37.973852],[-87.633929,37.973708],[-87.633827,37.973637],[-87.633653,37.973497],[-87.633442,37.973281],[-87.63331,37.973097],[-87.633244,37.972988],[-87.63319,37.972878],[-87.633134,37.972738],[-87.633076,37.972539],[-87.633063,37.972448],[-87.633057,37.972215],[-87.633073,37.971909],[-87.629821,37.971791],[-87.628701,37.971735],[-87.627594,37.971706],[-87.626813,37.971662],[-87.625716,37.971623],[-87.62574,37.971419],[-87.625729,37.970882],[-87.625745,37.969898],[-87.625751,37.968483],[-87.625741,37.967859],[-87.625358,37.967873],[-87.624818,37.967848],[-87.624395,37.96785],[-87.623466,37.96782],[-87.62213,37.967794],[-87.621677,37.967772],[-87.621446,37.967771],[-87.620344,37.967579],[-87.620274,37.968211],[-87.620254,37.9687],[-87.620276,37.969694],[-87.620324,37.970183],[-87.620318,37.970271],[-87.620325,37.970491],[-87.620346,37.970601],[-87.620408,37.970732],[-87.620533,37.970947],[-87.620568,37.971034],[-87.620624,37.971359],[-87.620653,37.971425],[-87.619083,37.97137],[-87.618461,37.971363],[-87.614647,37.971348],[-87.61348,37.971332],[-87.61129,37.97132],[-87.609908,37.971335],[-87.609803,37.975814],[-87.609777,37.97619],[-87.609779,37.9765],[-87.60976,37.977053],[-87.609742,37.978059],[-87.61028,37.977965],[-87.612367,37.977565],[-87.612919,37.977477],[-87.613138,37.977462],[-87.613444,37.977449],[-87.614093,37.977446],[-87.618931,37.977513],[-87.61893,37.977605],[-87.619554,37.977612],[-87.619569,37.977408],[-87.619582,37.976449]]]}},{"type":"Feature","properties":{"NAME":"WARD 06 PRECINCT 12","WARD_PRECINCT":"6-12","CONGRESS":"08","SENATE":"49","HOUSE":"76","COMMISSION":"03","CO_COUNCIL":"01","TOWNSHIP":"PERRY","ChangedPrecincts":"NO","OldPrecinctName":"WARD 06 PRECINCT 12"},"geometry":{"type":"Polygon","coordinates":[[[-87.62589,37.960559],[-87.625835,37.962769],[-87.627036,37.9628],[-87.627055,37.962105],[-87.627087,37.961335],[-87.627087,37.960364],[-87.627523,37.960379],[-87.627807,37.960402],[-87.628984,37.960552],[-87.629349,37.960565],[-87.629538,37.960564],[-87.629874,37.960545],[-87.630058,37.960527],[-87.630595,37.960446],[-87.632018,37.960205],[-87.632677,37.960131],[-87.633122,37.960098],[-87.634484,37.960046],[-87.635174,37.959972],[-87.63536,37.959945],[-87.637335,37.959592],[-87.637367,37.958681],[-87.637385,37.957754],[-87.637431,37.95629],[-87.637484,37.955084],[-87.63753,37.95424],[-87.637545,37.953758],[-87.635853,37.953692],[-87.634179,37.953644],[-87.633892,37.953645],[-87.623678,37.953353],[-87.623683,37.953413],[-87.623704,37.953507],[-87.623788,37.953649],[-87.62385,37.953809],[-87.62392,37.953935],[-87.624038,37.954072],[-87.624079,37.954166],[-87.624038,37.954567],[-87.62399,37.954726],[-87.623893,37.954891],[-87.623719,37.955122],[-87.623726,37.955226],[-87.623754,37.955298],[-87.62381,37.955364],[-87.623969,37.955495],[-87.624039,37.955578],[-87.624067,37.955655],[-87.62406,37.955737],[-87.624011,37.955803],[-87.623783,37.956001],[-87.623609,37.956122],[-87.623498,37.956193],[-87.62329,37.956254],[-87.623137,37.956287],[-87.622999,37.956281],[-87.622506,37.956166],[-87.622395,37.956166],[-87.622284,37.956194],[-87.622235,37.956238],[-87.622222,37.956326],[-87.622215,37.956524],[-87.622548,37.956534],[-87.622777,37.956562],[-87.622978,37.956655],[-87.623131,37.956798],[-87.623166,37.956919],[-87.623187,37.957078],[-87.62336,37.957424],[-87.623375,37.957605],[-87.623368,37.957913],[-87.623326,37.958045],[-87.623257,37.958199],[-87.623188,37.958287],[-87.622924,37.958496],[-87.622723,37.958705],[-87.62246,37.95893],[-87.622404,37.959045],[-87.622398,37.959369],[-87.622412,37.95949],[-87.622474,37.959611],[-87.622689,37.959831],[-87.623058,37.960259],[-87.62319,37.960391],[-87.623513,37.960797],[-87.623847,37.960711],[-87.624167,37.960644],[-87.624424,37.960601],[-87.624877,37.960544],[-87.625879,37.960445],[-87.62589,37.960559]]]}},{"type":"Feature","properties":{"NAME":"WARD 06 PRECINCT 13","WARD_PRECINCT":"6-13","CONGRESS":"08","SENATE":"49","HOUSE":"76","COMMISSION":"03","CO_COUNCIL":"01","TOWNSHIP":"PERRY","ChangedPrecincts":"NO","OldPrecinctName":"WARD 06 PRECINCT 13"},"geometry":{"type":"Polygon","coordinates":[[[-87.613444,37.977449],[-87.612919,37.977477],[-87.612367,37.977565],[-87.61028,37.977965],[-87.609742,37.978059],[-87.609672,37.980391],[-87.609664,37.981003],[-87.609629,37.982194],[-87.610454,37.982215],[-87.611629,37.982225],[-87.612198,37.982243],[-87.615308,37.982284],[-87.616888,37.982317],[-87.617621,37.982318],[-87.618253,37.982336],[-87.618537,37.982352],[-87.618625,37.98236],[-87.61848,37.982494],[-87.618401,37.982554],[-87.618293,37.982597],[-87.618335,37.982642],[-87.619367,37.983001],[-87.619379,37.982543],[-87.619438,37.981752],[-87.619451,37.980657],[-87.619527,37.978685],[-87.619539,37.978209],[-87.619522,37.978049],[-87.619554,37.977612],[-87.61893,37.977605],[-87.618931,37.977513],[-87.616585,37.977485],[-87.614465,37.97745],[-87.613444,37.977449]]]}},{"type":"Feature","properties":{"NAME":"WARD 06 PRECINCT 14","WARD_PRECINCT":"6-14","CONGRESS":"08","SENATE":"49","HOUSE":"76","COMMISSION":"03","CO_COUNCIL":"01","TOWNSHIP":"PERRY","ChangedPrecincts":"NO","OldPrecinctName":"WARD 06 PRECINCT 14"},"geometry":{"type":"Polygon","coordinates":[[[-87.612125,37.991172],[-87.612349,37.991201],[-87.612835,37.991287],[-87.613063,37.991315],[-87.613176,37.991317],[-87.613373,37.991305],[-87.613558,37.991269],[-87.613735,37.991221],[-87.613813,37.991192],[-87.613989,37.991108],[-87.614081,37.991054],[-87.614295,37.990901],[-87.614414,37.990801],[-87.614714,37.990514],[-87.614268,37.990099],[-87.614035,37.9899],[-87.61315,37.989186],[-87.612995,37.989046],[-87.612838,37.988867],[-87.612662,37.988618],[-87.612566,37.988439],[-87.612436,37.98812],[-87.612368,37.987845],[-87.612344,37.987677],[-87.612338,37.987453],[-87.612507,37.987434],[-87.615238,37.98724],[-87.615231,37.987061],[-87.615282,37.985391],[-87.615278,37.985237],[-87.615266,37.985195],[-87.615823,37.985096],[-87.615703,37.984162],[-87.615643,37.983763],[-87.615625,37.983715],[-87.615597,37.983671],[-87.617432,37.982904],[-87.618149,37.982651],[-87.618401,37.982554],[-87.61848,37.982494],[-87.618625,37.98236],[-87.618253,37.982336],[-87.617621,37.982318],[-87.616888,37.982317],[-87.615308,37.982284],[-87.612198,37.982243],[-87.611629,37.982225],[-87.610454,37.982215],[-87.609629,37.982194],[-87.609664,37.981003],[-87.604938,37.980931],[-87.604792,37.980934],[-87.605969,37.982139],[-87.606254,37.982355],[-87.606391,37.982431],[-87.606327,37.982591],[-87.606215,37.982975],[-87.606114,37.983268],[-87.606032,37.983271],[-87.605511,37.983161],[-87.605455,37.983155],[-87.605361,37.983161],[-87.605274,37.98318],[-87.605165,37.983225],[-87.605116,37.983254],[-87.605043,37.983329],[-87.605017,37.983373],[-87.604992,37.983447],[-87.604956,37.983701],[-87.604891,37.984329],[-87.6049,37.984424],[-87.604946,37.98467],[-87.605023,37.984961],[-87.605047,37.985085],[-87.605051,37.985213],[-87.605024,37.985835],[-87.604908,37.985834],[-87.604899,37.985965],[-87.604881,37.9865],[-87.604863,37.987744],[-87.604868,37.9878],[-87.604929,37.987902],[-87.605006,37.987956],[-87.605374,37.988092],[-87.606578,37.988562],[-87.607404,37.988867],[-87.607532,37.98892],[-87.607766,37.989048],[-87.607875,37.98912],[-87.608091,37.989294],[-87.608236,37.989452],[-87.608421,37.989698],[-87.608531,37.98983],[-87.608982,37.990458],[-87.609075,37.990564],[-87.609218,37.990696],[-87.609366,37.990802],[-87.609521,37.9909],[-87.609638,37.990961],[-87.610002,37.991097],[-87.610139,37.991133],[-87.61045,37.991183],[-87.610751,37.991198],[-87.61146,37.991148],[-87.611683,37.991145],[-87.612125,37.991172]]]}},{"type":"Feature","properties":{"NAME":"WARD 06 PRECINCT 15","WARD_PRECINCT":"6-15","CONGRESS":"08","SENATE":"49","HOUSE":"77","COMMISSION":"03","CO_COUNCIL":"01","TOWNSHIP":"PIGEON","ChangedPrecincts":"NO","OldPrecinctName":"WARD 06 PRECINCT 15"},"geometry":{"type":"Polygon","coordinates":[[[-87.593099,38.000204],[-87.594728,38.000233],[-87.599164,38.00044],[-87.599332,38.000525],[-87.599691,38.000662],[-87.60001,38.000697],[-87.600012,38.000191],[-87.60007,37.998671],[-87.600106,37.997387],[-87.600147,37.996704],[-87.600163,37.996242],[-87.6002,37.995678],[-87.600253,37.994479],[-87.60033,37.992416],[-87.600426,37.988332],[-87.600503,37.983348],[-87.600531,37.982085],[-87.600548,37.980824],[-87.600537,37.980555],[-87.600177,37.980525],[-87.598912,37.980504],[-87.598908,37.980614],[-87.597247,37.980594],[-87.597237,37.9815],[-87.597182,37.984222],[-87.593705,37.984181],[-87.592056,37.984166],[-87.591793,37.984171],[-87.591233,37.984208],[-87.590866,37.984253],[-87.590405,37.984334],[-87.589958,37.984441],[-87.590118,37.984783],[-87.590473,37.985438],[-87.590719,37.985937],[-87.590775,37.986035],[-87.591159,37.986984],[-87.591245,37.987149],[-87.591287,37.987212],[-87.59136,37.987302],[-87.591443,37.987387],[-87.5916,37.987516],[-87.592175,37.987799],[-87.592314,37.987891],[-87.592405,37.98797],[-87.592482,37.988057],[-87.592549,37.98819],[-87.59259,37.988291],[-87.592631,37.98843],[-87.592636,37.988751],[-87.592624,37.988964],[-87.592591,37.989246],[-87.592491,37.989519],[-87.592208,37.989963],[-87.59179,37.990474],[-87.590836,37.991601],[-87.590643,37.991844],[-87.590352,37.992246],[-87.590203,37.992466],[-87.589858,37.993043],[-87.589574,37.993564],[-87.589331,37.994137],[-87.589234,37.994555],[-87.589139,37.995082],[-87.589117,37.99533],[-87.589151,37.995647],[-87.589224,37.996068],[-87.589347,37.996611],[-87.589451,37.996616],[-87.589576,37.996676],[-87.590187,37.996775],[-87.591166,37.996994],[-87.591992,37.997263],[-87.592263,37.997335],[-87.592652,37.99756],[-87.593152,37.998142],[-87.59343,37.998603],[-87.593555,37.998724],[-87.593881,37.998938],[-87.594589,37.999306],[-87.594805,37.999444],[-87.594888,37.999531],[-87.594937,37.999619],[-87.594958,37.999724],[-87.59491,38.000016],[-87.594875,38.000082],[-87.59482,38.000126],[-87.59475,38.00017],[-87.594667,38.000181],[-87.594542,38.000159],[-87.594403,38.000082],[-87.594352,38.00004],[-87.59418,37.999828],[-87.594138,37.999614],[-87.594083,37.999526],[-87.594013,37.99946],[-87.593937,37.999427],[-87.593826,37.999422],[-87.593527,37.999444],[-87.593298,37.999433],[-87.592909,37.999356],[-87.592639,37.999318],[-87.59225,37.999329],[-87.592111,37.999362],[-87.592034,37.999406],[-87.592,37.999461],[-87.592034,37.99951],[-87.592153,37.999565],[-87.592618,37.99968],[-87.592771,37.99973],[-87.59284,37.999768],[-87.592965,37.999873],[-87.593021,37.999944],[-87.59309,38.000098],[-87.593099,38.000204]]]}},{"type":"Feature","properties":{"NAME":"WARD 06 PRECINCT 16","WARD_PRECINCT":"6-16","CONGRESS":"08","SENATE":"49","HOUSE":"77","COMMISSION":"03","CO_COUNCIL":"01","TOWNSHIP":"PERRY","ChangedPrecincts":"NO","OldPrecinctName":"WARD 06 PRECINCT 16"},"geometry":{"type":"Polygon","coordinates":[[[-87.602165,38.000748],[-87.60281,38.00076],[-87.602877,38.00078],[-87.603187,38.000969],[-87.603764,38.001349],[-87.604576,38.002023],[-87.605289,38.002415],[-87.605708,38.002586],[-87.606774,38.002873],[-87.607347,38.002982],[-87.608057,38.003084],[-87.60872,38.003149],[-87.608915,38.003161],[-87.610204,38.003187],[-87.61027,38.002158],[-87.610244,38.001917],[-87.610216,38.001813],[-87.610149,38.001663],[-87.61009,38.001561],[-87.609957,38.001386],[-87.609121,38.00049],[-87.608924,38.000265],[-87.608784,38.000089],[-87.608642,37.999874],[-87.608009,37.998801],[-87.607793,37.998468],[-87.608034,37.998301],[-87.608273,37.998121],[-87.609732,37.996956],[-87.613711,37.997042],[-87.613714,37.998842],[-87.614327,37.998834],[-87.614369,37.99884],[-87.61455,37.998836],[-87.614629,37.998826],[-87.618224,37.998929],[-87.618243,37.997786],[-87.618325,37.994978],[-87.618093,37.99508],[-87.616814,37.995699],[-87.616648,37.995771],[-87.616511,37.995803],[-87.616489,37.995752],[-87.616413,37.995472],[-87.616277,37.994907],[-87.61608,37.993906],[-87.615921,37.993004],[-87.615836,37.992578],[-87.615688,37.99199],[-87.615607,37.991719],[-87.615556,37.991591],[-87.615476,37.99144],[-87.615283,37.991114],[-87.615141,37.990923],[-87.615038,37.990809],[-87.614714,37.990514],[-87.614414,37.990801],[-87.614295,37.990901],[-87.614081,37.991054],[-87.613989,37.991108],[-87.613813,37.991192],[-87.613735,37.991221],[-87.613558,37.991269],[-87.613373,37.991305],[-87.613176,37.991317],[-87.613063,37.991315],[-87.612835,37.991287],[-87.612349,37.991201],[-87.612125,37.991172],[-87.611683,37.991145],[-87.61146,37.991148],[-87.610751,37.991198],[-87.61045,37.991183],[-87.610139,37.991133],[-87.610002,37.991097],[-87.609638,37.990961],[-87.609521,37.9909],[-87.609366,37.990802],[-87.609218,37.990696],[-87.609075,37.990564],[-87.608982,37.990458],[-87.608531,37.98983],[-87.608421,37.989698],[-87.608236,37.989452],[-87.608091,37.989294],[-87.607875,37.98912],[-87.607766,37.989048],[-87.607532,37.98892],[-87.607404,37.988867],[-87.606578,37.988562],[-87.605374,37.988092],[-87.605006,37.987956],[-87.604929,37.987902],[-87.604868,37.9878],[-87.604863,37.987744],[-87.604881,37.9865],[-87.604908,37.985834],[-87.605024,37.985835],[-87.605051,37.985213],[-87.605047,37.985085],[-87.605023,37.984961],[-87.604946,37.98467],[-87.6049,37.984424],[-87.604891,37.984329],[-87.604956,37.983701],[-87.604992,37.983447],[-87.605017,37.983373],[-87.605043,37.983329],[-87.605116,37.983254],[-87.605165,37.983225],[-87.605274,37.98318],[-87.605361,37.983161],[-87.605455,37.983155],[-87.605511,37.983161],[-87.606032,37.983271],[-87.606114,37.983268],[-87.606215,37.982975],[-87.606327,37.982591],[-87.606391,37.982431],[-87.606254,37.982355],[-87.605969,37.982139],[-87.604792,37.980934],[-87.604938,37.980931],[-87.609664,37.981003],[-87.609672,37.980391],[-87.609729,37.978556],[-87.607901,37.978524],[-87.600549,37.978432],[-87.600566,37.979537],[-87.600537,37.980555],[-87.600548,37.980824],[-87.600531,37.982085],[-87.600503,37.983348],[-87.600426,37.988332],[-87.600364,37.991048],[-87.60033,37.992416],[-87.600253,37.994479],[-87.6002,37.995678],[-87.600163,37.996242],[-87.600147,37.996704],[-87.600106,37.997387],[-87.60007,37.998671],[-87.600012,38.000191],[-87.60001,38.000697],[-87.600154,38.000716],[-87.600295,38.000723],[-87.601846,38.000757],[-87.602165,38.000748]]]}},{"type":"Feature","properties":{"NAME":"WARD 06 PRECINCT 17","WARD_PRECINCT":"6-17","CONGRESS":"08","SENATE":"49","HOUSE":"76","COMMISSION":"03","CO_COUNCIL":"01","TOWNSHIP":"PERRY","ChangedPrecincts":"NO","OldPrecinctName":"WARD 06 PRECINCT 17"},"geometry":{"type":"Polygon","coordinates":[[[-87.615921,37.993004],[-87.61608,37.993906],[-87.616277,37.994907],[-87.616413,37.995472],[-87.616489,37.995752],[-87.616511,37.995803],[-87.616648,37.995771],[-87.616814,37.995699],[-87.618093,37.99508],[-87.618543,37.994885],[-87.620445,37.994226],[-87.62075,37.994145],[-87.620975,37.994096],[-87.622664,37.993783],[-87.622796,37.993736],[-87.623175,37.993496],[-87.62333,37.993433],[-87.623809,37.993266],[-87.625027,37.992809],[-87.625414,37.992673],[-87.625518,37.992658],[-87.625585,37.992658],[-87.625881,37.992701],[-87.626207,37.992721],[-87.626464,37.992713],[-87.626644,37.992683],[-87.626709,37.992652],[-87.626754,37.992614],[-87.626813,37.992528],[-87.626828,37.992455],[-87.626817,37.992387],[-87.626892,37.992339],[-87.626941,37.992321],[-87.627021,37.992308],[-87.62707,37.992313],[-87.627152,37.992339],[-87.627209,37.992369],[-87.627268,37.992416],[-87.627313,37.992464],[-87.627465,37.992691],[-87.627497,37.992491],[-87.627577,37.988263],[-87.627617,37.98668],[-87.625383,37.985899],[-87.624563,37.985572],[-87.624075,37.985327],[-87.623866,37.985201],[-87.623323,37.984851],[-87.623086,37.984726],[-87.622776,37.984597],[-87.621958,37.984298],[-87.621728,37.984185],[-87.621434,37.984016],[-87.620919,37.983669],[-87.620773,37.983586],[-87.620405,37.983401],[-87.619865,37.983181],[-87.618335,37.982642],[-87.618293,37.982597],[-87.617432,37.982904],[-87.615597,37.983671],[-87.615625,37.983715],[-87.615643,37.983763],[-87.615703,37.984162],[-87.615823,37.985096],[-87.615266,37.985195],[-87.615278,37.985237],[-87.615282,37.985391],[-87.615231,37.987061],[-87.615238,37.98724],[-87.612507,37.987434],[-87.612338,37.987453],[-87.612344,37.987677],[-87.612368,37.987845],[-87.612403,37.987999],[-87.612436,37.98812],[-87.61248,37.988241],[-87.612566,37.988439],[-87.612662,37.988618],[-87.612838,37.988867],[-87.612995,37.989046],[-87.61315,37.989186],[-87.614035,37.9899],[-87.614497,37.990307],[-87.615038,37.990809],[-87.615141,37.990923],[-87.615283,37.991114],[-87.615476,37.99144],[-87.615556,37.991591],[-87.615607,37.991719],[-87.615688,37.99199],[-87.615836,37.992578],[-87.615921,37.993004]]]}}]}